fips,in_labor_force,not_in_labor_force,employed,unemployed,in_armed_forces
1,162184325.0,93613367.0,150599165.0,10560305.0,1024855.0
42,6523666.0,3896305.0,6096977.0,422016.0,4673.0
42101,751072.0,508837.0,665765.0,85059.0,248.0
42101024400,1224.0,1209.0,987.0,237.0,0.0
42101035900,2742.0,1849.0,2591.0,151.0,0.0
42101036201,2584.0,1467.0,2448.0,136.0,0.0
42101036202,3036.0,1805.0,2879.0,157.0,0.0
42101010600,527.0,727.0,428.0,99.0,0.0
42101024600,1070.0,1013.0,940.0,130.0,0.0
42101024900,1106.0,1008.0,949.0,157.0,0.0
42101025800,814.0,577.0,757.0,57.0,0.0
42101026500,2481.0,2089.0,2228.0,253.0,0.0
42101026700,3132.0,2102.0,2488.0,644.0,0.0
42101034000,1391.0,867.0,1293.0,98.0,0.0
42101026800,2193.0,1638.0,2108.0,85.0,0.0
42101031900,2807.0,1313.0,2553.0,254.0,0.0
42101033000,3084.0,2287.0,2571.0,513.0,0.0
42101034600,1435.0,887.0,1352.0,83.0,0.0
42101034801,2109.0,1645.0,2019.0,90.0,0.0
42101006100,1457.0,949.0,1280.0,177.0,0.0
42101008400,1800.0,1659.0,1543.0,257.0,0.0
42101009000,2128.0,3822.0,1870.0,243.0,15.0
42101010200,1155.0,1305.0,1022.0,133.0,0.0
42101010900,1030.0,978.0,919.0,111.0,0.0
42101014200,3436.0,449.0,3393.0,43.0,0.0
42101016100,3362.0,1451.0,2858.0,504.0,0.0
42101016901,1181.0,1497.0,877.0,304.0,0.0
42101017400,721.0,1061.0,510.0,211.0,0.0
42101025900,2574.0,1570.0,2124.0,450.0,0.0
42101029000,3267.0,1881.0,2950.0,317.0,0.0
42101030100,2425.0,1659.0,2015.0,393.0,17.0
42101013700,2190.0,1681.0,2008.0,182.0,0.0
42101011500,2493.0,1035.0,2167.0,326.0,0.0
42101012000,879.0,741.0,770.0,109.0,0.0
42101012100,1215.0,1468.0,1111.0,104.0,0.0
42101016600,787.0,800.0,647.0,140.0,0.0
42101017602,1389.0,1585.0,1151.0,238.0,0.0
42101017300,975.0,1190.0,934.0,41.0,0.0
42101017500,2240.0,2623.0,1657.0,583.0,0.0
42101025300,2201.0,1241.0,1848.0,348.0,5.0
42101023800,2106.0,1341.0,1945.0,161.0,0.0
42101025200,2757.0,2877.0,2428.0,329.0,0.0
42101026200,1983.0,1483.0,1861.0,122.0,0.0
42101027300,3055.0,1884.0,2607.0,448.0,0.0
42101028400,1943.0,1383.0,1235.0,708.0,0.0
42101028600,2359.0,2373.0,2029.0,330.0,0.0
42101000100,3278.0,649.0,3169.0,109.0,0.0
42101001300,3851.0,1747.0,3728.0,123.0,0.0
42101030700,2117.0,930.0,1831.0,286.0,0.0
42101031200,2326.0,1227.0,2048.0,278.0,0.0
42101023100,703.0,310.0,692.0,5.0,6.0
42101023500,692.0,391.0,630.0,62.0,0.0
42101004001,2342.0,1225.0,2269.0,73.0,0.0
42101001900,2433.0,543.0,2284.0,149.0,0.0
42101003100,2241.0,1385.0,1880.0,361.0,0.0
42101003200,2074.0,1112.0,1673.0,401.0,0.0
42101006200,2103.0,1157.0,1877.0,226.0,0.0
42101007200,1957.0,1739.0,1477.0,480.0,0.0
42101007400,2021.0,1535.0,1822.0,199.0,0.0
42101009200,1371.0,1434.0,1207.0,164.0,0.0
42101016400,1422.0,2264.0,1137.0,285.0,0.0
42101031502,1950.0,1295.0,1745.0,205.0,0.0
42101031401,3951.0,1677.0,3547.0,404.0,0.0
42101033701,2442.0,2489.0,2322.0,120.0,0.0
42101033702,2998.0,1542.0,2816.0,182.0,0.0
42101027901,2014.0,1299.0,1783.0,224.0,7.0
42101031402,2889.0,1686.0,2660.0,229.0,0.0
42101016701,968.0,1254.0,683.0,285.0,0.0
42101016702,952.0,1190.0,855.0,97.0,0.0
42101027902,1632.0,2197.0,1419.0,213.0,0.0
42101008101,1082.0,1178.0,868.0,214.0,0.0
42101980300,0.0,0.0,0.0,0.0,0.0
42101036900,1983.0,3606.0,1877.0,106.0,0.0
42101037300,3138.0,1797.0,3066.0,72.0,0.0
42101037200,2578.0,1348.0,2310.0,268.0,0.0
42101038300,965.0,1769.0,730.0,235.0,0.0
42101039000,4376.0,1920.0,3287.0,1089.0,0.0
42101037800,1589.0,774.0,1448.0,131.0,10.0
42101037700,2156.0,2801.0,1652.0,504.0,0.0
42101008701,2581.0,1153.0,2495.0,86.0,0.0
42101008102,2322.0,2159.0,1949.0,373.0,0.0
42101008602,1333.0,731.0,1265.0,68.0,0.0
42101037500,1764.0,1508.0,1557.0,207.0,0.0
42101980800,0.0,0.0,0.0,0.0,0.0
42101018002,2916.0,1765.0,2582.0,334.0,0.0
42101008801,704.0,1616.0,688.0,16.0,0.0
42101980100,55.0,33.0,55.0,0.0,0.0
42101007102,2129.0,1773.0,1777.0,352.0,0.0
42101008802,2186.0,4081.0,2077.0,109.0,0.0
42101008702,1582.0,936.0,1557.0,25.0,0.0
42101012201,1307.0,1478.0,1247.0,60.0,0.0
42101009801,1301.0,574.0,1163.0,138.0,0.0
42101007101,884.0,1188.0,764.0,120.0,0.0
42101002801,2610.0,1285.0,2345.0,265.0,0.0
42101980500,0.0,0.0,0.0,0.0,0.0
42101000801,895.0,373.0,878.0,17.0,0.0
42101001101,2406.0,1062.0,2259.0,132.0,15.0
42101027402,3325.0,2094.0,2915.0,410.0,0.0
42101008601,2042.0,692.0,1871.0,171.0,0.0
42101036502,2178.0,1135.0,2039.0,139.0,0.0
42101036700,2332.0,453.0,2188.0,144.0,0.0
42101037600,1793.0,1108.0,1533.0,260.0,0.0
42101038600,669.0,511.0,623.0,46.0,0.0
42101038900,1404.0,1457.0,1142.0,262.0,0.0
42101038500,902.0,713.0,842.0,60.0,0.0
42101038700,1266.0,963.0,1199.0,62.0,5.0
42101038800,2256.0,987.0,2086.0,170.0,0.0
42101980000,235.0,707.0,227.0,8.0,0.0
42101010000,2062.0,1376.0,1848.0,214.0,0.0
42101010100,4012.0,2111.0,3394.0,618.0,0.0
42101010700,1120.0,1339.0,918.0,202.0,0.0
42101013300,1878.0,904.0,1753.0,125.0,0.0
42101013500,2322.0,1047.0,2269.0,53.0,0.0
42101014300,1229.0,324.0,1125.0,97.0,7.0
42101014600,1473.0,2353.0,1365.0,108.0,0.0
42101016902,1347.0,2046.0,1253.0,94.0,0.0
42101017100,1740.0,1552.0,1605.0,135.0,0.0
42101000700,2208.0,1175.0,2147.0,61.0,0.0
42101001800,2130.0,602.0,2087.0,43.0,0.0
42101002100,1437.0,628.0,1288.0,149.0,0.0
42101025700,2266.0,1084.0,2133.0,133.0,0.0
42101021100,1542.0,603.0,1499.0,43.0,0.0
42101026100,1606.0,1457.0,1332.0,274.0,0.0
42101027200,2574.0,1132.0,2242.0,332.0,0.0
42101027500,2472.0,1061.0,2070.0,402.0,0.0
42101028000,1322.0,1765.0,1077.0,245.0,0.0
42101029400,1056.0,1238.0,882.0,174.0,0.0
42101030000,2925.0,1803.0,2170.0,755.0,0.0
42101018800,2943.0,2904.0,2280.0,663.0,0.0
42101019100,3343.0,3030.0,2895.0,448.0,0.0
42101019200,2950.0,2916.0,2240.0,710.0,0.0
42101001700,1975.0,423.0,1922.0,53.0,0.0
42101002500,2351.0,906.0,2113.0,228.0,10.0
42101003300,2768.0,2463.0,2230.0,538.0,0.0
42101004002,2564.0,1633.0,2298.0,266.0,0.0
42101004201,2934.0,1564.0,2617.0,317.0,0.0
42101005600,380.0,317.0,287.0,93.0,0.0
42101006700,3109.0,1934.0,2451.0,658.0,0.0
42101007000,1459.0,1026.0,1257.0,202.0,0.0
42101008000,2292.0,1274.0,1834.0,458.0,0.0
42101028800,1359.0,1681.0,1193.0,166.0,0.0
42101029800,2115.0,1710.0,1815.0,300.0,0.0
42101030900,2310.0,941.0,2047.0,263.0,0.0
42101032000,3540.0,1813.0,3111.0,429.0,0.0
42101034200,1688.0,1349.0,1605.0,83.0,0.0
42101001500,2025.0,550.0,1964.0,61.0,0.0
42101002900,2363.0,1083.0,2207.0,156.0,0.0
42101003702,1934.0,1157.0,1583.0,351.0,0.0
42101014000,1578.0,1192.0,1420.0,158.0,0.0
42101014100,1060.0,1175.0,893.0,167.0,0.0
42101014400,2278.0,935.0,2114.0,164.0,0.0
42101015200,1712.0,2127.0,1398.0,314.0,0.0
42101015300,1669.0,1898.0,1394.0,268.0,7.0
42101015700,1573.0,715.0,1408.0,165.0,0.0
42101016000,3984.0,1393.0,3543.0,441.0,0.0
42101016800,1218.0,1681.0,1020.0,198.0,0.0
42101020200,1316.0,2091.0,957.0,359.0,0.0
42101020300,1079.0,1024.0,839.0,240.0,0.0
42101020800,1275.0,831.0,1183.0,92.0,0.0
42101020900,1862.0,379.0,1758.0,104.0,0.0
42101020700,3467.0,1751.0,3271.0,196.0,0.0
42101018400,1111.0,667.0,1078.0,33.0,0.0
42101014800,334.0,448.0,305.0,29.0,0.0
42101014900,1109.0,1627.0,940.0,169.0,0.0
42101011300,1606.0,713.0,1410.0,196.0,0.0
42101011400,3780.0,2091.0,3479.0,301.0,0.0
42101011700,826.0,1117.0,713.0,113.0,0.0
42101013100,826.0,546.0,690.0,125.0,11.0
42101013800,806.0,708.0,706.0,100.0,0.0
42101016200,937.0,1002.0,799.0,130.0,8.0
42101017900,2624.0,2233.0,1931.0,693.0,0.0
42101018300,2097.0,1133.0,1915.0,182.0,0.0
42101019000,3625.0,1790.0,3001.0,624.0,0.0
42101020600,646.0,754.0,623.0,23.0,0.0
42101021500,2644.0,792.0,2554.0,90.0,0.0
42101021600,1512.0,546.0,1409.0,103.0,0.0
42101022000,726.0,643.0,665.0,61.0,0.0
42101000200,1435.0,920.0,1311.0,124.0,0.0
42101000600,855.0,256.0,804.0,51.0,0.0
42101002200,1509.0,398.0,1409.0,100.0,0.0
42101002300,1818.0,675.0,1724.0,94.0,0.0
42101004101,2588.0,2168.0,2151.0,437.0,0.0
42101004202,2552.0,1921.0,2280.0,272.0,0.0
42101005500,3562.0,1914.0,3283.0,279.0,0.0
42101006900,836.0,714.0,480.0,356.0,0.0
42101007700,1007.0,924.0,928.0,79.0,0.0
42101011000,1359.0,1487.0,1142.0,217.0,0.0
42101011200,2021.0,2309.0,1797.0,224.0,0.0
42101004102,4023.0,2939.0,3527.0,496.0,0.0
42101015800,3880.0,1506.0,3577.0,303.0,0.0
42101009400,1612.0,1586.0,1393.0,219.0,0.0
42101009500,1260.0,1242.0,1186.0,74.0,0.0
42101036301,2043.0,864.0,1968.0,75.0,0.0
42101035302,2304.0,1336.0,2034.0,249.0,21.0
42101035500,3687.0,2252.0,3242.0,445.0,0.0
42101036203,2652.0,1456.0,2506.0,136.0,10.0
42101036400,316.0,653.0,255.0,61.0,0.0
42101020500,1010.0,1180.0,730.0,280.0,0.0
42101021800,2968.0,1010.0,2715.0,253.0,0.0
42101021900,910.0,314.0,857.0,53.0,0.0
42101025500,1580.0,793.0,1451.0,129.0,0.0
42101025600,1569.0,735.0,1461.0,108.0,0.0
42101026301,1888.0,1351.0,1630.0,258.0,0.0
42101027000,1563.0,778.0,1389.0,174.0,0.0
42101024700,1461.0,1858.0,1199.0,255.0,7.0
42101003800,1894.0,1208.0,1694.0,200.0,0.0
42101012500,3280.0,1805.0,3165.0,115.0,0.0
42101021000,3320.0,1375.0,3247.0,73.0,0.0
42101034702,2133.0,975.0,1991.0,142.0,0.0
42101026600,2962.0,2533.0,2437.0,525.0,0.0
42101010400,1303.0,1866.0,1006.0,297.0,0.0
42101013200,875.0,1210.0,705.0,170.0,0.0
42101017601,1460.0,2605.0,1172.0,288.0,0.0
42101003600,2821.0,2391.0,2210.0,611.0,0.0
42101017000,1377.0,1146.0,1278.0,99.0,0.0
42101024300,1444.0,1110.0,1298.0,146.0,0.0
42101027600,1665.0,1056.0,1468.0,197.0,0.0
42101001600,1641.0,308.0,1629.0,12.0,0.0
42101003902,2998.0,1758.0,2882.0,116.0,0.0
42101007800,2659.0,1380.0,2489.0,170.0,0.0
42101009300,1884.0,1615.0,1584.0,300.0,0.0
42101032100,1862.0,1062.0,1506.0,356.0,0.0
42101021400,3151.0,960.0,3010.0,141.0,0.0
42101034900,2793.0,1588.0,2618.0,175.0,0.0
42101026900,976.0,970.0,869.0,107.0,0.0
42101029200,2384.0,1138.0,2050.0,334.0,0.0
42101031300,3636.0,1656.0,3230.0,406.0,0.0
42101032500,2797.0,1996.0,2613.0,184.0,0.0
42101001400,2960.0,760.0,2876.0,84.0,0.0
42101036302,1892.0,693.0,1795.0,97.0,0.0
42101020102,1110.0,1144.0,946.0,164.0,0.0
42101031101,2646.0,1430.0,2188.0,458.0,0.0
42101031102,2338.0,1014.0,2046.0,292.0,0.0
42101019502,1057.0,1416.0,828.0,229.0,0.0
42101019501,1624.0,1863.0,1197.0,427.0,0.0
42101028901,1867.0,1133.0,1587.0,280.0,0.0
42101028902,3029.0,1891.0,2491.0,538.0,0.0
42101033101,2204.0,1479.0,1915.0,283.0,6.0
42101033102,1689.0,1133.0,1512.0,177.0,0.0
42101031501,2951.0,2056.0,2612.0,339.0,0.0
42101030501,3044.0,1245.0,2585.0,459.0,0.0
42101030502,3409.0,1342.0,2908.0,501.0,0.0
42101009802,3231.0,1416.0,2969.0,262.0,0.0
42101035602,1875.0,946.0,1816.0,59.0,0.0
42101018001,1573.0,961.0,1463.0,110.0,0.0
42101017702,1541.0,2271.0,1169.0,372.0,0.0
42101017701,1348.0,1244.0,965.0,383.0,0.0
42101035701,2553.0,1479.0,2358.0,195.0,0.0
42101035702,2027.0,1160.0,1868.0,159.0,0.0
42101035601,2646.0,2370.0,2486.0,160.0,0.0
42101015101,662.0,1083.0,620.0,42.0,0.0
42101015102,1141.0,1677.0,831.0,310.0,0.0
42101036501,2905.0,1414.0,2743.0,162.0,0.0
42101980400,0.0,0.0,0.0,0.0,0.0
42101013402,2252.0,450.0,2221.0,31.0,0.0
42101013401,1393.0,721.0,1343.0,50.0,0.0
42101038000,937.0,692.0,825.0,112.0,0.0
42101013601,1988.0,387.0,1951.0,37.0,0.0
42101037900,2736.0,1584.0,2480.0,256.0,0.0
42101038200,1165.0,904.0,1008.0,157.0,0.0
42101038100,401.0,255.0,329.0,72.0,0.0
42101038400,1279.0,686.0,1200.0,79.0,0.0
42101001002,2000.0,950.0,1921.0,79.0,0.0
42101001001,1455.0,924.0,1438.0,17.0,0.0
42101000402,1904.0,1335.0,1891.0,13.0,0.0
42101000401,1734.0,830.0,1642.0,92.0,0.0
42101012204,1969.0,1476.0,1838.0,123.0,8.0
42101012203,240.0,152.0,239.0,1.0,0.0
42101013602,2479.0,620.0,2346.0,124.0,9.0
42101034501,1547.0,1489.0,1505.0,42.0,0.0
42101034502,2897.0,1472.0,2671.0,226.0,0.0
42101001102,1750.0,577.0,1713.0,37.0,0.0
42101000902,1299.0,1223.0,1288.0,11.0,0.0
42101000901,1360.0,515.0,1316.0,44.0,0.0
42101017201,1334.0,929.0,1138.0,196.0,0.0
42101017202,1087.0,1553.0,925.0,162.0,0.0
42101027401,1640.0,1060.0,1418.0,222.0,0.0
42101020101,1108.0,1736.0,931.0,177.0,0.0
42101989100,32.0,2504.0,8.0,24.0,0.0
42101980200,184.0,386.0,179.0,5.0,0.0
42101000804,3375.0,1221.0,3288.0,87.0,0.0
42101001202,3514.0,1165.0,3384.0,130.0,0.0
42101001201,2758.0,782.0,2685.0,73.0,0.0
42101000803,1928.0,850.0,1879.0,49.0,0.0
42101980900,0.0,0.0,0.0,0.0,0.0
42101002702,2585.0,1110.0,2420.0,165.0,0.0
42101003002,1622.0,1058.0,1550.0,72.0,0.0
42101003001,2502.0,1019.0,2390.0,112.0,0.0
42101002802,3576.0,1484.0,3396.0,180.0,0.0
42101980700,0.0,0.0,0.0,0.0,0.0
42101002701,2477.0,1204.0,2062.0,415.0,0.0
42101980600,0.0,0.0,0.0,0.0,0.0
42101032900,1655.0,941.0,1407.0,248.0,0.0
42101034802,2609.0,1454.0,2405.0,204.0,0.0
42101034803,2085.0,1328.0,1960.0,125.0,0.0
42101024000,1890.0,1307.0,1760.0,130.0,0.0
42101028100,1997.0,1371.0,1694.0,303.0,0.0
42101028300,2541.0,2311.0,2058.0,483.0,0.0
42101030800,2792.0,1545.0,2472.0,320.0,0.0
42101031000,4092.0,1907.0,3672.0,420.0,0.0
42101033300,1634.0,1956.0,1482.0,152.0,0.0
42101033600,3959.0,2019.0,3444.0,515.0,0.0
42101036303,3380.0,1586.0,3049.0,331.0,0.0
42101036600,1669.0,383.0,1599.0,56.0,14.0
42101029900,1761.0,1386.0,1373.0,388.0,0.0
42101027700,2326.0,1475.0,1606.0,720.0,0.0
42101028500,1130.0,961.0,861.0,269.0,0.0
42101029300,849.0,967.0,728.0,121.0,0.0
42101031700,3368.0,1550.0,3058.0,310.0,0.0
42101030200,4272.0,2411.0,3642.0,630.0,0.0
42101030600,3795.0,2254.0,3358.0,437.0,0.0
42101031600,3464.0,1515.0,2792.0,672.0,0.0
42101031800,1984.0,1166.0,1775.0,209.0,0.0
42101032300,1779.0,1004.0,1661.0,118.0,0.0
42101033400,2561.0,1993.0,2340.0,221.0,0.0
42101033900,1750.0,804.0,1583.0,167.0,0.0
42101036100,1907.0,1139.0,1679.0,228.0,0.0
42101033500,2109.0,1138.0,1866.0,243.0,0.0
42101034100,3158.0,1482.0,2977.0,181.0,0.0
42101035100,1990.0,1987.0,1836.0,154.0,0.0
42101035301,3009.0,1439.0,2848.0,145.0,16.0
42101036000,1409.0,1464.0,1343.0,66.0,0.0
42101019900,1450.0,1492.0,791.0,659.0,0.0
42101020400,924.0,1105.0,773.0,151.0,0.0
42101023700,2855.0,1265.0,2410.0,445.0,0.0
42101002000,1389.0,509.0,1189.0,200.0,0.0
42101003901,3767.0,1978.0,3555.0,212.0,0.0
42101005000,0.0,0.0,0.0,0.0,0.0
42101005400,865.0,430.0,786.0,79.0,0.0
42101006000,2638.0,2163.0,2272.0,366.0,0.0
42101011100,1366.0,1009.0,1165.0,201.0,0.0
42101008200,3075.0,2397.0,2302.0,773.0,0.0
42101008301,2071.0,2057.0,1696.0,375.0,0.0
42101008302,2013.0,1672.0,1762.0,251.0,0.0
42101006300,1844.0,1648.0,1250.0,594.0,0.0
42101007300,1131.0,969.0,910.0,221.0,0.0
42101007900,2871.0,1041.0,2709.0,162.0,0.0
42101008500,3322.0,2229.0,2874.0,448.0,0.0
42101009600,2177.0,1530.0,1918.0,259.0,0.0
42101011800,2652.0,2700.0,2477.0,175.0,0.0
42101011900,1933.0,1826.0,1715.0,218.0,0.0
42101013900,928.0,1217.0,840.0,88.0,0.0
42101014700,1273.0,1188.0,1168.0,105.0,0.0
42101015600,588.0,778.0,500.0,88.0,0.0
42101016300,1062.0,1597.0,919.0,143.0,0.0
42101017800,2049.0,1797.0,1570.0,479.0,0.0
42101019700,2489.0,2422.0,1765.0,724.0,0.0
42101020000,525.0,543.0,428.0,97.0,0.0
42101010800,1644.0,1462.0,1410.0,234.0,0.0
42101014500,575.0,673.0,484.0,91.0,0.0
42101016500,736.0,1173.0,562.0,174.0,0.0
42101023600,1193.0,851.0,1114.0,79.0,0.0
42101023900,765.0,484.0,726.0,39.0,0.0
42101024200,1570.0,1160.0,1427.0,143.0,0.0
42101024500,1427.0,1359.0,1147.0,280.0,0.0
42101025400,2258.0,1674.0,2131.0,127.0,0.0
42101026000,1590.0,1079.0,1266.0,324.0,0.0
42101026302,3246.0,1646.0,2705.0,541.0,0.0
42101026400,2955.0,1766.0,2477.0,478.0,0.0
42101027100,1405.0,1004.0,1150.0,255.0,0.0
42101027800,2017.0,1589.0,1644.0,373.0,0.0
42101028200,2208.0,1745.0,1911.0,297.0,0.0
42101019800,2574.0,2182.0,2016.0,558.0,0.0
42101021200,1480.0,578.0,1434.0,46.0,0.0
42101021300,2278.0,924.0,2149.0,129.0,0.0
42101021700,3213.0,1891.0,3067.0,146.0,0.0
42101024100,485.0,928.0,398.0,87.0,0.0
42101024800,941.0,795.0,848.0,93.0,0.0
42101006400,1820.0,1004.0,1570.0,250.0,0.0
42101006500,2032.0,1483.0,1651.0,381.0,0.0
42101006600,1171.0,1348.0,991.0,180.0,0.0
42101009100,1210.0,1576.0,1092.0,118.0,0.0
42101010300,843.0,960.0,728.0,115.0,0.0
42101010500,1236.0,2148.0,1027.0,209.0,0.0
42101000300,2306.0,954.0,2187.0,107.0,12.0
42101000500,1026.0,1453.0,925.0,101.0,0.0
42101002400,3608.0,985.0,3290.0,318.0,0.0
42101003701,2807.0,1889.0,2259.0,548.0,0.0
42101028700,941.0,824.0,786.0,155.0,0.0
42101029100,2068.0,1517.0,1707.0,361.0,0.0
42101032600,3174.0,1939.0,2736.0,416.0,22.0
42101033200,1418.0,638.0,1361.0,57.0,0.0
42101033800,3116.0,1648.0,2738.0,378.0,0.0
42101034400,3660.0,2643.0,3584.0,76.0,0.0
42101034701,3249.0,2030.0,3055.0,194.0,0.0
42101035200,2363.0,1222.0,2216.0,147.0,0.0
42101035800,3654.0,1885.0,3265.0,389.0,0.0
421010331022,337.0,234.0,323.0,14.0,0.0
421010331023,413.0,164.0,337.0,76.0,0.0
421010331021,357.0,334.0,319.0,38.0,0.0
421010331024,582.0,401.0,533.0,49.0,0.0
421010315013,547.0,262.0,440.0,107.0,0.0
421010315014,719.0,364.0,637.0,82.0,0.0
421010315015,827.0,401.0,795.0,32.0,0.0
421010389001,419.0,669.0,284.0,135.0,0.0
421010389002,489.0,378.0,478.0,11.0,0.0
421010389003,496.0,410.0,380.0,116.0,0.0
421019800001,235.0,707.0,227.0,8.0,0.0
421010315021,802.0,660.0,709.0,93.0,0.0
421010315022,449.0,301.0,359.0,90.0,0.0
421010314011,1044.0,434.0,1015.0,29.0,0.0
421010314013,727.0,373.0,561.0,166.0,0.0
421010314014,430.0,209.0,392.0,38.0,0.0
421010314015,706.0,131.0,573.0,133.0,0.0
421010314012,1044.0,530.0,1006.0,38.0,0.0
421010314022,916.0,438.0,835.0,81.0,0.0
421010314021,568.0,301.0,527.0,41.0,0.0
421010008043,1061.0,352.0,1047.0,14.0,0.0
421010012025,495.0,78.0,484.0,11.0,0.0
421010008042,746.0,294.0,690.0,56.0,0.0
421010008041,1568.0,575.0,1551.0,17.0,0.0
421010012021,934.0,431.0,887.0,47.0,0.0
421010012023,922.0,160.0,901.0,21.0,0.0
421010012022,667.0,193.0,625.0,42.0,0.0
421010012024,496.0,303.0,487.0,9.0,0.0
421010012012,898.0,167.0,873.0,25.0,0.0
421010012014,547.0,295.0,521.0,26.0,0.0
421010012013,621.0,78.0,621.0,0.0,0.0
421010012011,692.0,242.0,670.0,22.0,0.0
421010008034,223.0,172.0,223.0,0.0,0.0
421010008032,716.0,251.0,702.0,14.0,0.0
421010008031,526.0,203.0,491.0,35.0,0.0
421010008033,463.0,224.0,463.0,0.0,0.0
421019809001,0.0,0.0,0.0,0.0,0.0
421010027024,490.0,262.0,465.0,25.0,0.0
421010027023,477.0,367.0,464.0,13.0,0.0
421010027022,531.0,220.0,508.0,23.0,0.0
421010027021,1087.0,261.0,983.0,104.0,0.0
421010030023,459.0,68.0,408.0,51.0,0.0
421010030022,459.0,416.0,438.0,21.0,0.0
421010030021,508.0,273.0,508.0,0.0,0.0
421010030024,196.0,301.0,196.0,0.0,0.0
421010030011,298.0,116.0,280.0,18.0,0.0
421010030015,440.0,117.0,439.0,1.0,0.0
421010030013,746.0,279.0,680.0,66.0,0.0
421010030012,476.0,267.0,468.0,8.0,0.0
421010030014,542.0,240.0,523.0,19.0,0.0
421010028025,634.0,210.0,592.0,42.0,0.0
421010028024,665.0,275.0,655.0,10.0,0.0
421010028023,703.0,250.0,698.0,5.0,0.0
421010028022,561.0,424.0,561.0,0.0,0.0
421010028021,1013.0,325.0,890.0,123.0,0.0
421019802001,184.0,386.0,179.0,5.0,0.0
421010337022,1188.0,430.0,1095.0,93.0,0.0
421010337024,387.0,349.0,363.0,24.0,0.0
421010337023,731.0,341.0,692.0,39.0,0.0
421010337021,692.0,422.0,666.0,26.0,0.0
421010315023,699.0,334.0,677.0,22.0,0.0
421010141001,573.0,920.0,497.0,76.0,0.0
421010141002,487.0,255.0,396.0,91.0,0.0
421010144001,508.0,209.0,456.0,52.0,0.0
421010144003,469.0,314.0,414.0,55.0,0.0
421010144002,1301.0,412.0,1244.0,57.0,0.0
421010152001,147.0,266.0,101.0,46.0,0.0
421010152004,561.0,311.0,530.0,31.0,0.0
421010152003,254.0,424.0,160.0,94.0,0.0
421010152005,232.0,668.0,232.0,0.0,0.0
421010152002,518.0,458.0,375.0,143.0,0.0
421010333001,335.0,1083.0,291.0,44.0,0.0
421010333003,506.0,359.0,449.0,57.0,0.0
421010333002,793.0,514.0,742.0,51.0,0.0
421010336005,660.0,200.0,654.0,6.0,0.0
421010336003,1619.0,641.0,1401.0,218.0,0.0
421010336001,698.0,195.0,605.0,93.0,0.0
421010336004,592.0,703.0,413.0,179.0,0.0
421010336002,390.0,280.0,371.0,19.0,0.0
421010363032,773.0,332.0,726.0,47.0,0.0
421010363034,727.0,270.0,713.0,14.0,0.0
421010363031,890.0,692.0,744.0,146.0,0.0
421010363033,990.0,292.0,866.0,124.0,0.0
421010366001,1669.0,383.0,1599.0,56.0,14.0
421010299003,360.0,277.0,254.0,106.0,0.0
421010299001,445.0,394.0,374.0,71.0,0.0
421010299002,222.0,191.0,175.0,47.0,0.0
421010299004,734.0,524.0,570.0,164.0,0.0
421010277003,356.0,121.0,268.0,88.0,0.0
421010277005,422.0,102.0,272.0,150.0,0.0
421010277006,335.0,184.0,199.0,136.0,0.0
421010277002,478.0,335.0,245.0,233.0,0.0
421010309001,851.0,358.0,758.0,93.0,0.0
421010309003,904.0,392.0,781.0,123.0,0.0
421010309002,555.0,191.0,508.0,47.0,0.0
421010320006,693.0,227.0,567.0,126.0,0.0
421010320003,694.0,326.0,600.0,94.0,0.0
421010320005,735.0,397.0,661.0,74.0,0.0
421010320004,414.0,201.0,414.0,0.0,0.0
421010320007,258.0,217.0,221.0,37.0,0.0
421010320001,409.0,240.0,366.0,43.0,0.0
421010320002,337.0,205.0,282.0,55.0,0.0
421010342001,782.0,312.0,766.0,16.0,0.0
421010277004,229.0,282.0,175.0,54.0,0.0
421010277001,506.0,451.0,447.0,59.0,0.0
421010285001,1130.0,961.0,861.0,269.0,0.0
421010293002,585.0,588.0,489.0,96.0,0.0
421010293001,264.0,379.0,239.0,25.0,0.0
421010302004,849.0,760.0,679.0,170.0,0.0
421010302001,622.0,391.0,480.0,142.0,0.0
421010302003,1121.0,725.0,954.0,167.0,0.0
421010122041,1244.0,610.0,1183.0,61.0,0.0
421010122042,725.0,866.0,655.0,62.0,8.0
421010004021,642.0,712.0,642.0,0.0,0.0
421010004011,1734.0,830.0,1642.0,92.0,0.0
421010122031,240.0,152.0,239.0,1.0,0.0
421010136022,795.0,263.0,716.0,79.0,0.0
421010136023,813.0,185.0,785.0,19.0,9.0
421010136021,402.0,97.0,402.0,0.0,0.0
421010136024,469.0,75.0,443.0,26.0,0.0
421010345012,820.0,608.0,799.0,21.0,0.0
421010345011,727.0,881.0,706.0,21.0,0.0
421010345023,1149.0,250.0,962.0,187.0,0.0
421010345021,479.0,334.0,467.0,12.0,0.0
421010345022,1269.0,888.0,1242.0,27.0,0.0
421010011022,1074.0,426.0,1055.0,19.0,0.0
421010011021,676.0,151.0,658.0,18.0,0.0
421010009021,514.0,742.0,507.0,7.0,0.0
421010009022,785.0,481.0,781.0,4.0,0.0
421010009012,554.0,280.0,516.0,38.0,0.0
421010009011,806.0,235.0,800.0,6.0,0.0
421010172011,441.0,318.0,423.0,18.0,0.0
421010172012,481.0,186.0,331.0,150.0,0.0
421010172013,412.0,425.0,384.0,28.0,0.0
421010172023,135.0,274.0,135.0,0.0,0.0
421010348013,895.0,721.0,844.0,51.0,0.0
421019803001,0.0,0.0,0.0,0.0,0.0
421010311011,699.0,475.0,612.0,87.0,0.0
421010201022,168.0,97.0,127.0,41.0,0.0
421010311013,731.0,289.0,588.0,143.0,0.0
421010311014,825.0,487.0,699.0,126.0,0.0
421010311012,391.0,179.0,289.0,102.0,0.0
421010311022,368.0,158.0,359.0,9.0,0.0
421010311021,313.0,206.0,313.0,0.0,0.0
421010311024,1047.0,378.0,911.0,136.0,0.0
421010311023,610.0,272.0,463.0,147.0,0.0
421010195021,286.0,279.0,255.0,31.0,0.0
421010195022,603.0,856.0,447.0,156.0,0.0
421010172022,378.0,339.0,271.0,107.0,0.0
421010172024,194.0,335.0,165.0,29.0,0.0
421010172021,380.0,605.0,354.0,26.0,0.0
421010274013,229.0,301.0,187.0,42.0,0.0
421010274012,796.0,344.0,680.0,116.0,0.0
421010274011,615.0,415.0,551.0,64.0,0.0
421010201011,429.0,847.0,396.0,33.0,0.0
421010201012,270.0,373.0,221.0,49.0,0.0
421010201013,409.0,516.0,314.0,95.0,0.0
421010201023,283.0,333.0,245.0,38.0,0.0
421010201024,168.0,433.0,151.0,17.0,0.0
421010201021,491.0,281.0,423.0,68.0,0.0
421010086023,275.0,138.0,275.0,0.0,0.0
421010375002,788.0,522.0,691.0,97.0,0.0
421010375001,976.0,986.0,866.0,110.0,0.0
421019808001,0.0,0.0,0.0,0.0,0.0
421010180021,840.0,619.0,779.0,61.0,0.0
421010180022,815.0,322.0,655.0,160.0,0.0
421010180024,348.0,238.0,348.0,0.0,0.0
421010180023,913.0,586.0,800.0,113.0,0.0
421010088012,197.0,177.0,197.0,0.0,0.0
421010088011,507.0,1439.0,491.0,16.0,0.0
421010098012,792.0,305.0,708.0,84.0,0.0
421010122011,222.0,387.0,222.0,0.0,0.0
421010122012,1085.0,1091.0,1025.0,60.0,0.0
421010098011,509.0,269.0,455.0,54.0,0.0
421010071011,338.0,498.0,318.0,20.0,0.0
421010071012,371.0,326.0,300.0,71.0,0.0
421010071013,175.0,364.0,146.0,29.0,0.0
421010028012,740.0,424.0,665.0,75.0,0.0
421010361003,1117.0,701.0,1026.0,91.0,0.0
421010362014,722.0,319.0,722.0,0.0,0.0
421010369003,1618.0,2298.0,1512.0,106.0,0.0
421010369001,23.0,104.0,23.0,0.0,0.0
421010369002,342.0,1204.0,342.0,0.0,0.0
421010373003,641.0,367.0,641.0,0.0,0.0
421010373001,994.0,608.0,945.0,49.0,0.0
421010373002,1503.0,822.0,1480.0,23.0,0.0
421010372002,915.0,435.0,830.0,85.0,0.0
421010372001,635.0,273.0,568.0,67.0,0.0
421010372004,684.0,400.0,610.0,74.0,0.0
421010315012,337.0,452.0,337.0,0.0,0.0
421010315011,521.0,577.0,403.0,118.0,0.0
421010305011,837.0,426.0,761.0,76.0,0.0
421010305013,1135.0,390.0,962.0,173.0,0.0
421010305012,1072.0,429.0,862.0,210.0,0.0
421010305023,610.0,302.0,550.0,60.0,0.0
421010305021,493.0,275.0,385.0,108.0,0.0
421010305022,803.0,257.0,701.0,102.0,0.0
421010195023,168.0,281.0,126.0,42.0,0.0
421010195011,380.0,700.0,246.0,134.0,0.0
421010195013,424.0,521.0,345.0,79.0,0.0
421010305024,1117.0,333.0,941.0,176.0,0.0
421010305025,386.0,175.0,331.0,55.0,0.0
421010098023,1109.0,507.0,1013.0,96.0,0.0
421010098022,1228.0,717.0,1161.0,67.0,0.0
421010098021,894.0,192.0,795.0,99.0,0.0
421010180013,527.0,214.0,514.0,13.0,0.0
421010195012,820.0,642.0,606.0,214.0,0.0
421010289012,622.0,269.0,543.0,79.0,0.0
421010289011,673.0,518.0,615.0,58.0,0.0
421010289013,572.0,346.0,429.0,143.0,0.0
421010289021,492.0,357.0,449.0,43.0,0.0
421010289023,867.0,233.0,646.0,221.0,0.0
421010289022,674.0,632.0,497.0,177.0,0.0
421010289024,698.0,529.0,605.0,93.0,0.0
421010289025,298.0,140.0,294.0,4.0,0.0
421010331014,535.0,358.0,485.0,50.0,0.0
421010331013,469.0,197.0,455.0,8.0,6.0
421010331012,520.0,381.0,371.0,149.0,0.0
421010331011,680.0,543.0,604.0,76.0,0.0
421010010023,531.0,595.0,520.0,11.0,0.0
421010010021,944.0,242.0,927.0,17.0,0.0
421010010022,525.0,113.0,474.0,51.0,0.0
421010010012,788.0,276.0,788.0,0.0,0.0
421010010011,667.0,648.0,650.0,17.0,0.0
421010208002,377.0,213.0,347.0,30.0,0.0
421010004022,1262.0,623.0,1249.0,13.0,0.0
421010180012,556.0,489.0,473.0,83.0,0.0
421010383003,273.0,268.0,214.0,59.0,0.0
421010383002,366.0,354.0,273.0,93.0,0.0
421010372003,344.0,240.0,302.0,42.0,0.0
421010383001,326.0,1147.0,243.0,83.0,0.0
421010390006,554.0,271.0,483.0,71.0,0.0
421010180011,490.0,258.0,476.0,14.0,0.0
421010177025,407.0,374.0,340.0,67.0,0.0
421010177024,415.0,552.0,306.0,109.0,0.0
421010177021,191.0,406.0,123.0,68.0,0.0
421010268003,477.0,252.0,477.0,0.0,0.0
421010319001,554.0,293.0,505.0,49.0,0.0
421010319004,245.0,178.0,220.0,25.0,0.0
421010319005,805.0,284.0,776.0,29.0,0.0
421010319003,419.0,298.0,362.0,57.0,0.0
421010319002,784.0,260.0,690.0,94.0,0.0
421010330007,228.0,247.0,228.0,0.0,0.0
421010330003,490.0,544.0,345.0,145.0,0.0
421010330001,234.0,211.0,222.0,12.0,0.0
421010330004,868.0,554.0,697.0,171.0,0.0
421010330005,804.0,279.0,745.0,59.0,0.0
421010330006,230.0,247.0,117.0,113.0,0.0
421010330002,230.0,205.0,217.0,13.0,0.0
421010161001,1570.0,747.0,1386.0,184.0,0.0
421010161002,905.0,461.0,734.0,171.0,0.0
421010161003,511.0,79.0,362.0,149.0,0.0
421010161004,376.0,164.0,376.0,0.0,0.0
421010169012,246.0,269.0,201.0,45.0,0.0
421010169011,482.0,465.0,379.0,103.0,0.0
421010169013,453.0,763.0,297.0,156.0,0.0
421010174001,271.0,518.0,164.0,107.0,0.0
421010174002,450.0,543.0,346.0,104.0,0.0
421010158002,599.0,158.0,575.0,24.0,0.0
421010158004,373.0,324.0,331.0,42.0,0.0
421010158006,416.0,200.0,416.0,0.0,0.0
421010158005,859.0,319.0,762.0,97.0,0.0
421010158003,743.0,271.0,728.0,15.0,0.0
421010158001,890.0,234.0,765.0,125.0,0.0
421010164004,378.0,863.0,278.0,100.0,0.0
421010164001,555.0,434.0,420.0,135.0,0.0
421010164002,92.0,259.0,52.0,40.0,0.0
421010164003,397.0,708.0,387.0,10.0,0.0
421010169022,233.0,294.0,154.0,79.0,0.0
421010169021,408.0,545.0,408.0,0.0,0.0
421010169024,255.0,437.0,255.0,0.0,0.0
421010169023,451.0,770.0,436.0,15.0,0.0
421010171003,674.0,403.0,619.0,55.0,0.0
421010171004,216.0,351.0,184.0,32.0,0.0
421010171001,407.0,474.0,389.0,18.0,0.0
421010171002,443.0,324.0,413.0,30.0,0.0
421010259004,319.0,294.0,244.0,75.0,0.0
421010259001,289.0,175.0,271.0,18.0,0.0
421010259002,351.0,362.0,313.0,38.0,0.0
421010259006,495.0,256.0,211.0,284.0,0.0
421010259003,455.0,266.0,445.0,10.0,0.0
421010259005,665.0,217.0,640.0,25.0,0.0
421010290004,1036.0,703.0,933.0,103.0,0.0
421010290001,213.0,54.0,203.0,10.0,0.0
421010290003,1221.0,764.0,1080.0,141.0,0.0
421010007002,1134.0,592.0,1121.0,13.0,0.0
421010025001,712.0,437.0,553.0,149.0,10.0
421010033005,435.0,289.0,420.0,15.0,0.0
421010007003,560.0,322.0,526.0,34.0,0.0
421010007001,514.0,261.0,500.0,14.0,0.0
421010284001,613.0,434.0,404.0,209.0,0.0
421010286002,145.0,133.0,114.0,31.0,0.0
421010286003,119.0,345.0,119.0,0.0,0.0
421010286004,579.0,203.0,552.0,27.0,0.0
421010286005,325.0,314.0,325.0,0.0,0.0
421010286006,303.0,431.0,224.0,79.0,0.0
421010286001,888.0,947.0,695.0,193.0,0.0
421010001001,1547.0,250.0,1547.0,0.0,0.0
421010001002,1731.0,399.0,1622.0,109.0,0.0
421010013005,1572.0,951.0,1530.0,42.0,0.0
421010013004,542.0,235.0,476.0,66.0,0.0
421010013001,537.0,136.0,537.0,0.0,0.0
421010013002,750.0,240.0,735.0,15.0,0.0
421010013003,450.0,185.0,450.0,0.0,0.0
421010042013,409.0,151.0,380.0,29.0,0.0
421010042014,1112.0,740.0,1099.0,13.0,0.0
421010042011,148.0,286.0,94.0,54.0,0.0
421010056001,380.0,317.0,287.0,93.0,0.0
421010067003,406.0,200.0,288.0,118.0,0.0
421010067002,298.0,213.0,298.0,0.0,0.0
421010067001,312.0,401.0,263.0,49.0,0.0
421010067004,453.0,152.0,326.0,127.0,0.0
421010067007,562.0,433.0,436.0,126.0,0.0
421010067005,753.0,336.0,578.0,175.0,0.0
421010067006,325.0,199.0,262.0,63.0,0.0
421010003002,1585.0,776.0,1492.0,81.0,12.0
421010003001,721.0,178.0,695.0,26.0,0.0
421010005001,1026.0,1453.0,925.0,101.0,0.0
421010024001,548.0,86.0,485.0,63.0,0.0
421010024004,340.0,229.0,340.0,0.0,0.0
421010024003,992.0,262.0,945.0,47.0,0.0
421010024005,701.0,128.0,585.0,116.0,0.0
421010024002,1027.0,280.0,935.0,92.0,0.0
421010100004,805.0,411.0,740.0,65.0,0.0
421010100001,330.0,541.0,286.0,44.0,0.0
421010100002,481.0,282.0,384.0,97.0,0.0
421010100003,446.0,142.0,438.0,8.0,0.0
421010101002,525.0,245.0,491.0,34.0,0.0
421010101001,1164.0,369.0,1010.0,154.0,0.0
421010101006,725.0,423.0,542.0,183.0,0.0
421010101003,696.0,162.0,528.0,168.0,0.0
421010101004,487.0,454.0,477.0,10.0,0.0
421010101005,181.0,164.0,112.0,69.0,0.0
421010101007,234.0,294.0,234.0,0.0,0.0
421010107001,167.0,334.0,149.0,18.0,0.0
421010107004,263.0,271.0,226.0,37.0,0.0
421010107002,489.0,518.0,375.0,114.0,0.0
421010107003,201.0,216.0,168.0,33.0,0.0
421010133002,634.0,605.0,561.0,73.0,0.0
421010133001,1244.0,299.0,1192.0,52.0,0.0
421010247005,160.0,265.0,137.0,23.0,0.0
421010247002,413.0,323.0,306.0,100.0,7.0
421010038004,416.0,297.0,371.0,45.0,0.0
421010038003,408.0,247.0,323.0,85.0,0.0
421010038001,633.0,332.0,608.0,25.0,0.0
421010038002,437.0,332.0,392.0,45.0,0.0
421010125002,1777.0,750.0,1702.0,75.0,0.0
421010125001,689.0,777.0,689.0,0.0,0.0
421010125003,814.0,278.0,774.0,40.0,0.0
421010018001,754.0,134.0,732.0,22.0,0.0
421010018002,1376.0,468.0,1355.0,21.0,0.0
421010021002,1136.0,489.0,1005.0,131.0,0.0
421010021001,301.0,139.0,283.0,18.0,0.0
421010257001,998.0,774.0,962.0,36.0,0.0
421010033004,229.0,55.0,154.0,75.0,0.0
421010033006,577.0,790.0,348.0,229.0,0.0
421010033003,186.0,338.0,175.0,11.0,0.0
421010033001,1013.0,637.0,838.0,175.0,0.0
421010033002,328.0,354.0,295.0,33.0,0.0
421010040023,651.0,362.0,614.0,37.0,0.0
421010040021,362.0,450.0,311.0,51.0,0.0
421010040024,547.0,239.0,531.0,16.0,0.0
421010040022,1004.0,582.0,842.0,162.0,0.0
421010042012,1265.0,387.0,1044.0,221.0,0.0
421010203002,634.0,664.0,499.0,135.0,0.0
421010203001,445.0,360.0,340.0,105.0,0.0
421010209004,587.0,66.0,565.0,22.0,0.0
421010208001,898.0,618.0,836.0,62.0,0.0
421010209003,528.0,47.0,496.0,32.0,0.0
421010209001,460.0,184.0,429.0,31.0,0.0
421010209002,287.0,82.0,268.0,19.0,0.0
421010207003,1114.0,359.0,999.0,115.0,0.0
421010207002,574.0,237.0,562.0,12.0,0.0
421010207001,819.0,492.0,761.0,58.0,0.0
421010207004,960.0,663.0,949.0,11.0,0.0
421010184001,327.0,196.0,327.0,0.0,0.0
421010184002,784.0,471.0,751.0,33.0,0.0
421010307003,1034.0,470.0,965.0,69.0,0.0
421010307001,489.0,291.0,383.0,106.0,0.0
421010307002,594.0,169.0,483.0,111.0,0.0
421010312001,521.0,287.0,440.0,81.0,0.0
421010312002,1059.0,594.0,908.0,151.0,0.0
421010312003,746.0,346.0,700.0,46.0,0.0
421010231001,703.0,310.0,692.0,5.0,6.0
421010235001,692.0,391.0,630.0,62.0,0.0
421010019002,1073.0,256.0,1028.0,45.0,0.0
421010019003,742.0,80.0,648.0,94.0,0.0
421010019001,618.0,207.0,608.0,10.0,0.0
421010031006,155.0,171.0,145.0,10.0,0.0
421010070004,183.0,132.0,133.0,50.0,0.0
421010070003,377.0,152.0,355.0,22.0,0.0
421010070001,405.0,307.0,357.0,48.0,0.0
421010070002,218.0,171.0,188.0,30.0,0.0
421010070005,276.0,264.0,224.0,52.0,0.0
421010080002,760.0,338.0,618.0,142.0,0.0
421010080004,652.0,279.0,437.0,215.0,0.0
421010080003,424.0,368.0,351.0,73.0,0.0
421010210001,533.0,248.0,533.0,0.0,0.0
421010210004,1071.0,499.0,1005.0,66.0,0.0
421010210002,377.0,89.0,370.0,7.0,0.0
421010210003,483.0,276.0,483.0,0.0,0.0
421010210005,856.0,263.0,856.0,0.0,0.0
421010347021,1134.0,541.0,1083.0,51.0,0.0
421010147002,711.0,808.0,651.0,60.0,0.0
421010147001,562.0,380.0,517.0,45.0,0.0
421010156002,171.0,536.0,117.0,54.0,0.0
421010156001,417.0,242.0,383.0,34.0,0.0
421010163001,280.0,450.0,241.0,39.0,0.0
421010163003,211.0,404.0,199.0,12.0,0.0
421010163002,264.0,276.0,172.0,92.0,0.0
421010163004,307.0,467.0,307.0,0.0,0.0
421010178002,365.0,366.0,304.0,61.0,0.0
421010278004,444.0,342.0,323.0,121.0,0.0
421010278001,654.0,432.0,611.0,43.0,0.0
421010278002,470.0,473.0,322.0,148.0,0.0
421010278003,449.0,342.0,388.0,61.0,0.0
421010282002,628.0,482.0,516.0,112.0,0.0
421010282003,1063.0,920.0,878.0,185.0,0.0
421010282001,517.0,343.0,517.0,0.0,0.0
421010288003,385.0,655.0,357.0,28.0,0.0
421010288001,485.0,732.0,454.0,31.0,0.0
421010288002,489.0,294.0,382.0,107.0,0.0
421010298002,239.0,388.0,195.0,44.0,0.0
421010298004,613.0,345.0,552.0,61.0,0.0
421010298003,242.0,291.0,219.0,23.0,0.0
421010298001,840.0,420.0,699.0,141.0,0.0
421010298005,181.0,266.0,150.0,31.0,0.0
421010329004,362.0,173.0,275.0,87.0,0.0
421010329003,386.0,353.0,351.0,35.0,0.0
421010329005,421.0,225.0,357.0,64.0,0.0
421010329001,130.0,111.0,106.0,24.0,0.0
421010329002,356.0,79.0,318.0,38.0,0.0
421010348022,550.0,516.0,433.0,117.0,0.0
421010348023,734.0,319.0,709.0,25.0,0.0
421010348021,1325.0,619.0,1263.0,62.0,0.0
421010348033,498.0,223.0,482.0,16.0,0.0
421010348032,1100.0,671.0,1011.0,89.0,0.0
421010348031,487.0,434.0,467.0,20.0,0.0
421010245001,436.0,582.0,399.0,37.0,0.0
421010245004,363.0,179.0,279.0,84.0,0.0
421010245002,353.0,295.0,222.0,131.0,0.0
421010254004,632.0,421.0,613.0,19.0,0.0
421010254001,508.0,334.0,449.0,59.0,0.0
421010254002,703.0,535.0,674.0,29.0,0.0
421010254003,415.0,384.0,395.0,20.0,0.0
421010260002,602.0,252.0,420.0,182.0,0.0
421010260003,674.0,355.0,580.0,94.0,0.0
421010260001,314.0,472.0,266.0,48.0,0.0
421010263021,845.0,612.0,762.0,83.0,0.0
421010263022,1056.0,310.0,725.0,331.0,0.0
421010263023,425.0,275.0,394.0,31.0,0.0
421010382002,446.0,365.0,406.0,40.0,0.0
421010382001,445.0,272.0,394.0,51.0,0.0
421010382003,274.0,267.0,208.0,66.0,0.0
421010380001,566.0,293.0,497.0,69.0,0.0
421010380002,371.0,399.0,328.0,43.0,0.0
421010381001,308.0,196.0,258.0,50.0,0.0
421010178003,227.0,390.0,195.0,32.0,0.0
421010178007,474.0,234.0,310.0,164.0,0.0
421010178004,208.0,61.0,142.0,66.0,0.0
421010178006,43.0,193.0,43.0,0.0,0.0
421010178001,431.0,237.0,394.0,37.0,0.0
421010178005,301.0,316.0,182.0,119.0,0.0
421010197004,373.0,292.0,179.0,194.0,0.0
421010197001,452.0,440.0,296.0,156.0,0.0
421010197005,374.0,362.0,225.0,149.0,0.0
421010197006,472.0,512.0,421.0,51.0,0.0
421010197002,262.0,326.0,189.0,73.0,0.0
421010197003,556.0,490.0,455.0,101.0,0.0
421010200002,275.0,340.0,225.0,50.0,0.0
421010200001,250.0,203.0,203.0,47.0,0.0
421010108001,128.0,293.0,87.0,41.0,0.0
421010108002,350.0,272.0,326.0,24.0,0.0
421010108003,532.0,199.0,436.0,96.0,0.0
421010108004,429.0,351.0,378.0,51.0,0.0
421010108005,205.0,347.0,183.0,22.0,0.0
421010263024,920.0,449.0,824.0,96.0,0.0
421010264004,1113.0,340.0,997.0,116.0,0.0
421010264001,331.0,385.0,266.0,65.0,0.0
421010264006,361.0,109.0,351.0,10.0,0.0
421010264002,76.0,227.0,52.0,24.0,0.0
421010264005,530.0,364.0,488.0,42.0,0.0
421010264007,205.0,225.0,170.0,35.0,0.0
421010264003,339.0,116.0,153.0,186.0,0.0
421010271001,554.0,287.0,443.0,111.0,0.0
421010271002,532.0,486.0,435.0,97.0,0.0
421010271003,319.0,231.0,272.0,47.0,0.0
421010240004,334.0,275.0,303.0,31.0,0.0
421010240003,112.0,140.0,112.0,0.0,0.0
421010240001,909.0,507.0,829.0,80.0,0.0
421010240002,535.0,385.0,516.0,19.0,0.0
421010281002,549.0,357.0,443.0,106.0,0.0
421010281001,901.0,642.0,843.0,58.0,0.0
421010281003,547.0,372.0,408.0,139.0,0.0
421010283001,208.0,265.0,158.0,50.0,0.0
421010283003,220.0,128.0,220.0,0.0,0.0
421010283005,513.0,606.0,361.0,152.0,0.0
421010283006,391.0,249.0,315.0,76.0,0.0
421010283007,248.0,295.0,211.0,37.0,0.0
421010283002,217.0,237.0,183.0,34.0,0.0
421010283004,744.0,531.0,610.0,134.0,0.0
421010308004,884.0,443.0,812.0,72.0,0.0
421010308002,566.0,399.0,542.0,24.0,0.0
421010308003,939.0,513.0,760.0,179.0,0.0
421010308001,403.0,190.0,358.0,45.0,0.0
421010310006,714.0,251.0,651.0,63.0,0.0
421010310005,668.0,419.0,599.0,69.0,0.0
421010310007,473.0,217.0,409.0,64.0,0.0
421010310001,500.0,212.0,460.0,40.0,0.0
421010310003,369.0,243.0,338.0,31.0,0.0
421010310004,598.0,301.0,471.0,127.0,0.0
421010310002,770.0,264.0,744.0,26.0,0.0
421010153004,713.0,647.0,658.0,48.0,7.0
421010153002,213.0,263.0,178.0,35.0,0.0
421010153001,380.0,745.0,286.0,94.0,0.0
421010153003,363.0,243.0,272.0,91.0,0.0
421010157003,472.0,205.0,438.0,34.0,0.0
421010157002,696.0,342.0,602.0,94.0,0.0
421010157001,405.0,168.0,368.0,37.0,0.0
421010160003,959.0,416.0,894.0,65.0,0.0
421010160002,512.0,236.0,474.0,38.0,0.0
421010160004,644.0,128.0,479.0,165.0,0.0
421010160005,534.0,85.0,433.0,101.0,0.0
421010160006,506.0,95.0,469.0,37.0,0.0
421010160007,523.0,292.0,500.0,23.0,0.0
421010160001,306.0,141.0,294.0,12.0,0.0
421010168003,256.0,227.0,224.0,32.0,0.0
421010168002,226.0,135.0,199.0,27.0,0.0
421010168001,308.0,394.0,227.0,81.0,0.0
421010168006,274.0,266.0,248.0,26.0,0.0
421010168004,104.0,419.0,81.0,23.0,0.0
421010168005,50.0,240.0,41.0,9.0,0.0
421010177023,296.0,278.0,195.0,101.0,0.0
421010177022,232.0,661.0,205.0,27.0,0.0
421010177011,384.0,430.0,220.0,164.0,0.0
421010177012,552.0,476.0,394.0,158.0,0.0
421010177013,412.0,338.0,351.0,61.0,0.0
421010356021,673.0,442.0,644.0,29.0,0.0
421010356022,1202.0,504.0,1172.0,30.0,0.0
421010316006,437.0,182.0,401.0,36.0,0.0
421010202005,373.0,437.0,225.0,148.0,0.0
421010202002,152.0,105.0,152.0,0.0,0.0
421010202006,319.0,437.0,204.0,115.0,0.0
421010202003,151.0,214.0,127.0,24.0,0.0
421010202004,71.0,445.0,48.0,23.0,0.0
421010202001,250.0,453.0,201.0,49.0,0.0
421010149001,262.0,270.0,213.0,49.0,0.0
421010347022,492.0,155.0,420.0,72.0,0.0
421010347023,507.0,279.0,488.0,19.0,0.0
421010266006,261.0,395.0,235.0,26.0,0.0
421010266001,345.0,128.0,345.0,0.0,0.0
421010266002,590.0,476.0,456.0,134.0,0.0
421010266003,270.0,288.0,254.0,16.0,0.0
421010266008,562.0,327.0,472.0,90.0,0.0
421010266004,379.0,397.0,319.0,60.0,0.0
421010266005,135.0,303.0,69.0,66.0,0.0
421010266007,420.0,219.0,287.0,133.0,0.0
421010104003,371.0,715.0,349.0,22.0,0.0
421010390002,733.0,251.0,478.0,255.0,0.0
421010390003,477.0,211.0,391.0,86.0,0.0
421010390007,757.0,260.0,571.0,186.0,0.0
421010390008,485.0,199.0,289.0,196.0,0.0
421010390001,489.0,122.0,403.0,86.0,0.0
421010390004,409.0,197.0,274.0,135.0,0.0
421010390005,472.0,409.0,398.0,74.0,0.0
421010378003,663.0,357.0,610.0,43.0,10.0
421010378002,171.0,201.0,171.0,0.0,0.0
421010378001,755.0,216.0,667.0,88.0,0.0
421010377003,50.0,177.0,47.0,3.0,0.0
421010377002,1217.0,730.0,883.0,334.0,0.0
421010377001,889.0,1894.0,722.0,167.0,0.0
421010342002,906.0,1037.0,839.0,67.0,0.0
421010361001,493.0,232.0,391.0,102.0,0.0
421010335001,630.0,262.0,625.0,5.0,0.0
421010335003,575.0,301.0,544.0,31.0,0.0
421010335002,904.0,575.0,697.0,207.0,0.0
421010341003,474.0,272.0,474.0,0.0,0.0
421010341001,404.0,239.0,383.0,21.0,0.0
421010341002,574.0,190.0,558.0,16.0,0.0
421010341006,419.0,173.0,369.0,50.0,0.0
421010341005,568.0,246.0,553.0,15.0,0.0
421010341004,719.0,362.0,640.0,79.0,0.0
421010351001,1040.0,889.0,981.0,59.0,0.0
421010351002,950.0,1098.0,855.0,95.0,0.0
421010353012,1175.0,568.0,1086.0,89.0,0.0
421010353013,354.0,149.0,347.0,7.0,0.0
421010353011,1480.0,722.0,1415.0,49.0,16.0
421010360001,1409.0,1464.0,1343.0,66.0,0.0
421010199001,288.0,170.0,185.0,103.0,0.0
421010199002,368.0,383.0,225.0,143.0,0.0
421010199003,300.0,337.0,139.0,161.0,0.0
421010199004,494.0,602.0,242.0,252.0,0.0
421010204003,255.0,170.0,200.0,55.0,0.0
421010204001,168.0,297.0,138.0,30.0,0.0
421010204002,225.0,397.0,170.0,55.0,0.0
421010204004,276.0,241.0,265.0,11.0,0.0
421010237001,619.0,251.0,400.0,219.0,0.0
421010237002,802.0,512.0,745.0,57.0,0.0
421010237004,901.0,279.0,732.0,169.0,0.0
421010237003,533.0,223.0,533.0,0.0,0.0
421010104002,276.0,278.0,183.0,93.0,0.0
421010104001,183.0,387.0,143.0,40.0,0.0
421010104004,473.0,486.0,331.0,142.0,0.0
421010132001,373.0,551.0,280.0,93.0,0.0
421010132002,502.0,659.0,425.0,77.0,0.0
421010326001,362.0,207.0,235.0,127.0,0.0
421010326004,454.0,510.0,444.0,10.0,0.0
421010326007,348.0,163.0,326.0,0.0,22.0
421010326006,563.0,294.0,447.0,116.0,0.0
421010326002,546.0,216.0,426.0,120.0,0.0
421010326003,652.0,529.0,627.0,25.0,0.0
421010326005,249.0,20.0,231.0,18.0,0.0
421010332001,915.0,397.0,883.0,32.0,0.0
421010332002,503.0,241.0,478.0,25.0,0.0
421010338003,350.0,47.0,277.0,73.0,0.0
421010338005,823.0,144.0,702.0,121.0,0.0
421010338002,208.0,229.0,183.0,25.0,0.0
421010338001,1199.0,938.0,1094.0,105.0,0.0
421010338004,536.0,290.0,482.0,54.0,0.0
421010344003,1191.0,825.0,1178.0,13.0,0.0
421010344004,1137.0,653.0,1114.0,23.0,0.0
421010344001,708.0,597.0,673.0,35.0,0.0
421010344002,624.0,568.0,619.0,5.0,0.0
421010113002,135.0,197.0,112.0,23.0,0.0
421010347012,1124.0,756.0,1044.0,80.0,0.0
421010113001,981.0,308.0,956.0,25.0,0.0
421010113003,490.0,208.0,342.0,148.0,0.0
421010114001,1043.0,472.0,994.0,49.0,0.0
421010114004,294.0,243.0,210.0,84.0,0.0
421010114005,1113.0,439.0,1113.0,0.0,0.0
421010114003,680.0,226.0,599.0,81.0,0.0
421010114006,444.0,429.0,368.0,76.0,0.0
421010114002,206.0,282.0,195.0,11.0,0.0
421010117001,826.0,1117.0,713.0,113.0,0.0
421010176011,132.0,234.0,44.0,88.0,0.0
421010176013,217.0,614.0,197.0,20.0,0.0
421010176012,391.0,218.0,281.0,110.0,0.0
421010176014,657.0,887.0,587.0,70.0,0.0
421010176015,63.0,652.0,63.0,0.0,0.0
421010036002,528.0,315.0,389.0,139.0,0.0
421010036001,899.0,907.0,868.0,31.0,0.0
421010036004,340.0,512.0,340.0,0.0,0.0
421010036003,1054.0,657.0,613.0,441.0,0.0
421010170002,127.0,171.0,97.0,30.0,0.0
421010170003,183.0,494.0,114.0,69.0,0.0
421010290002,797.0,360.0,734.0,63.0,0.0
421010301001,353.0,103.0,302.0,34.0,17.0
421010301002,925.0,676.0,709.0,216.0,0.0
421010301005,403.0,374.0,388.0,15.0,0.0
421010347011,1391.0,691.0,1303.0,88.0,0.0
421010347013,734.0,583.0,708.0,26.0,0.0
421010352003,792.0,429.0,754.0,38.0,0.0
421010352001,1179.0,540.0,1092.0,87.0,0.0
421010352002,392.0,253.0,370.0,22.0,0.0
421010358002,553.0,342.0,516.0,37.0,0.0
421010358003,944.0,419.0,854.0,90.0,0.0
421010358001,2157.0,1124.0,1895.0,262.0,0.0
421010359002,1654.0,552.0,1532.0,122.0,0.0
421010359001,1088.0,1297.0,1059.0,29.0,0.0
421010362012,367.0,256.0,352.0,15.0,0.0
421010362011,954.0,504.0,853.0,101.0,0.0
421010362013,541.0,388.0,521.0,20.0,0.0
421010362021,625.0,422.0,563.0,62.0,0.0
421010362022,862.0,497.0,847.0,15.0,0.0
421010362023,647.0,353.0,602.0,45.0,0.0
421010362024,902.0,533.0,867.0,35.0,0.0
421010106002,302.0,473.0,249.0,53.0,0.0
421010131001,403.0,317.0,325.0,67.0,11.0
421010131002,423.0,229.0,365.0,58.0,0.0
421010138002,608.0,475.0,543.0,65.0,0.0
421010138001,198.0,233.0,163.0,35.0,0.0
421010162001,376.0,286.0,299.0,69.0,8.0
421010162002,241.0,370.0,225.0,16.0,0.0
421010162003,320.0,346.0,275.0,45.0,0.0
421010179002,639.0,562.0,504.0,135.0,0.0
421010179001,107.0,0.0,107.0,0.0,0.0
421010179005,719.0,574.0,452.0,267.0,0.0
421010179004,760.0,878.0,596.0,164.0,0.0
421010179003,399.0,219.0,272.0,127.0,0.0
421010183003,636.0,530.0,566.0,70.0,0.0
421010183002,585.0,174.0,566.0,19.0,0.0
421010183001,425.0,237.0,385.0,40.0,0.0
421010170001,1067.0,481.0,1067.0,0.0,0.0
421010243003,281.0,323.0,246.0,35.0,0.0
421010243002,512.0,381.0,483.0,29.0,0.0
421010243004,246.0,224.0,231.0,15.0,0.0
421010243001,405.0,182.0,338.0,67.0,0.0
421010276002,151.0,135.0,151.0,0.0,0.0
421010039023,446.0,334.0,446.0,0.0,0.0
421010078003,592.0,314.0,563.0,29.0,0.0
421010078004,619.0,153.0,557.0,62.0,0.0
421010078005,820.0,281.0,741.0,79.0,0.0
421010080001,456.0,289.0,428.0,28.0,0.0
421010094001,323.0,302.0,288.0,35.0,0.0
421010094002,540.0,475.0,469.0,71.0,0.0
421010340002,563.0,312.0,518.0,45.0,0.0
421010340003,304.0,148.0,285.0,19.0,0.0
421010340001,524.0,407.0,490.0,34.0,0.0
421010346001,1435.0,887.0,1352.0,83.0,0.0
421010348011,483.0,530.0,461.0,22.0,0.0
421010348012,731.0,394.0,714.0,17.0,0.0
421010061002,488.0,201.0,412.0,76.0,0.0
421010061001,969.0,748.0,868.0,101.0,0.0
421010022002,308.0,149.0,308.0,0.0,0.0
421010022003,661.0,112.0,591.0,70.0,0.0
421010022001,540.0,137.0,510.0,30.0,0.0
421010023001,747.0,209.0,720.0,27.0,0.0
421010023002,1071.0,466.0,1004.0,67.0,0.0
421010041012,607.0,852.0,507.0,100.0,0.0
421010041011,621.0,215.0,487.0,134.0,0.0
421010041013,681.0,407.0,568.0,113.0,0.0
421010041014,679.0,694.0,589.0,90.0,0.0
421010042024,845.0,307.0,760.0,85.0,0.0
421010042022,453.0,615.0,389.0,64.0,0.0
421010042023,751.0,414.0,656.0,95.0,0.0
421010042021,503.0,585.0,475.0,28.0,0.0
421010055003,1908.0,1232.0,1719.0,189.0,0.0
421010069002,209.0,228.0,120.0,89.0,0.0
421010055002,545.0,146.0,484.0,61.0,0.0
421010055001,1109.0,536.0,1080.0,29.0,0.0
421010069001,342.0,306.0,116.0,226.0,0.0
421010349004,557.0,426.0,557.0,0.0,0.0
421010349002,1383.0,572.0,1246.0,137.0,0.0
421010349001,382.0,329.0,344.0,38.0,0.0
421010269002,644.0,517.0,583.0,61.0,0.0
421010269001,332.0,453.0,286.0,46.0,0.0
421010292003,493.0,266.0,466.0,27.0,0.0
421010292001,1434.0,558.0,1162.0,272.0,0.0
421010292002,457.0,314.0,422.0,35.0,0.0
421010313004,555.0,356.0,514.0,41.0,0.0
421010313001,602.0,147.0,549.0,53.0,0.0
421010313002,847.0,299.0,733.0,114.0,0.0
421010313005,648.0,408.0,571.0,77.0,0.0
421010313003,480.0,198.0,433.0,47.0,0.0
421010313006,504.0,248.0,430.0,74.0,0.0
421010325002,772.0,687.0,757.0,15.0,0.0
421010325004,706.0,437.0,706.0,0.0,0.0
421010325003,842.0,691.0,735.0,107.0,0.0
421010325001,477.0,181.0,415.0,62.0,0.0
421010014001,1167.0,121.0,1138.0,29.0,0.0
421010014002,474.0,17.0,465.0,9.0,0.0
421010301003,430.0,384.0,319.0,111.0,0.0
421010301004,314.0,122.0,297.0,17.0,0.0
421010137004,437.0,179.0,422.0,15.0,0.0
421010137001,396.0,451.0,378.0,18.0,0.0
421010137005,617.0,440.0,501.0,116.0,0.0
421010137003,444.0,458.0,444.0,0.0,0.0
421010137002,296.0,153.0,263.0,33.0,0.0
421010115002,742.0,251.0,708.0,34.0,0.0
421010115003,774.0,302.0,647.0,127.0,0.0
421010115001,602.0,309.0,484.0,118.0,0.0
421010115004,375.0,173.0,328.0,47.0,0.0
421010120001,196.0,193.0,178.0,18.0,0.0
421010120002,683.0,548.0,592.0,91.0,0.0
421010121001,764.0,469.0,691.0,73.0,0.0
421010121002,451.0,999.0,420.0,31.0,0.0
421010257003,718.0,106.0,635.0,83.0,0.0
421010257002,550.0,204.0,536.0,14.0,0.0
421010211002,773.0,368.0,760.0,13.0,0.0
421010211001,769.0,235.0,739.0,30.0,0.0
421010261001,352.0,484.0,257.0,95.0,0.0
421010261003,769.0,567.0,645.0,124.0,0.0
421010261002,485.0,406.0,430.0,55.0,0.0
421010272003,765.0,418.0,657.0,108.0,0.0
421010272001,549.0,178.0,430.0,119.0,0.0
421010272002,1260.0,536.0,1155.0,105.0,0.0
421010275001,681.0,454.0,630.0,51.0,0.0
421010275003,423.0,69.0,382.0,41.0,0.0
421010275002,669.0,281.0,543.0,126.0,0.0
421010275004,699.0,257.0,515.0,184.0,0.0
421010280004,449.0,562.0,334.0,115.0,0.0
421010280001,161.0,380.0,147.0,14.0,0.0
421010280003,429.0,490.0,347.0,82.0,0.0
421010280002,283.0,333.0,249.0,34.0,0.0
421010294001,318.0,333.0,245.0,73.0,0.0
421010166002,180.0,250.0,146.0,34.0,0.0
421010166001,607.0,550.0,501.0,106.0,0.0
421010173001,275.0,434.0,260.0,15.0,0.0
421010173002,700.0,756.0,674.0,26.0,0.0
421010175002,233.0,436.0,195.0,38.0,0.0
421010175006,516.0,359.0,466.0,50.0,0.0
421010175005,375.0,360.0,228.0,147.0,0.0
421010175003,383.0,472.0,231.0,152.0,0.0
421010175004,121.0,226.0,107.0,14.0,0.0
421010175001,612.0,770.0,430.0,182.0,0.0
421010176021,536.0,580.0,425.0,111.0,0.0
421010176022,198.0,245.0,172.0,26.0,0.0
421010176023,655.0,760.0,554.0,101.0,0.0
421010253004,589.0,162.0,541.0,48.0,0.0
421010253002,282.0,286.0,210.0,72.0,0.0
421010253003,554.0,156.0,479.0,75.0,0.0
421010253005,345.0,182.0,264.0,76.0,5.0
421010253001,431.0,455.0,354.0,77.0,0.0
421010238005,643.0,427.0,643.0,0.0,0.0
421010238002,240.0,243.0,213.0,27.0,0.0
421010238001,432.0,184.0,355.0,77.0,0.0
421010094004,310.0,659.0,250.0,60.0,0.0
421010094003,439.0,150.0,386.0,53.0,0.0
421010095003,265.0,228.0,220.0,45.0,0.0
421010095002,156.0,289.0,127.0,29.0,0.0
421010095004,600.0,493.0,600.0,0.0,0.0
421010095001,239.0,232.0,239.0,0.0,0.0
421010084004,334.0,255.0,312.0,22.0,0.0
421010084006,240.0,314.0,190.0,50.0,0.0
421010084001,516.0,258.0,480.0,36.0,0.0
421010084002,249.0,343.0,194.0,55.0,0.0
421010084005,293.0,302.0,228.0,65.0,0.0
421010084003,168.0,187.0,139.0,29.0,0.0
421010090001,243.0,91.0,234.0,9.0,0.0
421010090003,674.0,841.0,599.0,75.0,0.0
421010090002,709.0,1713.0,582.0,127.0,0.0
421010090004,502.0,1177.0,455.0,32.0,15.0
421010198002,301.0,346.0,121.0,180.0,0.0
421010198004,582.0,452.0,509.0,73.0,0.0
421010198003,458.0,175.0,420.0,38.0,0.0
421010198005,332.0,427.0,318.0,14.0,0.0
421010198001,493.0,407.0,384.0,109.0,0.0
421010198006,408.0,375.0,264.0,144.0,0.0
421010212001,754.0,323.0,744.0,10.0,0.0
421010212002,726.0,255.0,690.0,36.0,0.0
421010213001,318.0,148.0,309.0,9.0,0.0
421010213002,364.0,163.0,331.0,33.0,0.0
421010213004,453.0,154.0,429.0,24.0,0.0
421010213005,576.0,299.0,549.0,27.0,0.0
421010213003,567.0,160.0,531.0,36.0,0.0
421010217003,608.0,277.0,517.0,91.0,0.0
421010217004,676.0,504.0,676.0,0.0,0.0
421010217002,885.0,468.0,866.0,19.0,0.0
421010217001,1044.0,642.0,1008.0,36.0,0.0
421010031001,757.0,86.0,661.0,96.0,0.0
421010031002,182.0,129.0,135.0,47.0,0.0
421010031004,353.0,392.0,249.0,104.0,0.0
421010031005,512.0,415.0,465.0,47.0,0.0
421010031003,282.0,192.0,225.0,57.0,0.0
421010032001,671.0,174.0,549.0,122.0,0.0
421010032004,230.0,284.0,173.0,57.0,0.0
421010032006,288.0,122.0,222.0,66.0,0.0
421010032003,515.0,251.0,359.0,156.0,0.0
421010032005,190.0,93.0,190.0,0.0,0.0
421010032002,180.0,188.0,180.0,0.0,0.0
421010040013,399.0,253.0,371.0,28.0,0.0
421010040011,933.0,438.0,898.0,35.0,0.0
421010040012,576.0,338.0,566.0,10.0,0.0
421010040014,434.0,196.0,434.0,0.0,0.0
421010062003,421.0,231.0,378.0,43.0,0.0
421010062002,451.0,234.0,392.0,59.0,0.0
421010072006,436.0,348.0,247.0,189.0,0.0
421010062004,507.0,484.0,481.0,26.0,0.0
421010062001,724.0,208.0,626.0,98.0,0.0
421010072001,361.0,324.0,279.0,82.0,0.0
421010072002,261.0,268.0,214.0,47.0,0.0
421010072003,297.0,150.0,224.0,73.0,0.0
421010072005,359.0,348.0,301.0,58.0,0.0
421010072004,243.0,301.0,212.0,31.0,0.0
421010363012,1076.0,441.0,1068.0,8.0,0.0
421010363011,967.0,423.0,900.0,67.0,0.0
421010353022,1273.0,805.0,1108.0,165.0,0.0
421010353021,1031.0,531.0,926.0,84.0,21.0
421010355003,1217.0,913.0,1060.0,157.0,0.0
421010355001,1378.0,785.0,1250.0,128.0,0.0
421010355002,1092.0,554.0,932.0,160.0,0.0
421010362031,885.0,363.0,823.0,52.0,10.0
421010294003,404.0,331.0,368.0,36.0,0.0
421010294002,334.0,574.0,269.0,65.0,0.0
421010300007,810.0,436.0,666.0,144.0,0.0
421010300003,582.0,318.0,442.0,140.0,0.0
421010300004,484.0,325.0,318.0,166.0,0.0
421010300006,217.0,196.0,157.0,60.0,0.0
421010300005,292.0,98.0,145.0,147.0,0.0
421010300002,320.0,227.0,276.0,44.0,0.0
421010300001,220.0,203.0,166.0,54.0,0.0
421010188004,299.0,339.0,205.0,94.0,0.0
421010188007,815.0,726.0,735.0,80.0,0.0
421010188002,343.0,531.0,210.0,133.0,0.0
421010188001,539.0,693.0,345.0,194.0,0.0
421010188003,313.0,296.0,239.0,74.0,0.0
421010188006,290.0,255.0,290.0,0.0,0.0
421010188005,344.0,64.0,256.0,88.0,0.0
421010191002,321.0,240.0,283.0,38.0,0.0
421010191001,444.0,247.0,433.0,11.0,0.0
421010238003,407.0,203.0,385.0,22.0,0.0
421010238004,384.0,284.0,349.0,35.0,0.0
421010252001,213.0,181.0,191.0,22.0,0.0
421010252006,504.0,1012.0,442.0,62.0,0.0
421010252007,358.0,436.0,328.0,30.0,0.0
421010252005,523.0,486.0,491.0,32.0,0.0
421010252003,264.0,148.0,204.0,60.0,0.0
421010252004,493.0,435.0,465.0,28.0,0.0
421010252002,402.0,179.0,307.0,95.0,0.0
421010262004,572.0,481.0,551.0,21.0,0.0
421010262002,332.0,317.0,328.0,4.0,0.0
421010262001,337.0,196.0,318.0,19.0,0.0
421010262003,742.0,489.0,664.0,78.0,0.0
421010273001,516.0,531.0,463.0,53.0,0.0
421010273002,529.0,388.0,490.0,39.0,0.0
421010273003,498.0,425.0,377.0,121.0,0.0
421010273005,854.0,282.0,674.0,180.0,0.0
421010273004,658.0,258.0,603.0,55.0,0.0
421010284002,960.0,352.0,610.0,350.0,0.0
421010284003,251.0,308.0,102.0,149.0,0.0
421010218003,499.0,241.0,426.0,73.0,0.0
421019801001,55.0,33.0,55.0,0.0,0.0
421019891001,32.0,2504.0,8.0,24.0,0.0
421010167024,308.0,237.0,259.0,49.0,0.0
421010167021,176.0,219.0,148.0,28.0,0.0
421010167022,305.0,409.0,285.0,20.0,0.0
421010167023,163.0,325.0,163.0,0.0,0.0
421010063003,396.0,357.0,276.0,120.0,0.0
421010063001,85.0,175.0,65.0,20.0,0.0
421010063004,918.0,688.0,715.0,203.0,0.0
421010073001,234.0,213.0,170.0,64.0,0.0
421010073002,321.0,412.0,241.0,80.0,0.0
421010073003,211.0,81.0,199.0,12.0,0.0
421010073004,365.0,263.0,300.0,65.0,0.0
421010079001,592.0,104.0,549.0,43.0,0.0
421010079003,823.0,432.0,753.0,70.0,0.0
421010079002,812.0,259.0,797.0,15.0,0.0
421010079004,644.0,246.0,610.0,34.0,0.0
421010085002,696.0,295.0,553.0,143.0,0.0
421010085005,644.0,296.0,495.0,149.0,0.0
421010085006,436.0,399.0,408.0,28.0,0.0
421010085003,418.0,165.0,418.0,0.0,0.0
421010085004,278.0,258.0,231.0,47.0,0.0
421010085007,655.0,592.0,574.0,81.0,0.0
421010085001,195.0,224.0,195.0,0.0,0.0
421010096001,395.0,474.0,327.0,68.0,0.0
421010096003,368.0,337.0,336.0,32.0,0.0
421010096002,374.0,254.0,330.0,44.0,0.0
421010362032,662.0,241.0,625.0,37.0,0.0
421010362033,1105.0,852.0,1058.0,47.0,0.0
421010364001,316.0,653.0,255.0,61.0,0.0
421010205001,614.0,640.0,359.0,255.0,0.0
421010205002,396.0,540.0,371.0,25.0,0.0
421010218001,1345.0,298.0,1225.0,120.0,0.0
421010218002,1124.0,471.0,1064.0,60.0,0.0
421010219001,910.0,314.0,857.0,53.0,0.0
421010248002,495.0,414.0,448.0,47.0,0.0
421010241001,485.0,928.0,398.0,87.0,0.0
421010248001,446.0,381.0,400.0,46.0,0.0
421010064001,562.0,264.0,457.0,105.0,0.0
421010064002,472.0,245.0,448.0,24.0,0.0
421010064003,786.0,495.0,665.0,121.0,0.0
421010065006,394.0,432.0,308.0,86.0,0.0
421010065001,222.0,120.0,197.0,25.0,0.0
421010065003,327.0,315.0,311.0,16.0,0.0
421010065002,313.0,224.0,285.0,28.0,0.0
421010065004,517.0,194.0,370.0,147.0,0.0
421010065005,259.0,198.0,180.0,79.0,0.0
421010066004,356.0,304.0,284.0,72.0,0.0
421010066002,85.0,181.0,71.0,14.0,0.0
421010066001,290.0,455.0,238.0,52.0,0.0
421010066003,440.0,408.0,398.0,42.0,0.0
421010091002,422.0,333.0,391.0,31.0,0.0
421010074002,491.0,328.0,436.0,55.0,0.0
421010074001,425.0,308.0,388.0,37.0,0.0
421010074003,300.0,331.0,280.0,20.0,0.0
421010074004,661.0,346.0,605.0,56.0,0.0
421010074005,144.0,222.0,113.0,31.0,0.0
421010255003,312.0,111.0,312.0,0.0,0.0
421010255002,582.0,455.0,476.0,106.0,0.0
421010255001,686.0,227.0,663.0,23.0,0.0
421010256002,490.0,220.0,425.0,65.0,0.0
421010256003,471.0,210.0,471.0,0.0,0.0
421010256001,608.0,305.0,565.0,43.0,0.0
421010263012,489.0,286.0,448.0,41.0,0.0
421010263014,351.0,344.0,341.0,10.0,0.0
421010263011,664.0,391.0,533.0,131.0,0.0
421010263013,384.0,330.0,308.0,76.0,0.0
421010270002,986.0,542.0,861.0,125.0,0.0
421010270001,577.0,236.0,528.0,49.0,0.0
421010247001,314.0,401.0,251.0,63.0,0.0
421010247004,216.0,397.0,216.0,0.0,0.0
421010247003,358.0,472.0,289.0,69.0,0.0
421019807001,0.0,0.0,0.0,0.0,0.0
421010027012,566.0,339.0,467.0,99.0,0.0
421010027011,673.0,150.0,616.0,57.0,0.0
421010027013,1238.0,715.0,979.0,259.0,0.0
421019806001,0.0,0.0,0.0,0.0,0.0
421010337012,604.0,348.0,593.0,11.0,0.0
421010337013,989.0,1701.0,941.0,48.0,0.0
421010337011,849.0,440.0,788.0,61.0,0.0
421010279011,440.0,269.0,362.0,78.0,0.0
421010279013,305.0,185.0,240.0,58.0,7.0
421010279012,420.0,329.0,420.0,0.0,0.0
421010279014,849.0,516.0,761.0,88.0,0.0
421010279021,710.0,863.0,631.0,79.0,0.0
421010279022,922.0,1334.0,788.0,134.0,0.0
421010081012,343.0,319.0,225.0,118.0,0.0
421010081011,518.0,523.0,470.0,48.0,0.0
421010081013,221.0,336.0,173.0,48.0,0.0
421010071022,493.0,450.0,485.0,8.0,0.0
421010071023,306.0,247.0,256.0,50.0,0.0
421010071021,387.0,383.0,370.0,17.0,0.0
421010071024,362.0,272.0,308.0,54.0,0.0
421010071025,581.0,421.0,358.0,223.0,0.0
421010088021,533.0,537.0,506.0,27.0,0.0
421010088022,428.0,766.0,411.0,17.0,0.0
421010088023,924.0,2061.0,888.0,36.0,0.0
421010088024,301.0,717.0,272.0,29.0,0.0
421010087021,819.0,673.0,794.0,25.0,0.0
421010087022,763.0,263.0,763.0,0.0,0.0
421010081024,807.0,984.0,685.0,122.0,0.0
421010087011,771.0,216.0,752.0,19.0,0.0
421010087012,706.0,533.0,706.0,0.0,0.0
421010087013,1104.0,404.0,1037.0,67.0,0.0
421010081022,361.0,405.0,306.0,55.0,0.0
421010081021,431.0,115.0,309.0,122.0,0.0
421010081025,286.0,325.0,275.0,11.0,0.0
421010081023,437.0,330.0,374.0,63.0,0.0
421010086021,625.0,305.0,564.0,61.0,0.0
421010086022,433.0,288.0,426.0,7.0,0.0
421010145001,307.0,336.0,233.0,74.0,0.0
421010145002,268.0,337.0,251.0,17.0,0.0
421010165001,34.0,252.0,25.0,9.0,0.0
421010165003,459.0,603.0,319.0,140.0,0.0
421010165002,243.0,318.0,218.0,25.0,0.0
421010236001,375.0,46.0,357.0,18.0,0.0
421010236002,413.0,515.0,372.0,41.0,0.0
421010236003,405.0,290.0,385.0,20.0,0.0
421010242003,429.0,323.0,353.0,76.0,0.0
421010239002,338.0,118.0,329.0,9.0,0.0
421010239001,427.0,366.0,397.0,30.0,0.0
421010242002,273.0,411.0,273.0,0.0,0.0
421010242001,293.0,203.0,247.0,46.0,0.0
421010242004,575.0,223.0,554.0,21.0,0.0
421010245003,275.0,303.0,247.0,28.0,0.0
421010140003,565.0,463.0,539.0,26.0,0.0
421010140001,848.0,585.0,716.0,132.0,0.0
421010140002,165.0,144.0,165.0,0.0,0.0
421010096005,472.0,144.0,460.0,12.0,0.0
421010096004,568.0,321.0,465.0,103.0,0.0
421010118002,466.0,215.0,358.0,108.0,0.0
421010118006,183.0,211.0,183.0,0.0,0.0
421010118005,554.0,584.0,497.0,57.0,0.0
421010118001,597.0,516.0,587.0,10.0,0.0
421010118003,525.0,804.0,525.0,0.0,0.0
421010118004,327.0,370.0,327.0,0.0,0.0
421010119002,809.0,735.0,728.0,81.0,0.0
421010119005,312.0,98.0,278.0,34.0,0.0
421010119004,148.0,311.0,113.0,35.0,0.0
421010119001,283.0,372.0,283.0,0.0,0.0
421010119003,381.0,310.0,313.0,68.0,0.0
421010139002,290.0,390.0,267.0,23.0,0.0
421010139001,213.0,279.0,159.0,54.0,0.0
421010139003,425.0,548.0,414.0,11.0,0.0
421010092001,645.0,705.0,577.0,68.0,0.0
421010092002,726.0,729.0,630.0,96.0,0.0
421010091003,367.0,961.0,280.0,87.0,0.0
421010091001,421.0,282.0,421.0,0.0,0.0
421010103001,469.0,582.0,437.0,32.0,0.0
421010103002,374.0,378.0,291.0,83.0,0.0
421010105003,495.0,1008.0,465.0,30.0,0.0
421010105001,45.0,122.0,38.0,7.0,0.0
421010105002,696.0,1018.0,524.0,172.0,0.0
421010314023,1405.0,947.0,1298.0,107.0,0.0
421010167011,336.0,324.0,240.0,96.0,0.0
421010167013,338.0,817.0,261.0,77.0,0.0
421010167012,294.0,113.0,182.0,112.0,0.0
421010039014,621.0,399.0,488.0,133.0,0.0
421010020001,847.0,306.0,746.0,101.0,0.0
421010020002,542.0,203.0,443.0,99.0,0.0
421010039011,862.0,542.0,853.0,9.0,0.0
421010039012,1296.0,317.0,1238.0,58.0,0.0
421010039013,988.0,720.0,976.0,12.0,0.0
421010050001,0.0,0.0,0.0,0.0,0.0
421010054001,865.0,430.0,786.0,79.0,0.0
421010276001,683.0,304.0,550.0,133.0,0.0
421010016001,713.0,105.0,701.0,12.0,0.0
421010276003,369.0,315.0,336.0,33.0,0.0
421010276004,462.0,302.0,431.0,31.0,0.0
421010016002,928.0,203.0,928.0,0.0,0.0
421010039021,937.0,562.0,902.0,35.0,0.0
421010039024,1044.0,734.0,963.0,81.0,0.0
421010039022,571.0,128.0,571.0,0.0,0.0
421010306004,835.0,292.0,655.0,180.0,0.0
421010302002,1028.0,289.0,964.0,64.0,0.0
421010302005,652.0,246.0,565.0,87.0,0.0
421010306006,421.0,207.0,393.0,28.0,0.0
421010306001,392.0,831.0,368.0,24.0,0.0
421010306003,469.0,147.0,404.0,65.0,0.0
421010306005,272.0,141.0,258.0,14.0,0.0
421010306007,913.0,480.0,787.0,126.0,0.0
421010306002,493.0,156.0,493.0,0.0,0.0
421010316001,423.0,269.0,396.0,27.0,0.0
421010316007,542.0,410.0,508.0,34.0,0.0
421010316005,725.0,162.0,470.0,255.0,0.0
421010316002,590.0,146.0,467.0,123.0,0.0
421010316003,267.0,142.0,242.0,25.0,0.0
421010316004,480.0,204.0,308.0,172.0,0.0
421010015001,695.0,144.0,695.0,0.0,0.0
421010029001,709.0,222.0,659.0,50.0,0.0
421010029003,1094.0,533.0,1004.0,90.0,0.0
421010029002,560.0,328.0,544.0,16.0,0.0
421010015002,1330.0,406.0,1269.0,61.0,0.0
421010037021,878.0,681.0,753.0,125.0,0.0
421010037023,488.0,170.0,314.0,174.0,0.0
421010037022,568.0,306.0,516.0,52.0,0.0
421010244003,369.0,394.0,281.0,88.0,0.0
421010106001,225.0,254.0,179.0,46.0,0.0
421010244002,555.0,456.0,460.0,95.0,0.0
421010244001,300.0,359.0,246.0,54.0,0.0
421010246002,520.0,347.0,422.0,98.0,0.0
421010246001,199.0,359.0,193.0,6.0,0.0
421010246003,351.0,307.0,325.0,26.0,0.0
421010249003,132.0,288.0,115.0,17.0,0.0
421010357011,1146.0,855.0,1048.0,98.0,0.0
421010357012,1407.0,624.0,1310.0,97.0,0.0
421010357021,794.0,435.0,725.0,69.0,0.0
421010357022,1233.0,725.0,1143.0,90.0,0.0
421010356014,345.0,542.0,303.0,42.0,0.0
421010356012,915.0,613.0,848.0,67.0,0.0
421010356013,448.0,291.0,434.0,14.0,0.0
421010356011,938.0,924.0,901.0,37.0,0.0
421010151012,357.0,746.0,341.0,16.0,0.0
421010151011,305.0,337.0,279.0,26.0,0.0
421010151021,561.0,610.0,391.0,170.0,0.0
421010151023,136.0,397.0,80.0,56.0,0.0
421010151022,444.0,670.0,360.0,84.0,0.0
421010365013,402.0,184.0,381.0,21.0,0.0
421010365012,1219.0,450.0,1191.0,28.0,0.0
421010365011,1284.0,780.0,1171.0,113.0,0.0
421019804001,0.0,0.0,0.0,0.0,0.0
421010134022,402.0,108.0,392.0,10.0,0.0
421010134021,650.0,124.0,643.0,7.0,0.0
421010134023,1200.0,218.0,1186.0,14.0,0.0
421010134011,459.0,549.0,449.0,10.0,0.0
421010379003,475.0,174.0,416.0,59.0,0.0
421010134012,934.0,172.0,894.0,40.0,0.0
421010136011,853.0,137.0,831.0,22.0,0.0
421010136012,1135.0,250.0,1120.0,15.0,0.0
421010379005,244.0,226.0,244.0,0.0,0.0
421010379001,338.0,73.0,272.0,66.0,0.0
421010379004,435.0,361.0,412.0,23.0,0.0
421010379002,616.0,457.0,556.0,60.0,0.0
421010379006,628.0,293.0,580.0,48.0,0.0
421010381002,93.0,59.0,71.0,22.0,0.0
421010384002,519.0,302.0,490.0,29.0,0.0
421010384001,760.0,384.0,710.0,50.0,0.0
421010028011,952.0,489.0,826.0,126.0,0.0
421010028013,918.0,372.0,854.0,64.0,0.0
421019805001,0.0,0.0,0.0,0.0,0.0
421010008011,895.0,373.0,878.0,17.0,0.0
421010011012,731.0,371.0,704.0,12.0,15.0
421010011014,601.0,324.0,547.0,54.0,0.0
421010011011,352.0,244.0,295.0,57.0,0.0
421010011013,722.0,123.0,713.0,9.0,0.0
421010274022,237.0,167.0,189.0,48.0,0.0
421010274023,428.0,39.0,258.0,170.0,0.0
421010274021,1079.0,634.0,1052.0,27.0,0.0
421010274024,1096.0,822.0,954.0,142.0,0.0
421010274025,485.0,432.0,462.0,23.0,0.0
421010365021,1469.0,784.0,1363.0,106.0,0.0
421010086012,1279.0,290.0,1175.0,104.0,0.0
421010086011,763.0,402.0,696.0,67.0,0.0
421010365022,709.0,351.0,676.0,33.0,0.0
421010367001,1453.0,181.0,1420.0,33.0,0.0
421010367002,879.0,272.0,768.0,111.0,0.0
421010376002,1465.0,560.0,1352.0,113.0,0.0
421010376001,328.0,548.0,181.0,147.0,0.0
421010386001,669.0,511.0,623.0,46.0,0.0
421010385002,607.0,505.0,566.0,41.0,0.0
421010385001,295.0,208.0,276.0,19.0,0.0
421010387002,910.0,826.0,843.0,62.0,5.0
421010387001,356.0,137.0,356.0,0.0,0.0
421010388004,708.0,415.0,627.0,81.0,0.0
421010388002,624.0,242.0,624.0,0.0,0.0
421010388001,417.0,223.0,386.0,31.0,0.0
421010388003,507.0,107.0,449.0,58.0,0.0
421010060001,959.0,662.0,884.0,75.0,0.0
421010060002,853.0,669.0,783.0,70.0,0.0
421010060005,246.0,406.0,200.0,46.0,0.0
421010060004,381.0,285.0,303.0,78.0,0.0
421010060003,199.0,141.0,102.0,97.0,0.0
421010111002,221.0,47.0,177.0,44.0,0.0
421010111003,209.0,183.0,175.0,34.0,0.0
421010111001,181.0,179.0,161.0,20.0,0.0
421010111004,327.0,400.0,224.0,103.0,0.0
421010111005,428.0,200.0,428.0,0.0,0.0
421010082001,34.0,298.0,33.0,1.0,0.0
421010082006,725.0,456.0,580.0,145.0,0.0
421010082002,703.0,645.0,546.0,157.0,0.0
421010082004,131.0,306.0,123.0,8.0,0.0
421010082005,243.0,168.0,166.0,77.0,0.0
421010082003,863.0,235.0,509.0,354.0,0.0
421010082007,376.0,289.0,345.0,31.0,0.0
421010083012,651.0,993.0,459.0,192.0,0.0
421010083011,868.0,512.0,722.0,146.0,0.0
421010083013,552.0,552.0,515.0,37.0,0.0
421010083021,395.0,423.0,311.0,84.0,0.0
421010083022,770.0,542.0,697.0,73.0,0.0
421010083023,288.0,362.0,250.0,38.0,0.0
421010083024,560.0,345.0,504.0,56.0,0.0
421010249004,321.0,189.0,288.0,33.0,0.0
421010249002,136.0,50.0,106.0,30.0,0.0
421010249001,517.0,481.0,440.0,77.0,0.0
421010258001,814.0,577.0,757.0,57.0,0.0
421010265005,285.0,251.0,285.0,0.0,0.0
421010265001,336.0,188.0,304.0,32.0,0.0
421010265003,357.0,322.0,335.0,22.0,0.0
421010265004,415.0,292.0,313.0,102.0,0.0
421010265006,722.0,617.0,663.0,59.0,0.0
421010265002,366.0,419.0,328.0,38.0,0.0
421010267002,109.0,26.0,109.0,0.0,0.0
421010267006,448.0,197.0,389.0,59.0,0.0
421010267007,345.0,204.0,303.0,42.0,0.0
421010267003,511.0,458.0,346.0,165.0,0.0
421010267004,651.0,212.0,499.0,152.0,0.0
421010267005,694.0,779.0,622.0,72.0,0.0
421010267001,374.0,226.0,220.0,154.0,0.0
421010190003,903.0,331.0,638.0,265.0,0.0
421010183004,451.0,192.0,398.0,53.0,0.0
421010190004,541.0,255.0,524.0,17.0,0.0
421010190001,628.0,373.0,500.0,128.0,0.0
421010190002,897.0,461.0,810.0,87.0,0.0
421010190005,656.0,370.0,529.0,127.0,0.0
421010206001,646.0,754.0,623.0,23.0,0.0
421010215003,557.0,102.0,537.0,20.0,0.0
421010215001,458.0,215.0,439.0,19.0,0.0
421010215002,954.0,156.0,928.0,26.0,0.0
421010215004,675.0,319.0,650.0,25.0,0.0
421010216001,571.0,271.0,515.0,56.0,0.0
421010216002,941.0,275.0,894.0,47.0,0.0
421010220001,726.0,643.0,665.0,61.0,0.0
421010002001,1435.0,920.0,1311.0,124.0,0.0
421010006001,855.0,256.0,804.0,51.0,0.0
421010078001,382.0,535.0,382.0,0.0,0.0
421010078002,246.0,97.0,246.0,0.0,0.0
421010093002,399.0,234.0,347.0,52.0,0.0
421010093001,184.0,201.0,180.0,4.0,0.0
421010093004,265.0,444.0,223.0,42.0,0.0
421010093003,202.0,332.0,179.0,23.0,0.0
421010093005,834.0,404.0,655.0,179.0,0.0
421010321002,483.0,323.0,432.0,51.0,0.0
421010321001,793.0,371.0,567.0,226.0,0.0
421010321003,586.0,368.0,507.0,79.0,0.0
421010214001,684.0,177.0,675.0,9.0,0.0
421010214005,589.0,132.0,539.0,50.0,0.0
421010214004,899.0,75.0,880.0,19.0,0.0
421010214002,548.0,253.0,485.0,63.0,0.0
421010214003,431.0,323.0,431.0,0.0,0.0
421010349003,471.0,261.0,471.0,0.0,0.0
421010317004,778.0,253.0,644.0,134.0,0.0
421010317003,399.0,168.0,382.0,17.0,0.0
421010317005,444.0,241.0,444.0,0.0,0.0
421010317001,647.0,405.0,570.0,77.0,0.0
421010317002,1100.0,483.0,1018.0,82.0,0.0
421010318003,265.0,162.0,217.0,48.0,0.0
421010318002,816.0,403.0,726.0,90.0,0.0
421010318004,414.0,286.0,370.0,44.0,0.0
421010318001,489.0,315.0,462.0,27.0,0.0
421010323001,273.0,158.0,249.0,24.0,0.0
421010323003,844.0,542.0,810.0,34.0,0.0
421010323002,662.0,304.0,602.0,60.0,0.0
421010334001,433.0,257.0,364.0,69.0,0.0
421010334004,884.0,818.0,839.0,45.0,0.0
421010334002,867.0,376.0,790.0,77.0,0.0
421010334003,377.0,542.0,347.0,30.0,0.0
421010339001,553.0,322.0,506.0,47.0,0.0
421010339002,836.0,358.0,738.0,98.0,0.0
421010339003,361.0,124.0,339.0,22.0,0.0
421010361002,297.0,206.0,262.0,35.0,0.0
421010109003,349.0,419.0,329.0,20.0,0.0
421010102001,311.0,294.0,262.0,49.0,0.0
421010102002,353.0,446.0,289.0,64.0,0.0
421010102003,491.0,565.0,471.0,20.0,0.0
421010109002,190.0,193.0,186.0,4.0,0.0
421010109001,491.0,366.0,404.0,87.0,0.0
421010069003,285.0,180.0,244.0,41.0,0.0
421010077002,360.0,399.0,303.0,57.0,0.0
421010077001,647.0,525.0,625.0,22.0,0.0
421010110004,526.0,514.0,482.0,44.0,0.0
421010110002,307.0,368.0,282.0,25.0,0.0
421010110003,226.0,432.0,152.0,74.0,0.0
421010110001,300.0,173.0,226.0,74.0,0.0
421010112004,512.0,355.0,470.0,42.0,0.0
421010112003,232.0,518.0,194.0,38.0,0.0
421010112007,137.0,234.0,67.0,70.0,0.0
421010112002,261.0,327.0,248.0,13.0,0.0
421010112005,208.0,373.0,184.0,24.0,0.0
421010112001,407.0,252.0,407.0,0.0,0.0
421010112006,264.0,250.0,227.0,37.0,0.0
421010041021,1188.0,1247.0,992.0,196.0,0.0
421010041023,526.0,288.0,447.0,79.0,0.0
421010041022,1467.0,939.0,1304.0,163.0,0.0
421010041024,842.0,465.0,784.0,58.0,0.0
421010014003,1319.0,622.0,1273.0,46.0,0.0
421010363021,893.0,300.0,841.0,52.0,0.0
421010363022,999.0,393.0,954.0,45.0,0.0
421010063002,445.0,428.0,194.0,251.0,0.0
421010142001,908.0,71.0,892.0,16.0,0.0
421010142002,2528.0,378.0,2501.0,27.0,0.0
421010037012,426.0,630.0,298.0,128.0,0.0
421010037011,231.0,269.0,231.0,0.0,0.0
421010037014,517.0,286.0,419.0,98.0,0.0
421010037015,308.0,235.0,308.0,0.0,0.0
421010037013,1325.0,469.0,1003.0,322.0,0.0
421010287001,589.0,513.0,527.0,62.0,0.0
421010287002,352.0,311.0,259.0,93.0,0.0
421010291004,339.0,289.0,331.0,8.0,0.0
421010291001,325.0,89.0,222.0,103.0,0.0
421010291003,556.0,519.0,496.0,60.0,0.0
421010291002,848.0,620.0,658.0,190.0,0.0
421010135002,347.0,94.0,338.0,9.0,0.0
421010135004,1083.0,687.0,1061.0,22.0,0.0
421010135001,371.0,103.0,371.0,0.0,0.0
421010135003,521.0,163.0,499.0,22.0,0.0
421010143002,525.0,133.0,476.0,49.0,0.0
421010143001,704.0,191.0,649.0,48.0,7.0
421010146001,789.0,1675.0,688.0,101.0,0.0
421010146003,285.0,363.0,278.0,7.0,0.0
421010146002,399.0,315.0,399.0,0.0,0.0
421010149003,271.0,208.0,197.0,74.0,0.0
421010148001,334.0,448.0,305.0,29.0,0.0
421010149005,194.0,229.0,169.0,25.0,0.0
421010149006,69.0,500.0,69.0,0.0,0.0
421010149002,198.0,201.0,198.0,0.0,0.0
421010149004,115.0,219.0,94.0,21.0,0.0
421010191004,816.0,1038.0,764.0,52.0,0.0
421010284004,119.0,289.0,119.0,0.0,0.0
421010191006,106.0,264.0,93.0,13.0,0.0
421010191003,693.0,618.0,542.0,151.0,0.0
421010191005,963.0,623.0,780.0,183.0,0.0
421010192006,178.0,259.0,178.0,0.0,0.0
421010192005,361.0,253.0,252.0,109.0,0.0
421010192004,592.0,896.0,383.0,209.0,0.0
421010192003,915.0,830.0,672.0,243.0,0.0
421010192001,263.0,245.0,250.0,13.0,0.0
421010192002,641.0,433.0,505.0,136.0,0.0
421010017001,834.0,228.0,801.0,33.0,0.0
421010017002,1141.0,195.0,1121.0,20.0,0.0
421010025002,673.0,117.0,638.0,35.0,0.0
421010025004,666.0,186.0,654.0,12.0,0.0
421010025003,300.0,166.0,268.0,32.0,0.0
421010268001,408.0,852.0,367.0,41.0,0.0
421010268002,604.0,288.0,598.0,6.0,0.0
421010268004,704.0,246.0,666.0,38.0,0.0
