fips,male_35_plus,male_15_to_34,male_1_to_14,male_did_not_work,female_35_plus,female_15_to_34,female_1_to_14,female_did_not_work
1,69005997.0,11103656.0,2687465.0,20853070.0,52209557.0,18254734.0,4475115.0,29475709.0
42,2765103.0,412255.0,117604.0,810540.0,2101586.0,754328.0,205227.0,1072306.0
42101,279679.0,53380.0,13009.0,158751.0,265159.0,81715.0,19319.0,185890.0
42101024400,314.0,67.0,0.0,511.0,419.0,212.0,0.0,597.0
42101035900,1199.0,117.0,19.0,143.0,930.0,255.0,109.0,428.0
42101036201,1164.0,128.0,29.0,339.0,918.0,262.0,22.0,382.0
42101036202,1316.0,158.0,30.0,295.0,977.0,232.0,121.0,609.0
42101010600,194.0,46.0,17.0,260.0,185.0,42.0,0.0,272.0
42101024600,147.0,85.0,0.0,472.0,413.0,278.0,37.0,366.0
42101024900,203.0,111.0,36.0,282.0,508.0,73.0,53.0,423.0
42101025800,286.0,11.0,14.0,60.0,338.0,59.0,26.0,95.0
42101026500,667.0,346.0,28.0,728.0,950.0,150.0,207.0,668.0
42101026700,786.0,62.0,74.0,808.0,1123.0,384.0,91.0,773.0
42101034000,636.0,71.0,8.0,190.0,475.0,175.0,17.0,158.0
42101026800,802.0,77.0,0.0,360.0,889.0,270.0,40.0,603.0
42101031900,1046.0,195.0,15.0,614.0,1025.0,274.0,41.0,441.0
42101033000,916.0,65.0,197.0,864.0,1331.0,279.0,31.0,968.0
42101034600,572.0,115.0,16.0,123.0,572.0,143.0,18.0,306.0
42101034801,913.0,135.0,27.0,307.0,625.0,213.0,17.0,472.0
42101006100,456.0,94.0,32.0,308.0,580.0,170.0,13.0,287.0
42101008400,544.0,64.0,10.0,604.0,774.0,239.0,48.0,652.0
42101009000,862.0,582.0,333.0,1342.0,567.0,650.0,435.0,1125.0
42101010200,411.0,146.0,0.0,267.0,344.0,118.0,28.0,673.0
42101010900,268.0,90.0,17.0,401.0,337.0,166.0,56.0,391.0
42101014200,1676.0,70.0,9.0,198.0,1454.0,212.0,32.0,116.0
42101016100,1363.0,260.0,32.0,693.0,1183.0,223.0,90.0,629.0
42101016901,368.0,108.0,61.0,578.0,496.0,92.0,0.0,710.0
42101017400,174.0,75.0,0.0,440.0,238.0,177.0,0.0,396.0
42101025900,762.0,108.0,12.0,659.0,1038.0,270.0,49.0,547.0
42101029000,1021.0,630.0,60.0,925.0,1161.0,157.0,73.0,709.0
42101030100,612.0,89.0,7.0,993.0,1142.0,186.0,134.0,619.0
42101013700,945.0,308.0,102.0,289.0,713.0,154.0,18.0,839.0
42101011500,778.0,139.0,0.0,469.0,1193.0,100.0,21.0,363.0
42101012000,317.0,64.0,34.0,307.0,296.0,118.0,65.0,210.0
42101012100,334.0,11.0,26.0,208.0,670.0,114.0,37.0,478.0
42101016600,232.0,125.0,19.0,266.0,257.0,122.0,32.0,338.0
42101017602,582.0,149.0,0.0,691.0,261.0,227.0,0.0,815.0
42101017300,366.0,67.0,71.0,412.0,379.0,105.0,0.0,377.0
42101017500,968.0,93.0,0.0,1013.0,516.0,257.0,16.0,1339.0
42101025300,676.0,132.0,27.0,549.0,844.0,314.0,94.0,383.0
42101023800,712.0,169.0,30.0,278.0,751.0,253.0,51.0,385.0
42101025200,841.0,357.0,0.0,964.0,1093.0,292.0,126.0,835.0
42101026200,745.0,88.0,53.0,233.0,705.0,247.0,19.0,279.0
42101027300,1174.0,312.0,94.0,598.0,877.0,434.0,167.0,826.0
42101028400,516.0,154.0,0.0,783.0,577.0,208.0,50.0,646.0
42101028600,701.0,81.0,51.0,757.0,818.0,460.0,75.0,1390.0
42101000100,1439.0,55.0,14.0,194.0,1486.0,233.0,55.0,152.0
42101001300,1685.0,253.0,98.0,335.0,1439.0,368.0,141.0,523.0
42101030700,837.0,163.0,40.0,313.0,463.0,421.0,71.0,302.0
42101031200,764.0,168.0,47.0,475.0,886.0,181.0,26.0,516.0
42101023100,315.0,8.0,15.0,50.0,218.0,51.0,41.0,103.0
42101023500,235.0,34.0,24.0,118.0,281.0,52.0,30.0,84.0
42101004001,1078.0,205.0,0.0,291.0,840.0,112.0,47.0,231.0
42101001900,1038.0,116.0,30.0,207.0,956.0,193.0,28.0,221.0
42101003100,635.0,230.0,72.0,382.0,876.0,321.0,40.0,469.0
42101003200,527.0,65.0,30.0,407.0,767.0,381.0,26.0,475.0
42101006200,618.0,156.0,64.0,408.0,675.0,402.0,41.0,610.0
42101007200,550.0,138.0,7.0,688.0,702.0,150.0,27.0,574.0
42101007400,505.0,169.0,28.0,528.0,747.0,390.0,69.0,492.0
42101009200,518.0,76.0,36.0,741.0,419.0,249.0,19.0,485.0
42101016400,372.0,71.0,86.0,932.0,362.0,235.0,86.0,1107.0
42101031502,625.0,114.0,137.0,498.0,654.0,310.0,31.0,409.0
42101031401,1523.0,380.0,116.0,507.0,1301.0,289.0,149.0,998.0
42101033701,820.0,280.0,65.0,526.0,739.0,413.0,191.0,587.0
42101033702,935.0,352.0,0.0,399.0,922.0,514.0,58.0,495.0
42101027901,596.0,81.0,0.0,559.0,679.0,349.0,73.0,450.0
42101031402,1068.0,171.0,31.0,414.0,895.0,544.0,15.0,830.0
42101016701,408.0,74.0,15.0,404.0,271.0,103.0,7.0,597.0
42101016702,295.0,23.0,60.0,271.0,416.0,92.0,36.0,562.0
42101027902,543.0,290.0,176.0,652.0,379.0,350.0,234.0,833.0
42101008101,291.0,30.0,25.0,449.0,347.0,224.0,0.0,475.0
42101980300,0.0,0.0,0.0,0.0,0.0,0.0,0.0,0.0
42101036900,835.0,347.0,285.0,1157.0,620.0,428.0,457.0,1289.0
42101037300,1194.0,191.0,0.0,179.0,1154.0,333.0,7.0,391.0
42101037200,858.0,158.0,21.0,398.0,855.0,253.0,55.0,392.0
42101038300,370.0,81.0,68.0,777.0,348.0,139.0,41.0,651.0
42101039000,1084.0,199.0,152.0,1141.0,1470.0,595.0,167.0,862.0
42101037800,851.0,77.0,3.0,314.0,461.0,87.0,36.0,239.0
42101037700,653.0,416.0,276.0,941.0,416.0,1001.0,219.0,838.0
42101008701,1074.0,139.0,36.0,578.0,749.0,470.0,139.0,438.0
42101008102,845.0,147.0,56.0,669.0,801.0,367.0,74.0,927.0
42101008602,553.0,110.0,0.0,123.0,484.0,113.0,30.0,272.0
42101037500,838.0,93.0,42.0,377.0,611.0,174.0,85.0,613.0
42101980800,0.0,0.0,0.0,0.0,0.0,0.0,0.0,0.0
42101018002,1413.0,169.0,35.0,509.0,899.0,190.0,37.0,757.0
42101008801,164.0,148.0,160.0,539.0,129.0,237.0,294.0,649.0
42101980100,30.0,0.0,0.0,5.0,15.0,0.0,0.0,4.0
42101007102,548.0,159.0,4.0,653.0,839.0,337.0,51.0,645.0
42101008802,883.0,405.0,297.0,1418.0,636.0,477.0,426.0,1671.0
42101008702,576.0,139.0,49.0,411.0,746.0,154.0,54.0,317.0
42101012201,688.0,36.0,30.0,269.0,465.0,86.0,17.0,462.0
42101009801,442.0,69.0,0.0,212.0,531.0,118.0,53.0,209.0
42101007101,282.0,48.0,40.0,340.0,253.0,185.0,32.0,472.0
42101002801,1527.0,100.0,18.0,295.0,497.0,392.0,12.0,658.0
42101980500,0.0,0.0,0.0,0.0,0.0,0.0,0.0,0.0
42101000801,525.0,31.0,15.0,101.0,357.0,32.0,53.0,43.0
42101001101,1007.0,111.0,24.0,186.0,906.0,381.0,56.0,322.0
42101027402,1235.0,397.0,129.0,983.0,1186.0,259.0,20.0,713.0
42101008601,779.0,80.0,16.0,160.0,839.0,191.0,87.0,232.0
42101036502,969.0,71.0,66.0,209.0,679.0,216.0,43.0,312.0
42101036700,1051.0,160.0,30.0,187.0,910.0,65.0,25.0,132.0
42101037600,793.0,91.0,58.0,577.0,670.0,100.0,13.0,345.0
42101038600,298.0,30.0,0.0,49.0,241.0,53.0,13.0,136.0
42101038900,426.0,139.0,0.0,531.0,410.0,371.0,19.0,436.0
42101038500,391.0,48.0,15.0,119.0,280.0,64.0,29.0,200.0
42101038700,384.0,134.0,102.0,98.0,298.0,244.0,118.0,252.0
42101038800,861.0,44.0,7.0,120.0,900.0,216.0,67.0,281.0
42101980000,116.0,24.0,33.0,251.0,54.0,115.0,54.0,279.0
42101010000,652.0,94.0,0.0,346.0,896.0,260.0,60.0,658.0
42101010100,1167.0,357.0,39.0,954.0,1490.0,494.0,119.0,722.0
42101010700,412.0,56.0,10.0,554.0,415.0,116.0,10.0,668.0
42101013300,703.0,143.0,0.0,302.0,880.0,187.0,22.0,384.0
42101013500,1182.0,91.0,15.0,406.0,761.0,162.0,26.0,286.0
42101014300,567.0,71.0,23.0,111.0,457.0,75.0,5.0,96.0
42101014600,369.0,328.0,154.0,606.0,615.0,358.0,144.0,627.0
42101016902,439.0,21.0,0.0,786.0,616.0,215.0,45.0,562.0
42101017100,604.0,95.0,12.0,587.0,662.0,170.0,33.0,430.0
42101000700,1002.0,0.0,97.0,285.0,1122.0,117.0,60.0,239.0
42101001800,1125.0,45.0,8.0,146.0,670.0,184.0,53.0,193.0
42101002100,494.0,108.0,11.0,319.0,597.0,77.0,0.0,140.0
42101025700,820.0,143.0,50.0,263.0,876.0,212.0,51.0,307.0
42101021100,636.0,57.0,35.0,147.0,718.0,55.0,7.0,109.0
42101026100,553.0,112.0,17.0,422.0,621.0,96.0,42.0,311.0
42101027200,635.0,423.0,5.0,421.0,1127.0,136.0,15.0,453.0
42101027500,679.0,283.0,68.0,460.0,853.0,281.0,20.0,527.0
42101028000,416.0,167.0,0.0,592.0,459.0,104.0,0.0,698.0
42101029400,356.0,69.0,16.0,610.0,342.0,185.0,23.0,388.0
42101030000,919.0,77.0,0.0,936.0,993.0,511.0,0.0,759.0
42101018800,822.0,528.0,81.0,1291.0,917.0,476.0,18.0,1259.0
42101019100,1409.0,0.0,278.0,980.0,967.0,475.0,94.0,1265.0
42101019200,755.0,328.0,81.0,1438.0,995.0,425.0,23.0,1338.0
42101001700,886.0,39.0,0.0,89.0,808.0,107.0,26.0,151.0
42101002500,880.0,195.0,6.0,211.0,780.0,315.0,20.0,312.0
42101003300,1006.0,83.0,12.0,729.0,1095.0,327.0,170.0,1167.0
42101004002,1209.0,106.0,37.0,412.0,818.0,135.0,104.0,456.0
42101004201,1120.0,170.0,18.0,370.0,1247.0,209.0,29.0,578.0
42101005600,60.0,10.0,0.0,138.0,142.0,45.0,0.0,176.0
42101006700,737.0,247.0,71.0,696.0,1132.0,393.0,29.0,1259.0
42101007000,510.0,52.0,0.0,252.0,525.0,235.0,15.0,390.0
42101008000,745.0,203.0,30.0,521.0,787.0,289.0,75.0,310.0
42101028800,443.0,111.0,21.0,648.0,572.0,106.0,27.0,830.0
42101029800,889.0,114.0,0.0,508.0,586.0,203.0,40.0,1080.0
42101030900,985.0,169.0,35.0,273.0,870.0,208.0,34.0,350.0
42101032000,1175.0,383.0,63.0,615.0,1226.0,391.0,0.0,844.0
42101034200,591.0,19.0,12.0,116.0,730.0,170.0,45.0,136.0
42101001500,801.0,85.0,42.0,97.0,855.0,155.0,18.0,210.0
42101002900,1226.0,23.0,11.0,203.0,700.0,180.0,8.0,488.0
42101003702,723.0,90.0,43.0,514.0,577.0,213.0,43.0,549.0
42101014000,498.0,192.0,14.0,468.0,630.0,185.0,23.0,434.0
42101014100,470.0,75.0,14.0,298.0,308.0,89.0,31.0,428.0
42101014400,1145.0,201.0,26.0,289.0,710.0,134.0,19.0,347.0
42101015200,546.0,38.0,39.0,611.0,676.0,188.0,29.0,1363.0
42101015300,438.0,419.0,127.0,688.0,398.0,576.0,118.0,647.0
42101015700,523.0,284.0,18.0,352.0,414.0,177.0,30.0,311.0
42101016000,1757.0,242.0,36.0,393.0,1309.0,385.0,107.0,578.0
42101016800,427.0,28.0,44.0,573.0,484.0,95.0,21.0,849.0
42101020200,431.0,50.0,12.0,647.0,282.0,190.0,78.0,876.0
42101020300,375.0,89.0,20.0,354.0,361.0,197.0,13.0,383.0
42101020800,466.0,81.0,16.0,212.0,525.0,134.0,43.0,302.0
42101020900,801.0,90.0,14.0,129.0,642.0,218.0,21.0,81.0
42101020700,1497.0,125.0,173.0,497.0,1359.0,337.0,122.0,519.0
42101018400,484.0,97.0,20.0,159.0,437.0,85.0,10.0,260.0
42101014800,74.0,75.0,18.0,140.0,123.0,6.0,0.0,191.0
42101014900,409.0,194.0,33.0,469.0,303.0,75.0,24.0,626.0
42101011300,565.0,74.0,0.0,344.0,558.0,240.0,23.0,163.0
42101011400,992.0,352.0,110.0,458.0,1703.0,529.0,32.0,500.0
42101011700,187.0,106.0,63.0,418.0,258.0,202.0,139.0,378.0
42101013100,279.0,56.0,6.0,253.0,265.0,92.0,73.0,146.0
42101013800,221.0,95.0,24.0,331.0,311.0,92.0,0.0,229.0
42101016200,407.0,75.0,25.0,399.0,244.0,75.0,29.0,487.0
42101017900,1117.0,132.0,15.0,772.0,732.0,370.0,64.0,1081.0
42101018300,975.0,118.0,32.0,233.0,681.0,215.0,43.0,413.0
42101019000,1177.0,234.0,15.0,721.0,1179.0,586.0,32.0,1010.0
42101020600,268.0,59.0,28.0,181.0,236.0,95.0,35.0,182.0
42101021500,1085.0,233.0,60.0,220.0,1023.0,199.0,34.0,327.0
42101021600,720.0,54.0,8.0,133.0,516.0,96.0,31.0,231.0
42101022000,285.0,5.0,7.0,25.0,244.0,62.0,5.0,103.0
42101000200,762.0,78.0,36.0,195.0,440.0,139.0,65.0,366.0
42101000600,360.0,52.0,12.0,94.0,335.0,66.0,14.0,91.0
42101002200,636.0,77.0,4.0,151.0,536.0,120.0,54.0,182.0
42101002300,617.0,79.0,26.0,176.0,847.0,156.0,37.0,275.0
42101004101,1287.0,142.0,4.0,648.0,545.0,441.0,77.0,973.0
42101004202,900.0,218.0,0.0,487.0,876.0,203.0,32.0,811.0
42101005500,1361.0,252.0,39.0,604.0,1229.0,413.0,100.0,578.0
42101006900,186.0,49.0,8.0,158.0,291.0,56.0,6.0,643.0
42101007700,414.0,162.0,115.0,399.0,294.0,151.0,89.0,269.0
42101011000,443.0,44.0,0.0,753.0,378.0,210.0,42.0,572.0
42101011200,559.0,209.0,13.0,914.0,918.0,254.0,14.0,802.0
42101004102,1857.0,458.0,113.0,729.0,1201.0,168.0,96.0,1383.0
42101015800,1713.0,198.0,60.0,416.0,1344.0,342.0,84.0,548.0
42101009400,332.0,135.0,0.0,360.0,594.0,492.0,0.0,645.0
42101009500,316.0,145.0,54.0,426.0,577.0,88.0,33.0,466.0
42101036301,798.0,117.0,15.0,125.0,697.0,251.0,33.0,281.0
42101035302,1074.0,81.0,9.0,258.0,789.0,174.0,9.0,325.0
42101035500,1594.0,225.0,64.0,482.0,1348.0,167.0,31.0,557.0
42101036203,1261.0,136.0,35.0,352.0,811.0,272.0,72.0,352.0
42101036400,137.0,65.0,49.0,240.0,52.0,5.0,0.0,59.0
42101020500,311.0,240.0,28.0,319.0,240.0,96.0,78.0,428.0
42101021800,1207.0,85.0,88.0,238.0,1156.0,201.0,125.0,405.0
42101021900,348.0,68.0,16.0,33.0,304.0,86.0,29.0,112.0
42101025500,552.0,193.0,73.0,149.0,493.0,102.0,39.0,272.0
42101025600,498.0,103.0,55.0,174.0,580.0,146.0,30.0,107.0
42101026301,536.0,136.0,44.0,365.0,742.0,213.0,18.0,403.0
42101027000,548.0,238.0,10.0,281.0,436.0,158.0,26.0,262.0
42101024700,414.0,118.0,25.0,572.0,538.0,158.0,48.0,854.0
42101003800,720.0,71.0,42.0,234.0,664.0,87.0,147.0,289.0
42101012500,1681.0,170.0,87.0,231.0,1388.0,146.0,92.0,337.0
42101021000,1227.0,240.0,114.0,256.0,1219.0,462.0,114.0,453.0
42101034702,943.0,99.0,17.0,224.0,719.0,229.0,45.0,176.0
42101026600,1210.0,152.0,62.0,713.0,1039.0,308.0,52.0,701.0
42101010400,253.0,111.0,24.0,634.0,590.0,144.0,9.0,811.0
42101013200,266.0,71.0,0.0,252.0,400.0,79.0,19.0,244.0
42101017601,512.0,171.0,24.0,956.0,616.0,81.0,0.0,1109.0
42101003600,599.0,342.0,78.0,796.0,758.0,377.0,192.0,1038.0
42101017000,515.0,50.0,34.0,391.0,622.0,185.0,0.0,480.0
42101024300,472.0,82.0,61.0,437.0,511.0,168.0,47.0,363.0
42101027600,434.0,169.0,22.0,262.0,624.0,248.0,42.0,542.0
42101001600,681.0,78.0,29.0,38.0,671.0,123.0,46.0,122.0
42101003902,1335.0,241.0,34.0,234.0,955.0,146.0,62.0,557.0
42101007800,1001.0,320.0,15.0,561.0,903.0,271.0,104.0,464.0
42101009300,637.0,165.0,0.0,533.0,697.0,200.0,0.0,850.0
42101032100,663.0,178.0,0.0,600.0,630.0,178.0,0.0,378.0
42101021400,1561.0,278.0,68.0,483.0,992.0,135.0,50.0,244.0
42101034900,1204.0,179.0,42.0,492.0,949.0,286.0,9.0,528.0
42101026900,309.0,92.0,26.0,234.0,348.0,141.0,22.0,204.0
42101029200,778.0,199.0,11.0,424.0,885.0,297.0,19.0,524.0
42101031300,1712.0,204.0,165.0,373.0,959.0,343.0,144.0,856.0
42101032500,1201.0,215.0,26.0,721.0,894.0,285.0,136.0,608.0
42101001400,1353.0,118.0,9.0,198.0,1077.0,287.0,40.0,70.0
42101036302,686.0,75.0,2.0,163.0,657.0,253.0,16.0,334.0
42101020102,397.0,73.0,12.0,390.0,550.0,57.0,20.0,388.0
42101031101,968.0,203.0,11.0,607.0,805.0,350.0,95.0,672.0
42101031102,775.0,219.0,30.0,464.0,938.0,173.0,34.0,387.0
42101019502,400.0,18.0,28.0,617.0,341.0,175.0,0.0,734.0
42101019501,486.0,60.0,9.0,721.0,615.0,214.0,0.0,940.0
42101028901,780.0,142.0,16.0,406.0,585.0,164.0,38.0,634.0
42101028902,1218.0,270.0,23.0,685.0,891.0,273.0,52.0,1099.0
42101033101,931.0,161.0,10.0,577.0,662.0,257.0,83.0,436.0
42101033102,684.0,56.0,8.0,305.0,681.0,156.0,25.0,348.0
42101031501,1129.0,267.0,13.0,725.0,943.0,372.0,47.0,562.0
42101030501,927.0,287.0,56.0,618.0,1049.0,371.0,54.0,604.0
42101030502,1045.0,344.0,84.0,570.0,1245.0,303.0,121.0,528.0
42101009802,1024.0,148.0,20.0,805.0,1317.0,333.0,66.0,489.0
42101035602,769.0,60.0,0.0,195.0,746.0,176.0,93.0,197.0
42101018001,681.0,107.0,0.0,326.0,614.0,109.0,25.0,332.0
42101017702,584.0,186.0,9.0,915.0,459.0,213.0,30.0,1093.0
42101017701,297.0,157.0,12.0,640.0,396.0,229.0,63.0,660.0
42101035701,808.0,240.0,38.0,387.0,1018.0,247.0,30.0,474.0
42101035702,944.0,86.0,34.0,277.0,550.0,228.0,43.0,599.0
42101035601,989.0,212.0,31.0,290.0,958.0,186.0,68.0,332.0
42101015101,160.0,114.0,0.0,476.0,220.0,97.0,8.0,450.0
42101015102,310.0,142.0,4.0,553.0,408.0,171.0,16.0,775.0
42101036501,1097.0,267.0,17.0,305.0,925.0,278.0,81.0,319.0
42101980400,0.0,0.0,0.0,0.0,0.0,0.0,0.0,0.0
42101013402,1000.0,7.0,10.0,56.0,1046.0,77.0,18.0,229.0
42101013401,468.0,45.0,0.0,41.0,477.0,132.0,27.0,136.0
42101038000,374.0,91.0,14.0,264.0,307.0,89.0,20.0,247.0
42101013601,821.0,52.0,10.0,72.0,847.0,121.0,20.0,103.0
42101037900,1137.0,91.0,1.0,468.0,989.0,270.0,69.0,424.0
42101038200,468.0,30.0,4.0,259.0,451.0,120.0,24.0,461.0
42101038100,124.0,40.0,11.0,127.0,180.0,15.0,0.0,92.0
42101038400,534.0,66.0,6.0,79.0,451.0,66.0,44.0,197.0
42101001002,770.0,111.0,39.0,200.0,826.0,133.0,58.0,186.0
42101001001,427.0,9.0,30.0,81.0,638.0,102.0,0.0,170.0
42101000402,838.0,50.0,0.0,24.0,807.0,101.0,19.0,202.0
42101000401,788.0,40.0,16.0,131.0,738.0,109.0,21.0,197.0
42101012204,725.0,68.0,21.0,250.0,874.0,234.0,11.0,227.0
42101012203,61.0,11.0,14.0,51.0,117.0,28.0,37.0,34.0
42101013602,1058.0,80.0,31.0,141.0,928.0,232.0,71.0,212.0
42101034501,597.0,190.0,19.0,149.0,431.0,172.0,35.0,224.0
42101034502,1196.0,80.0,8.0,330.0,895.0,305.0,53.0,588.0
42101001102,699.0,135.0,21.0,167.0,907.0,83.0,0.0,158.0
42101000902,589.0,81.0,59.0,105.0,495.0,171.0,74.0,374.0
42101000901,597.0,63.0,0.0,104.0,629.0,99.0,46.0,171.0
42101017201,371.0,139.0,22.0,437.0,410.0,192.0,49.0,316.0
42101017202,397.0,96.0,24.0,461.0,404.0,28.0,21.0,644.0
42101027401,538.0,36.0,59.0,410.0,547.0,230.0,38.0,486.0
42101020101,304.0,125.0,13.0,473.0,407.0,147.0,5.0,863.0
42101989100,561.0,299.0,32.0,1290.0,77.0,1.0,32.0,216.0
42101980200,82.0,10.0,3.0,16.0,74.0,0.0,5.0,60.0
42101000804,1644.0,35.0,69.0,116.0,1247.0,240.0,12.0,284.0
42101001202,1391.0,198.0,93.0,89.0,1523.0,334.0,46.0,269.0
42101001201,1082.0,121.0,20.0,148.0,1220.0,147.0,44.0,220.0
42101000803,702.0,0.0,0.0,108.0,824.0,191.0,59.0,190.0
42101980900,0.0,0.0,0.0,0.0,0.0,0.0,0.0,0.0
42101002702,1216.0,101.0,0.0,418.0,919.0,175.0,26.0,362.0
42101003002,470.0,38.0,41.0,339.0,719.0,228.0,26.0,316.0
42101003001,1051.0,251.0,49.0,214.0,889.0,196.0,0.0,346.0
42101002802,1500.0,237.0,56.0,531.0,1192.0,320.0,31.0,385.0
42101980700,0.0,0.0,0.0,0.0,0.0,0.0,0.0,0.0
42101002701,1127.0,177.0,0.0,447.0,703.0,143.0,189.0,533.0
42101980600,0.0,0.0,0.0,0.0,0.0,0.0,0.0,0.0
42101032900,817.0,83.0,0.0,333.0,435.0,152.0,34.0,418.0
42101034802,1093.0,132.0,30.0,260.0,1068.0,217.0,33.0,438.0
42101034803,858.0,172.0,17.0,276.0,733.0,212.0,24.0,302.0
42101024000,694.0,99.0,38.0,344.0,671.0,241.0,124.0,497.0
42101028100,363.0,222.0,36.0,369.0,890.0,319.0,0.0,624.0
42101028300,1033.0,242.0,0.0,918.0,770.0,273.0,52.0,1094.0
42101030800,1168.0,160.0,47.0,262.0,923.0,334.0,64.0,668.0
42101031000,1457.0,371.0,85.0,670.0,1508.0,373.0,68.0,721.0
42101033300,601.0,118.0,10.0,404.0,628.0,139.0,57.0,317.0
42101033600,1478.0,427.0,72.0,830.0,1173.0,401.0,132.0,711.0
42101036303,1443.0,143.0,48.0,217.0,982.0,386.0,24.0,557.0
42101036600,767.0,46.0,1.0,27.0,683.0,27.0,19.0,156.0
42101029900,442.0,123.0,1.0,474.0,662.0,277.0,69.0,802.0
42101027700,518.0,275.0,31.0,415.0,722.0,290.0,23.0,524.0
42101028500,341.0,71.0,23.0,226.0,373.0,190.0,23.0,618.0
42101029300,344.0,65.0,12.0,350.0,282.0,135.0,28.0,384.0
42101031700,1151.0,287.0,16.0,516.0,1162.0,499.0,6.0,620.0
42101030200,1678.0,541.0,25.0,795.0,1475.0,314.0,48.0,952.0
42101030600,1512.0,229.0,131.0,598.0,1365.0,331.0,29.0,826.0
42101031600,1166.0,216.0,0.0,687.0,1000.0,693.0,0.0,538.0
42101031800,744.0,126.0,0.0,485.0,808.0,211.0,29.0,396.0
42101032300,652.0,147.0,38.0,346.0,629.0,211.0,58.0,351.0
42101033400,1323.0,91.0,21.0,388.0,705.0,209.0,46.0,584.0
42101033900,699.0,66.0,25.0,268.0,577.0,154.0,69.0,273.0
42101036100,817.0,99.0,8.0,305.0,595.0,192.0,25.0,471.0
42101033500,714.0,222.0,0.0,229.0,640.0,172.0,124.0,484.0
42101034100,1341.0,276.0,27.0,366.0,1130.0,244.0,31.0,515.0
42101035100,769.0,82.0,30.0,262.0,665.0,168.0,34.0,346.0
42101035301,1374.0,174.0,9.0,356.0,1028.0,294.0,71.0,392.0
42101036000,546.0,26.0,42.0,162.0,495.0,204.0,58.0,229.0
42101019900,351.0,150.0,22.0,813.0,275.0,162.0,12.0,748.0
42101020400,242.0,72.0,14.0,333.0,387.0,93.0,0.0,465.0
42101023700,958.0,67.0,69.0,285.0,1137.0,394.0,84.0,128.0
42101002000,591.0,154.0,17.0,219.0,294.0,163.0,65.0,136.0
42101003901,1914.0,275.0,93.0,555.0,1238.0,209.0,28.0,578.0
42101005000,0.0,0.0,0.0,0.0,0.0,0.0,0.0,0.0
42101005400,408.0,44.0,6.0,99.0,282.0,53.0,0.0,155.0
42101006000,901.0,15.0,30.0,935.0,910.0,328.0,83.0,802.0
42101011100,367.0,89.0,0.0,275.0,515.0,220.0,12.0,477.0
42101008200,838.0,189.0,57.0,752.0,1199.0,180.0,31.0,919.0
42101008301,643.0,19.0,12.0,548.0,673.0,298.0,148.0,741.0
42101008302,655.0,184.0,0.0,643.0,807.0,160.0,72.0,549.0
42101006300,760.0,148.0,45.0,745.0,386.0,163.0,46.0,918.0
42101007300,270.0,61.0,41.0,456.0,344.0,227.0,0.0,377.0
42101007900,1125.0,207.0,13.0,248.0,1228.0,225.0,127.0,354.0
42101008500,1111.0,189.0,43.0,656.0,1332.0,244.0,62.0,993.0
42101009600,689.0,283.0,18.0,594.0,692.0,311.0,48.0,480.0
42101011800,895.0,104.0,22.0,834.0,1046.0,204.0,97.0,907.0
42101011900,609.0,119.0,35.0,524.0,716.0,264.0,40.0,582.0
42101013900,304.0,104.0,4.0,387.0,327.0,78.0,17.0,475.0
42101014700,308.0,253.0,83.0,737.0,387.0,193.0,121.0,314.0
42101015600,225.0,54.0,25.0,262.0,163.0,107.0,0.0,352.0
42101016300,582.0,124.0,0.0,504.0,162.0,204.0,48.0,777.0
42101017800,772.0,165.0,131.0,550.0,447.0,231.0,112.0,1114.0
42101019700,732.0,223.0,0.0,636.0,837.0,406.0,16.0,1284.0
42101020000,178.0,54.0,0.0,271.0,146.0,90.0,0.0,244.0
42101010800,510.0,186.0,25.0,617.0,606.0,158.0,81.0,547.0
42101014500,174.0,52.0,22.0,208.0,210.0,127.0,14.0,196.0
42101016500,119.0,21.0,39.0,352.0,306.0,113.0,35.0,662.0
42101023600,423.0,110.0,4.0,50.0,445.0,140.0,54.0,149.0
42101023900,206.0,109.0,19.0,51.0,293.0,93.0,0.0,151.0
42101024200,450.0,82.0,0.0,417.0,732.0,138.0,36.0,458.0
42101024500,307.0,110.0,0.0,439.0,428.0,227.0,52.0,692.0
42101025400,801.0,155.0,1.0,435.0,908.0,165.0,53.0,386.0
42101026000,491.0,147.0,41.0,214.0,483.0,99.0,13.0,579.0
42101026302,675.0,253.0,17.0,653.0,1444.0,285.0,50.0,413.0
42101026400,770.0,135.0,0.0,578.0,1030.0,502.0,42.0,511.0
42101027100,603.0,129.0,3.0,377.0,424.0,159.0,10.0,289.0
42101027800,672.0,76.0,12.0,573.0,703.0,208.0,37.0,547.0
42101028200,721.0,125.0,112.0,444.0,761.0,225.0,56.0,828.0
42101019800,862.0,286.0,4.0,911.0,746.0,341.0,9.0,1090.0
42101021200,611.0,58.0,14.0,209.0,602.0,94.0,60.0,124.0
42101021300,1270.0,105.0,45.0,127.0,708.0,120.0,38.0,376.0
42101021700,1243.0,208.0,11.0,269.0,1281.0,225.0,41.0,610.0
42101024100,149.0,33.0,13.0,317.0,139.0,66.0,20.0,154.0
42101024800,299.0,63.0,0.0,322.0,309.0,200.0,0.0,291.0
42101006400,526.0,215.0,0.0,449.0,799.0,143.0,53.0,308.0
42101006500,536.0,220.0,32.0,535.0,840.0,157.0,13.0,581.0
42101006600,338.0,76.0,37.0,468.0,389.0,215.0,42.0,413.0
42101009100,403.0,191.0,59.0,594.0,368.0,122.0,85.0,345.0
42101010300,109.0,61.0,0.0,211.0,460.0,118.0,15.0,500.0
42101010500,332.0,82.0,4.0,773.0,445.0,226.0,0.0,436.0
42101000300,1117.0,91.0,14.0,76.0,883.0,171.0,140.0,281.0
42101000500,654.0,96.0,18.0,623.0,373.0,172.0,72.0,375.0
42101002400,1697.0,190.0,31.0,141.0,1358.0,197.0,129.0,318.0
42101003701,1005.0,205.0,0.0,591.0,1026.0,237.0,33.0,1064.0
42101028700,358.0,56.0,42.0,268.0,252.0,180.0,0.0,476.0
42101029100,696.0,262.0,41.0,399.0,552.0,310.0,72.0,933.0
42101032600,1259.0,145.0,13.0,587.0,1223.0,264.0,69.0,774.0
42101033200,637.0,72.0,0.0,154.0,458.0,158.0,23.0,193.0
42101033800,1132.0,153.0,68.0,452.0,1150.0,314.0,63.0,420.0
42101034400,1569.0,134.0,46.0,468.0,1226.0,385.0,154.0,518.0
42101034701,1384.0,305.0,14.0,381.0,977.0,333.0,44.0,730.0
42101035200,1025.0,211.0,42.0,165.0,721.0,238.0,85.0,262.0
42101035800,1482.0,85.0,25.0,540.0,1151.0,159.0,80.0,669.0
421010331022,175.0,0.0,0.0,45.0,147.0,8.0,0.0,112.0
421010331023,143.0,22.0,0.0,62.0,155.0,55.0,18.0,42.0
421010331021,143.0,12.0,0.0,82.0,112.0,63.0,0.0,108.0
421010331024,223.0,22.0,8.0,116.0,267.0,30.0,7.0,86.0
421010315013,176.0,61.0,0.0,55.0,152.0,33.0,0.0,107.0
421010315014,367.0,15.0,0.0,191.0,149.0,106.0,34.0,121.0
421010315015,361.0,14.0,13.0,136.0,397.0,46.0,13.0,160.0
421010389001,125.0,43.0,0.0,276.0,76.0,174.0,8.0,305.0
421010389002,159.0,42.0,0.0,46.0,140.0,114.0,0.0,52.0
421010389003,142.0,54.0,0.0,209.0,194.0,83.0,11.0,79.0
421019800001,116.0,24.0,33.0,251.0,54.0,115.0,54.0,279.0
421010315021,240.0,64.0,120.0,233.0,213.0,140.0,0.0,169.0
421010315022,66.0,28.0,0.0,202.0,222.0,98.0,8.0,61.0
421010314011,433.0,81.0,44.0,68.0,327.0,88.0,0.0,243.0
421010314013,388.0,42.0,0.0,125.0,68.0,62.0,27.0,334.0
421010314014,92.0,68.0,11.0,81.0,135.0,45.0,22.0,128.0
421010314015,238.0,73.0,61.0,0.0,398.0,0.0,0.0,67.0
421010314012,372.0,116.0,0.0,233.0,373.0,94.0,100.0,226.0
421010314022,254.0,94.0,26.0,141.0,214.0,278.0,0.0,196.0
421010314021,290.0,25.0,0.0,88.0,116.0,87.0,9.0,106.0
421010008043,619.0,0.0,0.0,41.0,427.0,141.0,0.0,67.0
421010012025,105.0,0.0,39.0,10.0,263.0,81.0,7.0,34.0
421010008042,368.0,0.0,38.0,58.0,219.0,0.0,0.0,101.0
421010008041,657.0,35.0,31.0,17.0,601.0,99.0,12.0,116.0
421010012021,446.0,28.0,16.0,33.0,380.0,96.0,14.0,35.0
421010012023,360.0,46.0,0.0,13.0,452.0,56.0,11.0,59.0
421010012022,285.0,49.0,32.0,6.0,246.0,54.0,14.0,33.0
421010012024,195.0,75.0,6.0,27.0,182.0,47.0,0.0,108.0
421010012012,352.0,12.0,0.0,41.0,309.0,97.0,0.0,77.0
421010012014,202.0,66.0,0.0,65.0,232.0,12.0,33.0,15.0
421010012013,211.0,43.0,14.0,0.0,325.0,27.0,0.0,32.0
421010012011,317.0,0.0,6.0,42.0,354.0,11.0,11.0,96.0
421010008034,12.0,0.0,0.0,36.0,119.0,34.0,16.0,0.0
421010008032,359.0,0.0,0.0,1.0,270.0,99.0,30.0,77.0
421010008031,201.0,0.0,0.0,57.0,199.0,9.0,13.0,81.0
421010008033,130.0,0.0,0.0,14.0,236.0,49.0,0.0,32.0
421019809001,0.0,0.0,0.0,0.0,0.0,0.0,0.0,0.0
421010027024,212.0,0.0,0.0,56.0,207.0,29.0,0.0,89.0
421010027023,203.0,43.0,0.0,159.0,206.0,15.0,8.0,123.0
421010027022,185.0,34.0,0.0,36.0,222.0,61.0,9.0,76.0
421010027021,616.0,24.0,0.0,167.0,284.0,70.0,9.0,74.0
421010030023,116.0,0.0,0.0,75.0,227.0,65.0,0.0,12.0
421010030022,68.0,7.0,11.0,148.0,225.0,76.0,16.0,118.0
421010030021,226.0,5.0,30.0,78.0,175.0,62.0,10.0,103.0
421010030024,60.0,26.0,0.0,38.0,92.0,25.0,0.0,83.0
421010030011,69.0,67.0,6.0,59.0,137.0,6.0,0.0,22.0
421010030015,231.0,30.0,0.0,8.0,97.0,55.0,0.0,47.0
421010030013,328.0,38.0,19.0,87.0,309.0,32.0,0.0,146.0
421010030012,233.0,50.0,6.0,24.0,148.0,51.0,0.0,28.0
421010030014,190.0,66.0,18.0,36.0,198.0,52.0,0.0,103.0
421010028025,295.0,22.0,32.0,53.0,231.0,21.0,13.0,30.0
421010028024,337.0,30.0,0.0,93.0,212.0,57.0,18.0,23.0
421010028023,262.0,87.0,11.0,44.0,263.0,43.0,0.0,77.0
421010028022,257.0,11.0,13.0,118.0,221.0,33.0,0.0,136.0
421010028021,349.0,87.0,0.0,223.0,265.0,166.0,0.0,119.0
421019802001,82.0,10.0,3.0,16.0,74.0,0.0,5.0,60.0
421010337022,370.0,140.0,0.0,93.0,402.0,211.0,0.0,166.0
421010337024,58.0,65.0,0.0,91.0,74.0,47.0,43.0,98.0
421010337023,292.0,48.0,0.0,177.0,211.0,175.0,15.0,39.0
421010337021,215.0,99.0,0.0,38.0,235.0,81.0,0.0,192.0
421010315023,319.0,22.0,17.0,63.0,219.0,72.0,23.0,179.0
421010141001,321.0,56.0,0.0,230.0,140.0,50.0,4.0,281.0
421010141002,149.0,19.0,14.0,68.0,168.0,39.0,27.0,147.0
421010144001,338.0,27.0,0.0,42.0,125.0,30.0,0.0,28.0
421010144003,178.0,67.0,0.0,109.0,166.0,30.0,0.0,164.0
421010144002,629.0,107.0,26.0,138.0,419.0,74.0,19.0,155.0
421010152001,67.0,0.0,0.0,29.0,21.0,0.0,29.0,130.0
421010152004,264.0,0.0,0.0,41.0,223.0,43.0,0.0,262.0
421010152003,0.0,0.0,0.0,195.0,156.0,34.0,0.0,270.0
421010152005,44.0,0.0,39.0,122.0,158.0,49.0,0.0,394.0
421010152002,171.0,38.0,0.0,224.0,118.0,62.0,0.0,307.0
421010333001,131.0,47.0,0.0,177.0,101.0,22.0,22.0,156.0
421010333003,270.0,0.0,0.0,107.0,176.0,28.0,13.0,104.0
421010333002,200.0,71.0,10.0,120.0,351.0,89.0,22.0,57.0
421010336005,267.0,78.0,0.0,82.0,173.0,67.0,0.0,20.0
421010336003,533.0,104.0,60.0,190.0,517.0,190.0,116.0,267.0
421010336001,432.0,64.0,0.0,116.0,58.0,45.0,0.0,105.0
421010336004,149.0,122.0,12.0,339.0,266.0,84.0,16.0,198.0
421010336002,97.0,59.0,0.0,103.0,159.0,15.0,0.0,121.0
421010363032,271.0,47.0,0.0,31.0,321.0,84.0,0.0,61.0
421010363034,349.0,14.0,14.0,0.0,146.0,188.0,0.0,71.0
421010363031,449.0,24.0,0.0,77.0,251.0,53.0,14.0,291.0
421010363033,374.0,58.0,34.0,109.0,264.0,61.0,10.0,134.0
421010366001,767.0,46.0,1.0,27.0,683.0,27.0,19.0,156.0
421010299003,92.0,56.0,0.0,94.0,82.0,95.0,0.0,153.0
421010299001,110.0,15.0,0.0,53.0,193.0,59.0,34.0,261.0
421010299002,91.0,8.0,1.0,107.0,31.0,21.0,16.0,99.0
421010299004,149.0,44.0,0.0,220.0,356.0,102.0,19.0,289.0
421010277003,128.0,25.0,0.0,137.0,89.0,15.0,0.0,15.0
421010277005,74.0,169.0,31.0,31.0,117.0,0.0,0.0,33.0
421010277006,89.0,25.0,0.0,17.0,100.0,19.0,0.0,140.0
421010277002,47.0,56.0,0.0,116.0,120.0,133.0,0.0,188.0
421010309001,416.0,41.0,27.0,71.0,218.0,130.0,34.0,154.0
421010309003,391.0,18.0,8.0,143.0,403.0,78.0,0.0,106.0
421010309002,178.0,110.0,0.0,59.0,249.0,0.0,0.0,90.0
421010320006,279.0,58.0,44.0,44.0,224.0,45.0,0.0,211.0
421010320003,319.0,102.0,19.0,91.0,166.0,92.0,0.0,180.0
421010320005,166.0,46.0,0.0,226.0,408.0,38.0,0.0,127.0
421010320004,90.0,26.0,0.0,54.0,201.0,81.0,0.0,16.0
421010320007,81.0,25.0,0.0,72.0,65.0,33.0,0.0,117.0
421010320001,143.0,45.0,0.0,64.0,82.0,91.0,0.0,101.0
421010320002,97.0,81.0,0.0,64.0,80.0,11.0,0.0,92.0
421010342001,307.0,14.0,0.0,52.0,336.0,93.0,0.0,60.0
421010277004,124.0,0.0,0.0,30.0,41.0,47.0,0.0,104.0
421010277001,56.0,0.0,0.0,84.0,255.0,76.0,23.0,44.0
421010285001,341.0,71.0,23.0,226.0,373.0,190.0,23.0,618.0
421010293002,288.0,20.0,12.0,177.0,149.0,118.0,28.0,250.0
421010293001,56.0,45.0,0.0,173.0,133.0,17.0,0.0,134.0
421010302004,268.0,186.0,0.0,291.0,276.0,59.0,0.0,148.0
421010302001,264.0,12.0,0.0,142.0,282.0,0.0,34.0,187.0
421010302003,486.0,93.0,10.0,221.0,279.0,108.0,13.0,414.0
421010122041,485.0,33.0,21.0,124.0,565.0,109.0,0.0,168.0
421010122042,240.0,35.0,0.0,126.0,309.0,125.0,11.0,59.0
421010004021,273.0,24.0,0.0,24.0,189.0,26.0,19.0,29.0
421010004011,788.0,40.0,16.0,131.0,738.0,109.0,21.0,197.0
421010122031,61.0,11.0,14.0,51.0,117.0,28.0,37.0,34.0
421010136022,318.0,22.0,6.0,42.0,288.0,53.0,26.0,144.0
421010136023,413.0,30.0,0.0,43.0,256.0,67.0,31.0,50.0
421010136021,138.0,28.0,6.0,20.0,185.0,60.0,7.0,0.0
421010136024,189.0,0.0,19.0,36.0,199.0,52.0,7.0,18.0
421010345012,352.0,66.0,19.0,99.0,227.0,93.0,24.0,95.0
421010345011,245.0,124.0,0.0,50.0,204.0,79.0,11.0,129.0
421010345023,420.0,15.0,8.0,50.0,323.0,106.0,8.0,258.0
421010345021,206.0,26.0,0.0,100.0,145.0,35.0,45.0,40.0
421010345022,570.0,39.0,0.0,180.0,427.0,164.0,0.0,290.0
421010011022,429.0,119.0,4.0,158.0,559.0,60.0,0.0,97.0
421010011021,270.0,16.0,17.0,9.0,348.0,23.0,0.0,61.0
421010009021,242.0,26.0,15.0,13.0,187.0,54.0,0.0,178.0
421010009022,347.0,55.0,44.0,92.0,308.0,117.0,74.0,196.0
421010009012,252.0,33.0,0.0,84.0,245.0,64.0,11.0,90.0
421010009011,345.0,30.0,0.0,20.0,384.0,35.0,35.0,81.0
421010172011,161.0,0.0,12.0,71.0,109.0,127.0,11.0,134.0
421010172012,84.0,104.0,10.0,88.0,150.0,45.0,0.0,85.0
421010172013,126.0,35.0,0.0,278.0,151.0,20.0,38.0,97.0
421010172023,49.0,0.0,0.0,61.0,74.0,12.0,0.0,189.0
421010348013,341.0,66.0,20.0,141.0,234.0,111.0,10.0,214.0
421019803001,0.0,0.0,0.0,0.0,0.0,0.0,0.0,0.0
421010311011,313.0,45.0,0.0,216.0,234.0,94.0,0.0,214.0
421010201022,37.0,15.0,0.0,39.0,94.0,12.0,9.0,43.0
421010311013,250.0,50.0,0.0,80.0,236.0,75.0,40.0,111.0
421010311014,248.0,71.0,11.0,234.0,238.0,181.0,44.0,208.0
421010311012,157.0,37.0,0.0,77.0,97.0,0.0,11.0,139.0
421010311022,70.0,65.0,0.0,91.0,225.0,10.0,0.0,19.0
421010311021,110.0,0.0,20.0,43.0,163.0,19.0,10.0,108.0
421010311024,477.0,97.0,10.0,113.0,278.0,99.0,24.0,161.0
421010311023,118.0,57.0,0.0,217.0,272.0,45.0,0.0,99.0
421010195021,119.0,0.0,0.0,90.0,99.0,68.0,0.0,156.0
421010195022,222.0,9.0,19.0,422.0,167.0,107.0,0.0,432.0
421010172022,138.0,0.0,13.0,133.0,137.0,16.0,0.0,171.0
421010172024,99.0,23.0,0.0,14.0,62.0,0.0,0.0,185.0
421010172021,111.0,73.0,11.0,253.0,131.0,0.0,21.0,99.0
421010274013,57.0,0.0,28.0,129.0,57.0,58.0,0.0,84.0
421010274012,315.0,0.0,24.0,114.0,271.0,72.0,23.0,231.0
421010274011,166.0,36.0,7.0,167.0,219.0,100.0,15.0,171.0
421010201011,137.0,93.0,13.0,214.0,158.0,39.0,5.0,309.0
421010201012,87.0,0.0,0.0,106.0,109.0,27.0,0.0,212.0
421010201013,80.0,32.0,0.0,153.0,140.0,81.0,0.0,342.0
421010201023,117.0,10.0,0.0,89.0,139.0,20.0,11.0,140.0
421010201024,63.0,13.0,12.0,189.0,71.0,0.0,0.0,78.0
421010201021,180.0,35.0,0.0,73.0,246.0,25.0,0.0,127.0
421010086023,117.0,10.0,0.0,11.0,119.0,29.0,16.0,6.0
421010375002,414.0,13.0,0.0,89.0,320.0,55.0,22.0,177.0
421010375001,424.0,80.0,42.0,288.0,291.0,119.0,63.0,436.0
421019808001,0.0,0.0,0.0,0.0,0.0,0.0,0.0,0.0
421010180021,425.0,13.0,35.0,174.0,246.0,56.0,37.0,155.0
421010180022,389.0,87.0,0.0,45.0,255.0,40.0,0.0,231.0
421010180024,189.0,38.0,0.0,54.0,102.0,20.0,0.0,89.0
421010180023,410.0,31.0,0.0,236.0,296.0,74.0,0.0,282.0
421010088012,75.0,18.0,14.0,84.0,22.0,53.0,22.0,86.0
421010088011,89.0,130.0,146.0,455.0,107.0,184.0,272.0,563.0
421010098012,232.0,46.0,0.0,97.0,317.0,97.0,27.0,131.0
421010122011,76.0,0.0,0.0,85.0,115.0,42.0,1.0,107.0
421010122012,612.0,36.0,30.0,184.0,350.0,44.0,16.0,355.0
421010098011,210.0,23.0,0.0,115.0,214.0,21.0,26.0,78.0
421010071011,98.0,9.0,5.0,179.0,77.0,111.0,26.0,224.0
421010071012,156.0,25.0,28.0,42.0,116.0,57.0,6.0,155.0
421010071013,28.0,14.0,7.0,119.0,60.0,17.0,0.0,93.0
421010028012,447.0,41.0,0.0,132.0,72.0,148.0,6.0,172.0
421010361003,482.0,54.0,8.0,136.0,334.0,153.0,8.0,341.0
421010362014,339.0,17.0,0.0,106.0,300.0,41.0,0.0,106.0
421010369003,655.0,189.0,120.0,676.0,565.0,370.0,233.0,944.0
421010369001,16.0,20.0,23.0,45.0,8.0,5.0,0.0,10.0
421010369002,164.0,138.0,142.0,436.0,47.0,53.0,224.0,335.0
421010373003,240.0,0.0,0.0,11.0,348.0,53.0,0.0,96.0
421010373001,361.0,93.0,0.0,103.0,258.0,161.0,7.0,129.0
421010373002,593.0,98.0,0.0,65.0,548.0,119.0,0.0,166.0
421010372002,304.0,42.0,0.0,130.0,346.0,55.0,35.0,92.0
421010372001,242.0,23.0,0.0,94.0,175.0,87.0,16.0,66.0
421010372004,234.0,93.0,0.0,108.0,149.0,102.0,4.0,172.0
421010315012,122.0,36.0,0.0,77.0,135.0,82.0,0.0,79.0
421010315011,103.0,141.0,0.0,266.0,110.0,105.0,0.0,95.0
421010305011,247.0,63.0,0.0,242.0,237.0,209.0,7.0,199.0
421010305013,317.0,148.0,0.0,181.0,413.0,131.0,8.0,190.0
421010305012,363.0,76.0,56.0,195.0,399.0,31.0,39.0,215.0
421010305023,120.0,175.0,0.0,47.0,189.0,82.0,0.0,114.0
421010305021,224.0,30.0,37.0,74.0,185.0,44.0,8.0,98.0
421010305022,234.0,26.0,0.0,171.0,350.0,72.0,41.0,73.0
421010195023,59.0,9.0,9.0,105.0,75.0,0.0,0.0,146.0
421010195011,57.0,33.0,9.0,244.0,161.0,18.0,0.0,278.0
421010195013,133.0,5.0,0.0,253.0,148.0,69.0,0.0,243.0
421010305024,385.0,90.0,34.0,211.0,345.0,54.0,72.0,146.0
421010305025,82.0,23.0,13.0,67.0,176.0,51.0,0.0,97.0
421010098023,248.0,43.0,0.0,285.0,550.0,135.0,10.0,166.0
421010098022,385.0,70.0,0.0,476.0,488.0,198.0,28.0,167.0
421010098021,391.0,35.0,20.0,44.0,279.0,0.0,28.0,156.0
421010180013,243.0,14.0,0.0,40.0,246.0,8.0,0.0,131.0
421010195012,296.0,22.0,0.0,224.0,306.0,127.0,0.0,419.0
421010289012,299.0,49.0,0.0,124.0,201.0,0.0,0.0,158.0
421010289011,305.0,21.0,16.0,100.0,261.0,59.0,8.0,346.0
421010289013,176.0,72.0,0.0,182.0,123.0,105.0,30.0,130.0
421010289021,149.0,89.0,8.0,142.0,206.0,6.0,0.0,216.0
421010289023,339.0,43.0,0.0,157.0,111.0,142.0,27.0,169.0
421010289022,264.0,93.0,0.0,220.0,191.0,57.0,7.0,334.0
421010289024,271.0,45.0,15.0,141.0,301.0,48.0,18.0,296.0
421010289025,195.0,0.0,0.0,25.0,82.0,20.0,0.0,84.0
421010331014,251.0,37.0,0.0,120.0,180.0,54.0,9.0,102.0
421010331013,207.0,27.0,0.0,24.0,179.0,52.0,19.0,29.0
421010331012,188.0,60.0,10.0,125.0,143.0,60.0,25.0,130.0
421010331011,285.0,37.0,0.0,308.0,160.0,91.0,30.0,175.0
421010010023,259.0,18.0,0.0,109.0,213.0,46.0,18.0,60.0
421010010021,348.0,84.0,24.0,78.0,373.0,37.0,40.0,69.0
421010010022,163.0,9.0,15.0,13.0,240.0,50.0,0.0,57.0
421010010012,206.0,9.0,18.0,71.0,417.0,69.0,0.0,105.0
421010010011,221.0,0.0,12.0,10.0,221.0,33.0,0.0,65.0
421010208002,107.0,16.0,16.0,16.0,183.0,33.0,14.0,103.0
421010004022,565.0,26.0,0.0,0.0,618.0,75.0,0.0,173.0
421010180012,197.0,93.0,0.0,163.0,187.0,16.0,0.0,162.0
421010383003,93.0,13.0,20.0,102.0,86.0,20.0,12.0,90.0
421010383002,66.0,9.0,39.0,146.0,122.0,57.0,0.0,252.0
421010372003,78.0,0.0,21.0,66.0,185.0,9.0,0.0,62.0
421010383001,211.0,59.0,9.0,529.0,140.0,62.0,29.0,309.0
421010390006,113.0,55.0,14.0,145.0,257.0,35.0,13.0,35.0
421010180011,241.0,0.0,0.0,123.0,181.0,85.0,25.0,39.0
421010177025,290.0,13.0,0.0,81.0,110.0,0.0,0.0,244.0
421010177024,135.0,62.0,0.0,306.0,101.0,21.0,30.0,195.0
421010177021,69.0,36.0,0.0,120.0,60.0,31.0,0.0,243.0
421010268003,190.0,18.0,0.0,55.0,189.0,65.0,6.0,124.0
421010319001,195.0,28.0,0.0,185.0,186.0,75.0,0.0,66.0
421010319004,53.0,22.0,0.0,26.0,103.0,44.0,0.0,40.0
421010319005,346.0,53.0,15.0,134.0,366.0,29.0,0.0,87.0
421010319003,111.0,84.0,0.0,183.0,85.0,98.0,0.0,96.0
421010319002,341.0,8.0,0.0,86.0,285.0,28.0,41.0,152.0
421010330007,87.0,26.0,0.0,68.0,84.0,15.0,16.0,46.0
421010330003,122.0,0.0,0.0,298.0,208.0,71.0,0.0,186.0
421010330001,63.0,12.0,0.0,67.0,88.0,46.0,0.0,105.0
421010330004,211.0,0.0,176.0,182.0,311.0,62.0,0.0,372.0
421010330005,285.0,14.0,21.0,56.0,398.0,68.0,15.0,81.0
421010330006,30.0,0.0,0.0,126.0,143.0,17.0,0.0,72.0
421010330002,118.0,13.0,0.0,67.0,99.0,0.0,0.0,106.0
421010161001,629.0,78.0,22.0,338.0,735.0,34.0,33.0,306.0
421010161002,379.0,129.0,0.0,208.0,239.0,88.0,29.0,149.0
421010161003,224.0,0.0,0.0,123.0,87.0,32.0,19.0,105.0
421010161004,131.0,53.0,10.0,24.0,122.0,69.0,9.0,69.0
421010169012,42.0,0.0,0.0,134.0,149.0,27.0,0.0,101.0
421010169011,205.0,67.0,61.0,123.0,125.0,7.0,0.0,221.0
421010169013,121.0,41.0,0.0,321.0,222.0,58.0,0.0,388.0
421010174001,7.0,54.0,0.0,190.0,77.0,105.0,0.0,197.0
421010174002,167.0,21.0,0.0,250.0,161.0,72.0,0.0,199.0
421010158002,276.0,27.0,0.0,51.0,184.0,86.0,11.0,14.0
421010158004,214.0,33.0,0.0,165.0,118.0,19.0,0.0,80.0
421010158006,231.0,0.0,0.0,34.0,122.0,31.0,0.0,63.0
421010158005,271.0,74.0,12.0,109.0,324.0,60.0,57.0,107.0
421010158003,374.0,45.0,15.0,24.0,261.0,48.0,16.0,165.0
421010158001,347.0,19.0,33.0,33.0,335.0,98.0,0.0,119.0
421010164004,59.0,40.0,0.0,430.0,117.0,15.0,48.0,368.0
421010164001,173.0,20.0,58.0,214.0,189.0,69.0,7.0,182.0
421010164002,34.0,0.0,0.0,146.0,22.0,0.0,0.0,110.0
421010164003,106.0,11.0,28.0,142.0,34.0,151.0,31.0,447.0
421010169022,64.0,21.0,0.0,112.0,72.0,0.0,18.0,95.0
421010169021,75.0,0.0,0.0,183.0,188.0,145.0,0.0,238.0
421010169024,113.0,0.0,0.0,187.0,142.0,0.0,0.0,54.0
421010169023,187.0,0.0,0.0,304.0,214.0,70.0,27.0,175.0
421010171003,205.0,54.0,0.0,62.0,251.0,45.0,24.0,148.0
421010171004,52.0,0.0,0.0,95.0,79.0,49.0,9.0,115.0
421010171001,160.0,22.0,0.0,355.0,115.0,76.0,0.0,39.0
421010171002,187.0,19.0,12.0,75.0,217.0,0.0,0.0,128.0
421010259004,88.0,60.0,0.0,157.0,83.0,37.0,16.0,42.0
421010259001,41.0,23.0,12.0,12.0,133.0,77.0,0.0,58.0
421010259002,105.0,25.0,0.0,92.0,152.0,47.0,16.0,155.0
421010259006,47.0,0.0,0.0,193.0,177.0,59.0,0.0,141.0
421010259003,189.0,0.0,0.0,148.0,215.0,28.0,7.0,40.0
421010259005,292.0,0.0,0.0,57.0,278.0,22.0,10.0,111.0
421010290004,378.0,226.0,25.0,347.0,309.0,54.0,58.0,172.0
421010290001,61.0,0.0,0.0,0.0,134.0,8.0,0.0,40.0
421010290003,344.0,315.0,0.0,398.0,394.0,62.0,0.0,374.0
421010007002,620.0,0.0,20.0,162.0,465.0,38.0,48.0,159.0
421010025001,202.0,97.0,0.0,81.0,291.0,48.0,8.0,204.0
421010033005,246.0,36.0,0.0,99.0,151.0,0.0,0.0,109.0
421010007003,140.0,0.0,39.0,96.0,472.0,60.0,12.0,47.0
421010007001,242.0,0.0,38.0,27.0,185.0,19.0,0.0,33.0
421010284001,205.0,48.0,0.0,158.0,185.0,83.0,26.0,167.0
421010286002,62.0,0.0,24.0,67.0,28.0,0.0,24.0,73.0
421010286003,52.0,0.0,0.0,16.0,67.0,37.0,0.0,208.0
421010286004,180.0,81.0,27.0,61.0,121.0,93.0,51.0,55.0
421010286005,90.0,0.0,0.0,35.0,195.0,66.0,0.0,168.0
421010286006,75.0,0.0,0.0,217.0,98.0,48.0,0.0,201.0
421010286001,242.0,0.0,0.0,361.0,309.0,216.0,0.0,685.0
421010001001,575.0,55.0,14.0,40.0,837.0,57.0,15.0,13.0
421010001002,864.0,0.0,0.0,154.0,649.0,176.0,40.0,139.0
421010013005,663.0,44.0,24.0,278.0,680.0,89.0,67.0,280.0
421010013004,179.0,123.0,21.0,38.0,118.0,119.0,26.0,100.0
421010013001,220.0,0.0,53.0,0.0,255.0,17.0,48.0,12.0
421010013002,407.0,71.0,0.0,19.0,277.0,17.0,0.0,47.0
421010013003,216.0,15.0,0.0,0.0,109.0,126.0,0.0,84.0
421010042013,185.0,27.0,0.0,14.0,123.0,46.0,0.0,75.0
421010042014,373.0,58.0,0.0,62.0,629.0,72.0,0.0,301.0
421010042011,61.0,0.0,0.0,67.0,34.0,13.0,0.0,76.0
421010056001,60.0,10.0,0.0,138.0,142.0,45.0,0.0,176.0
421010067003,135.0,0.0,37.0,46.0,61.0,87.0,0.0,165.0
421010067002,94.0,35.0,0.0,0.0,117.0,11.0,0.0,164.0
421010067001,70.0,10.0,16.0,146.0,214.0,33.0,0.0,140.0
421010067004,100.0,122.0,18.0,75.0,55.0,81.0,0.0,100.0
421010067007,104.0,0.0,0.0,110.0,246.0,86.0,0.0,355.0
421010067005,209.0,29.0,0.0,195.0,283.0,65.0,29.0,269.0
421010067006,25.0,51.0,0.0,124.0,156.0,30.0,0.0,66.0
421010003002,805.0,11.0,14.0,51.0,638.0,105.0,117.0,158.0
421010003001,312.0,80.0,0.0,25.0,245.0,66.0,23.0,123.0
421010005001,654.0,96.0,18.0,623.0,373.0,172.0,72.0,375.0
421010024001,176.0,12.0,15.0,0.0,290.0,41.0,0.0,15.0
421010024004,153.0,30.0,0.0,14.0,121.0,39.0,8.0,79.0
421010024003,594.0,36.0,16.0,52.0,276.0,18.0,47.0,94.0
421010024005,350.0,38.0,0.0,24.0,210.0,35.0,55.0,66.0
421010024002,424.0,74.0,0.0,51.0,461.0,64.0,19.0,64.0
421010100004,280.0,19.0,0.0,165.0,315.0,128.0,0.0,158.0
421010100001,54.0,42.0,0.0,129.0,154.0,0.0,22.0,324.0
421010100002,164.0,22.0,0.0,48.0,194.0,101.0,0.0,122.0
421010100003,154.0,11.0,0.0,4.0,233.0,31.0,38.0,54.0
421010101002,79.0,0.0,0.0,150.0,270.0,61.0,58.0,18.0
421010101001,576.0,70.0,0.0,197.0,364.0,0.0,56.0,159.0
421010101006,76.0,127.0,39.0,265.0,313.0,80.0,0.0,136.0
421010101003,146.0,51.0,0.0,19.0,361.0,104.0,0.0,42.0
421010101004,205.0,109.0,0.0,69.0,70.0,100.0,5.0,231.0
421010101005,0.0,0.0,0.0,138.0,18.0,94.0,0.0,95.0
421010101007,85.0,0.0,0.0,116.0,94.0,55.0,0.0,41.0
421010107001,102.0,0.0,10.0,169.0,24.0,30.0,10.0,113.0
421010107004,46.0,13.0,0.0,123.0,141.0,25.0,0.0,92.0
421010107002,191.0,29.0,0.0,165.0,161.0,46.0,0.0,375.0
421010107003,73.0,14.0,0.0,97.0,89.0,15.0,0.0,88.0
421010133002,229.0,106.0,0.0,226.0,300.0,36.0,22.0,204.0
421010133001,474.0,37.0,0.0,76.0,580.0,151.0,0.0,180.0
421010247005,30.0,17.0,0.0,102.0,44.0,43.0,14.0,109.0
421010247002,126.0,34.0,15.0,144.0,111.0,46.0,7.0,126.0
421010038004,159.0,14.0,10.0,85.0,183.0,23.0,11.0,85.0
421010038003,108.0,29.0,10.0,83.0,104.0,0.0,88.0,69.0
421010038001,288.0,28.0,0.0,21.0,258.0,12.0,38.0,83.0
421010038002,165.0,0.0,22.0,45.0,119.0,52.0,10.0,52.0
421010125002,870.0,95.0,11.0,123.0,788.0,71.0,0.0,145.0
421010125001,367.0,37.0,20.0,54.0,334.0,59.0,38.0,108.0
421010125003,444.0,38.0,56.0,54.0,266.0,16.0,54.0,84.0
421010018001,434.0,26.0,8.0,42.0,179.0,104.0,11.0,17.0
421010018002,691.0,19.0,0.0,104.0,491.0,80.0,42.0,176.0
421010021002,392.0,74.0,0.0,264.0,471.0,64.0,0.0,119.0
421010021001,102.0,34.0,11.0,55.0,126.0,13.0,0.0,21.0
421010257001,366.0,47.0,43.0,115.0,461.0,33.0,24.0,185.0
421010033004,60.0,46.0,0.0,0.0,110.0,0.0,0.0,55.0
421010033006,157.0,0.0,0.0,299.0,262.0,205.0,60.0,240.0
421010033003,112.0,0.0,0.0,54.0,61.0,13.0,0.0,244.0
421010033001,257.0,1.0,12.0,232.0,390.0,109.0,110.0,353.0
421010033002,174.0,0.0,0.0,45.0,121.0,0.0,0.0,166.0
421010040023,249.0,26.0,0.0,83.0,265.0,0.0,60.0,105.0
421010040021,150.0,0.0,20.0,109.0,141.0,26.0,0.0,149.0
421010040024,305.0,37.0,17.0,56.0,132.0,39.0,0.0,41.0
421010040022,505.0,43.0,0.0,164.0,280.0,70.0,44.0,161.0
421010042012,501.0,85.0,18.0,227.0,461.0,78.0,29.0,126.0
421010203002,187.0,28.0,20.0,255.0,223.0,143.0,9.0,236.0
421010203001,188.0,61.0,0.0,99.0,138.0,54.0,4.0,147.0
421010209004,267.0,39.0,0.0,30.0,237.0,31.0,10.0,7.0
421010208001,359.0,65.0,0.0,196.0,342.0,101.0,29.0,199.0
421010209003,182.0,18.0,0.0,0.0,188.0,115.0,11.0,0.0
421010209001,248.0,20.0,6.0,81.0,95.0,72.0,0.0,59.0
421010209002,104.0,13.0,8.0,18.0,122.0,0.0,0.0,15.0
421010207003,464.0,55.0,0.0,129.0,478.0,48.0,0.0,121.0
421010207002,205.0,28.0,0.0,17.0,253.0,105.0,0.0,0.0
421010207001,256.0,33.0,65.0,141.0,290.0,125.0,118.0,162.0
421010207004,572.0,9.0,108.0,210.0,338.0,59.0,4.0,236.0
421010184001,133.0,47.0,6.0,30.0,126.0,37.0,10.0,60.0
421010184002,351.0,50.0,14.0,129.0,311.0,48.0,0.0,200.0
421010307003,319.0,129.0,40.0,154.0,259.0,239.0,34.0,110.0
421010307001,247.0,5.0,0.0,87.0,101.0,58.0,29.0,106.0
421010307002,271.0,29.0,0.0,72.0,103.0,124.0,8.0,86.0
421010312001,116.0,55.0,19.0,84.0,162.0,77.0,18.0,197.0
421010312002,310.0,49.0,17.0,310.0,493.0,29.0,8.0,238.0
421010312003,338.0,64.0,11.0,81.0,231.0,75.0,0.0,81.0
421010231001,315.0,8.0,15.0,50.0,218.0,51.0,41.0,103.0
421010235001,235.0,34.0,24.0,118.0,281.0,52.0,30.0,84.0
421010019002,479.0,62.0,30.0,108.0,421.0,27.0,21.0,113.0
421010019003,322.0,36.0,0.0,52.0,317.0,55.0,0.0,31.0
421010019001,237.0,18.0,0.0,47.0,218.0,111.0,7.0,77.0
421010031006,31.0,27.0,9.0,31.0,68.0,43.0,0.0,41.0
421010070004,27.0,0.0,0.0,58.0,100.0,0.0,0.0,41.0
421010070003,138.0,0.0,0.0,52.0,112.0,96.0,15.0,61.0
421010070001,195.0,0.0,0.0,94.0,144.0,69.0,0.0,90.0
421010070002,85.0,52.0,0.0,28.0,35.0,8.0,0.0,68.0
421010070005,65.0,0.0,0.0,20.0,134.0,62.0,0.0,130.0
421010080002,275.0,18.0,0.0,145.0,337.0,75.0,43.0,89.0
421010080004,149.0,95.0,15.0,135.0,172.0,87.0,27.0,107.0
421010080003,148.0,35.0,0.0,106.0,141.0,42.0,0.0,74.0
421010210001,168.0,86.0,19.0,53.0,171.0,75.0,7.0,29.0
421010210004,299.0,101.0,35.0,102.0,319.0,222.0,107.0,220.0
421010210002,156.0,0.0,0.0,13.0,162.0,50.0,0.0,33.0
421010210003,185.0,53.0,0.0,4.0,192.0,37.0,0.0,112.0
421010210005,419.0,0.0,60.0,84.0,375.0,78.0,0.0,59.0
421010347021,454.0,65.0,0.0,111.0,402.0,134.0,18.0,114.0
421010147002,182.0,223.0,60.0,420.0,123.0,128.0,121.0,217.0
421010147001,126.0,30.0,23.0,317.0,264.0,65.0,0.0,97.0
421010156002,48.0,18.0,14.0,195.0,50.0,17.0,0.0,232.0
421010156001,177.0,36.0,11.0,67.0,113.0,90.0,0.0,120.0
421010163001,132.0,23.0,0.0,157.0,71.0,59.0,0.0,184.0
421010163003,138.0,16.0,0.0,151.0,39.0,40.0,19.0,164.0
421010163002,112.0,53.0,0.0,68.0,15.0,48.0,29.0,179.0
421010163004,200.0,32.0,0.0,128.0,37.0,57.0,0.0,250.0
421010178002,258.0,25.0,7.0,139.0,60.0,19.0,0.0,178.0
421010278004,198.0,13.0,12.0,104.0,90.0,38.0,28.0,151.0
421010278001,165.0,8.0,0.0,151.0,335.0,66.0,9.0,165.0
421010278002,127.0,38.0,0.0,219.0,195.0,46.0,0.0,119.0
421010278003,182.0,17.0,0.0,99.0,83.0,58.0,0.0,112.0
421010282002,245.0,34.0,0.0,148.0,289.0,18.0,0.0,345.0
421010282003,302.0,73.0,31.0,207.0,260.0,134.0,56.0,454.0
421010282001,174.0,18.0,81.0,89.0,212.0,73.0,0.0,29.0
421010288003,113.0,65.0,20.0,204.0,158.0,39.0,7.0,361.0
421010288001,210.0,23.0,0.0,259.0,206.0,32.0,6.0,302.0
421010288002,120.0,23.0,1.0,185.0,208.0,35.0,14.0,167.0
421010298002,112.0,11.0,0.0,114.0,74.0,1.0,0.0,267.0
421010298004,293.0,19.0,0.0,102.0,202.0,6.0,40.0,244.0
421010298003,93.0,18.0,0.0,48.0,80.0,10.0,0.0,123.0
421010298001,322.0,56.0,0.0,202.0,193.0,154.0,0.0,281.0
421010298005,69.0,10.0,0.0,42.0,37.0,32.0,0.0,165.0
421010329004,241.0,14.0,0.0,84.0,49.0,34.0,0.0,51.0
421010329003,207.0,11.0,0.0,138.0,121.0,6.0,6.0,147.0
421010329005,153.0,41.0,0.0,66.0,161.0,16.0,14.0,121.0
421010329001,83.0,7.0,0.0,19.0,11.0,19.0,0.0,36.0
421010329002,133.0,10.0,0.0,26.0,93.0,77.0,14.0,63.0
421010348022,217.0,10.0,0.0,141.0,168.0,55.0,0.0,113.0
421010348023,347.0,16.0,0.0,18.0,306.0,75.0,0.0,80.0
421010348021,529.0,106.0,30.0,101.0,594.0,87.0,33.0,245.0
421010348033,150.0,0.0,0.0,86.0,228.0,80.0,0.0,56.0
421010348032,513.0,107.0,17.0,167.0,335.0,96.0,9.0,174.0
421010348031,195.0,65.0,0.0,23.0,170.0,36.0,15.0,72.0
421010245001,104.0,32.0,0.0,213.0,195.0,91.0,10.0,106.0
421010245004,46.0,72.0,0.0,75.0,106.0,0.0,0.0,107.0
421010245002,127.0,6.0,0.0,81.0,75.0,0.0,13.0,301.0
421010254004,277.0,34.0,0.0,108.0,205.0,82.0,0.0,63.0
421010254001,139.0,32.0,1.0,133.0,249.0,46.0,0.0,60.0
421010254002,245.0,75.0,0.0,169.0,305.0,12.0,29.0,150.0
421010254003,140.0,14.0,0.0,25.0,149.0,25.0,24.0,113.0
421010260002,108.0,127.0,27.0,27.0,149.0,42.0,0.0,203.0
421010260003,206.0,20.0,14.0,77.0,281.0,35.0,13.0,216.0
421010260001,177.0,0.0,0.0,110.0,53.0,22.0,0.0,160.0
421010263021,211.0,122.0,0.0,147.0,349.0,0.0,26.0,226.0
421010263022,180.0,101.0,17.0,342.0,271.0,178.0,24.0,69.0
421010263023,98.0,0.0,0.0,71.0,287.0,22.0,0.0,42.0
421010382002,207.0,10.0,4.0,96.0,174.0,14.0,8.0,161.0
421010382001,185.0,8.0,0.0,87.0,183.0,37.0,0.0,117.0
421010382003,76.0,12.0,0.0,76.0,94.0,69.0,16.0,183.0
421010380001,227.0,55.0,9.0,85.0,190.0,55.0,0.0,117.0
421010380002,147.0,36.0,5.0,179.0,117.0,34.0,20.0,130.0
421010381001,108.0,40.0,6.0,85.0,138.0,4.0,0.0,83.0
421010178003,118.0,32.0,0.0,54.0,21.0,89.0,0.0,198.0
421010178007,121.0,27.0,25.0,104.0,153.0,33.0,0.0,147.0
421010178004,90.0,17.0,34.0,0.0,49.0,18.0,0.0,61.0
421010178006,13.0,0.0,0.0,55.0,17.0,13.0,0.0,120.0
421010178001,46.0,14.0,65.0,93.0,74.0,59.0,112.0,181.0
421010178005,126.0,50.0,0.0,105.0,73.0,0.0,0.0,229.0
421010197004,77.0,161.0,0.0,166.0,45.0,0.0,0.0,165.0
421010197001,145.0,0.0,0.0,52.0,161.0,87.0,0.0,235.0
421010197005,51.0,0.0,0.0,92.0,119.0,115.0,16.0,180.0
421010197006,156.0,0.0,0.0,110.0,206.0,80.0,0.0,304.0
421010197002,50.0,0.0,0.0,87.0,142.0,58.0,0.0,147.0
421010197003,253.0,62.0,0.0,129.0,164.0,66.0,0.0,253.0
421010200002,103.0,39.0,0.0,154.0,80.0,32.0,0.0,136.0
421010200001,75.0,15.0,0.0,117.0,66.0,58.0,0.0,108.0
421010108001,51.0,0.0,0.0,78.0,97.0,0.0,0.0,126.0
421010108002,154.0,22.0,0.0,82.0,118.0,0.0,20.0,156.0
421010108003,94.0,77.0,14.0,162.0,169.0,102.0,33.0,52.0
421010108004,144.0,87.0,0.0,230.0,137.0,35.0,11.0,81.0
421010108005,67.0,0.0,11.0,65.0,85.0,21.0,17.0,132.0
421010263024,186.0,30.0,0.0,93.0,537.0,85.0,0.0,76.0
421010264004,385.0,13.0,0.0,192.0,429.0,152.0,0.0,69.0
421010264001,98.0,40.0,0.0,139.0,97.0,102.0,0.0,17.0
421010264006,126.0,56.0,0.0,41.0,118.0,51.0,0.0,20.0
421010264002,21.0,0.0,0.0,24.0,19.0,0.0,0.0,0.0
421010264005,98.0,0.0,0.0,182.0,152.0,197.0,42.0,124.0
421010264007,26.0,0.0,0.0,0.0,102.0,0.0,0.0,116.0
421010264003,16.0,26.0,0.0,0.0,113.0,0.0,0.0,165.0
421010271001,187.0,82.0,0.0,123.0,129.0,47.0,10.0,99.0
421010271002,254.0,41.0,3.0,168.0,200.0,68.0,0.0,115.0
421010271003,162.0,6.0,0.0,86.0,95.0,44.0,0.0,75.0
421010240004,141.0,19.0,3.0,77.0,85.0,70.0,15.0,124.0
421010240003,35.0,0.0,15.0,69.0,66.0,11.0,10.0,38.0
421010240001,287.0,27.0,5.0,91.0,359.0,113.0,72.0,153.0
421010240002,231.0,53.0,15.0,107.0,161.0,47.0,27.0,182.0
421010281002,93.0,0.0,10.0,81.0,310.0,55.0,0.0,203.0
421010281001,155.0,125.0,0.0,141.0,440.0,215.0,0.0,239.0
421010281003,115.0,97.0,26.0,147.0,140.0,49.0,0.0,182.0
421010283001,129.0,0.0,0.0,94.0,61.0,21.0,18.0,105.0
421010283003,37.0,51.0,0.0,91.0,108.0,39.0,0.0,22.0
421010283005,240.0,66.0,0.0,275.0,136.0,29.0,0.0,258.0
421010283006,199.0,0.0,0.0,92.0,66.0,71.0,0.0,194.0
421010283007,33.0,15.0,0.0,81.0,83.0,0.0,34.0,135.0
421010283002,78.0,63.0,0.0,106.0,76.0,25.0,0.0,54.0
421010283004,317.0,47.0,0.0,179.0,240.0,88.0,0.0,326.0
421010308004,379.0,22.0,0.0,88.0,300.0,79.0,39.0,201.0
421010308002,188.0,91.0,7.0,78.0,198.0,120.0,0.0,120.0
421010308003,431.0,47.0,40.0,55.0,311.0,86.0,7.0,290.0
421010308001,170.0,0.0,0.0,41.0,114.0,49.0,18.0,57.0
421010310006,339.0,23.0,0.0,144.0,194.0,113.0,45.0,107.0
421010310005,268.0,77.0,0.0,118.0,212.0,57.0,5.0,203.0
421010310007,137.0,46.0,0.0,79.0,113.0,63.0,0.0,121.0
421010310001,195.0,57.0,27.0,122.0,190.0,0.0,18.0,83.0
421010310003,116.0,54.0,0.0,68.0,118.0,54.0,0.0,48.0
421010310004,267.0,0.0,3.0,62.0,287.0,22.0,0.0,46.0
421010310002,135.0,114.0,55.0,77.0,394.0,64.0,0.0,113.0
421010153004,97.0,157.0,47.0,278.0,144.0,318.0,59.0,201.0
421010153002,50.0,9.0,0.0,84.0,93.0,51.0,13.0,139.0
421010153001,165.0,173.0,63.0,237.0,51.0,193.0,46.0,190.0
421010153003,126.0,80.0,17.0,89.0,110.0,14.0,0.0,117.0
421010157003,200.0,19.0,4.0,124.0,145.0,49.0,30.0,75.0
421010157002,164.0,238.0,14.0,137.0,121.0,64.0,0.0,181.0
421010157001,159.0,27.0,0.0,91.0,148.0,64.0,0.0,55.0
421010160003,399.0,71.0,36.0,59.0,378.0,78.0,0.0,96.0
421010160002,202.0,32.0,0.0,58.0,171.0,50.0,57.0,149.0
421010160004,199.0,40.0,0.0,66.0,209.0,43.0,0.0,185.0
421010160005,310.0,0.0,0.0,57.0,136.0,17.0,38.0,37.0
421010160006,300.0,15.0,0.0,65.0,104.0,49.0,12.0,37.0
421010160007,203.0,40.0,0.0,46.0,203.0,100.0,0.0,50.0
421010160001,144.0,44.0,0.0,42.0,108.0,48.0,0.0,24.0
421010168003,84.0,0.0,1.0,56.0,102.0,19.0,21.0,169.0
421010168002,106.0,13.0,0.0,31.0,107.0,0.0,0.0,79.0
421010168001,77.0,0.0,0.0,289.0,142.0,0.0,0.0,90.0
421010168006,142.0,0.0,43.0,85.0,86.0,25.0,0.0,117.0
421010168004,0.0,15.0,0.0,98.0,30.0,51.0,0.0,247.0
421010168005,18.0,0.0,0.0,14.0,17.0,0.0,0.0,147.0
421010177023,48.0,56.0,0.0,126.0,86.0,115.0,0.0,123.0
421010177022,42.0,19.0,9.0,282.0,102.0,46.0,0.0,288.0
421010177011,27.0,55.0,12.0,201.0,90.0,102.0,33.0,242.0
421010177012,161.0,71.0,0.0,288.0,184.0,38.0,30.0,212.0
421010177013,109.0,31.0,0.0,151.0,122.0,89.0,0.0,206.0
421010356021,252.0,18.0,0.0,108.0,291.0,32.0,51.0,69.0
421010356022,517.0,42.0,0.0,87.0,455.0,144.0,42.0,128.0
421010316006,131.0,62.0,0.0,55.0,189.0,0.0,0.0,56.0
421010202005,109.0,0.0,0.0,164.0,129.0,0.0,37.0,189.0
421010202002,66.0,0.0,0.0,0.0,16.0,52.0,0.0,85.0
421010202006,60.0,20.0,12.0,238.0,78.0,65.0,33.0,114.0
421010202003,127.0,0.0,0.0,24.0,0.0,0.0,0.0,49.0
421010202004,0.0,23.0,0.0,73.0,0.0,0.0,0.0,179.0
421010202001,69.0,7.0,0.0,148.0,59.0,73.0,8.0,260.0
421010149001,110.0,58.0,0.0,98.0,42.0,9.0,8.0,144.0
421010347022,247.0,24.0,0.0,39.0,128.0,52.0,20.0,24.0
421010347023,242.0,10.0,17.0,74.0,189.0,43.0,7.0,38.0
421010266006,99.0,0.0,0.0,158.0,121.0,15.0,0.0,76.0
421010266001,146.0,25.0,0.0,31.0,116.0,18.0,0.0,16.0
421010266002,312.0,67.0,62.0,146.0,117.0,17.0,0.0,159.0
421010266003,62.0,0.0,0.0,140.0,168.0,24.0,16.0,0.0
421010266008,320.0,0.0,0.0,110.0,68.0,137.0,20.0,16.0
421010266004,134.0,60.0,0.0,24.0,158.0,32.0,0.0,118.0
421010266005,21.0,0.0,0.0,77.0,62.0,65.0,0.0,152.0
421010266007,116.0,0.0,0.0,27.0,229.0,0.0,16.0,164.0
421010104003,60.0,59.0,0.0,189.0,212.0,25.0,0.0,210.0
421010390002,118.0,25.0,63.0,163.0,282.0,85.0,0.0,122.0
421010390003,243.0,0.0,41.0,109.0,202.0,21.0,0.0,46.0
421010390007,208.0,0.0,0.0,207.0,203.0,154.0,46.0,132.0
421010390008,41.0,74.0,17.0,113.0,190.0,23.0,18.0,199.0
421010390001,157.0,39.0,0.0,40.0,181.0,24.0,31.0,107.0
421010390004,87.0,6.0,0.0,152.0,25.0,175.0,0.0,60.0
421010390005,117.0,0.0,17.0,212.0,130.0,78.0,59.0,161.0
421010378003,520.0,9.0,0.0,132.0,143.0,19.0,0.0,87.0
421010378002,78.0,0.0,3.0,59.0,69.0,3.0,11.0,66.0
421010378001,253.0,68.0,0.0,123.0,249.0,65.0,25.0,86.0
421010377003,13.0,0.0,0.0,90.0,16.0,24.0,0.0,61.0
421010377002,240.0,283.0,47.0,436.0,323.0,208.0,58.0,311.0
421010377001,400.0,133.0,229.0,415.0,77.0,769.0,161.0,466.0
421010342002,284.0,5.0,12.0,64.0,394.0,77.0,45.0,76.0
421010361001,199.0,23.0,0.0,85.0,181.0,32.0,8.0,104.0
421010335001,226.0,103.0,0.0,24.0,198.0,92.0,0.0,79.0
421010335003,236.0,31.0,0.0,93.0,203.0,26.0,0.0,120.0
421010335002,252.0,88.0,0.0,112.0,239.0,54.0,124.0,285.0
421010341003,168.0,0.0,0.0,64.0,249.0,27.0,13.0,98.0
421010341001,145.0,15.0,0.0,83.0,194.0,13.0,0.0,51.0
421010341002,319.0,21.0,15.0,69.0,110.0,77.0,0.0,9.0
421010341006,131.0,31.0,12.0,50.0,163.0,47.0,0.0,49.0
421010341005,297.0,38.0,0.0,61.0,224.0,42.0,18.0,85.0
421010341004,281.0,171.0,0.0,39.0,190.0,38.0,0.0,223.0
421010351001,478.0,82.0,0.0,102.0,316.0,50.0,34.0,141.0
421010351002,291.0,0.0,30.0,160.0,349.0,118.0,0.0,205.0
421010353012,512.0,56.0,9.0,108.0,391.0,119.0,40.0,209.0
421010353013,186.0,0.0,0.0,17.0,133.0,11.0,7.0,31.0
421010353011,676.0,118.0,0.0,231.0,504.0,164.0,24.0,152.0
421010360001,546.0,26.0,42.0,162.0,495.0,204.0,58.0,229.0
421010199001,90.0,48.0,0.0,85.0,44.0,59.0,0.0,92.0
421010199002,139.0,45.0,11.0,164.0,26.0,66.0,0.0,205.0
421010199003,52.0,0.0,0.0,156.0,80.0,0.0,12.0,157.0
421010199004,70.0,57.0,11.0,408.0,125.0,37.0,0.0,294.0
421010204003,38.0,20.0,14.0,23.0,126.0,23.0,0.0,43.0
421010204001,38.0,14.0,0.0,46.0,86.0,14.0,0.0,211.0
421010204002,48.0,17.0,0.0,152.0,87.0,18.0,0.0,136.0
421010204004,118.0,21.0,0.0,112.0,88.0,38.0,0.0,75.0
421010237001,67.0,51.0,13.0,56.0,388.0,15.0,16.0,42.0
421010237002,247.0,0.0,15.0,28.0,235.0,208.0,52.0,51.0
421010237004,364.0,16.0,41.0,158.0,378.0,64.0,16.0,18.0
421010237003,280.0,0.0,0.0,43.0,136.0,107.0,0.0,17.0
421010104002,44.0,21.0,9.0,35.0,139.0,35.0,0.0,198.0
421010104001,53.0,10.0,10.0,107.0,86.0,0.0,0.0,186.0
421010104004,96.0,21.0,5.0,303.0,153.0,84.0,9.0,217.0
421010132001,52.0,55.0,0.0,95.0,206.0,40.0,17.0,157.0
421010132002,214.0,16.0,0.0,157.0,194.0,39.0,2.0,87.0
421010326001,60.0,0.0,0.0,226.0,141.0,75.0,0.0,15.0
421010326004,176.0,0.0,0.0,89.0,203.0,40.0,47.0,161.0
421010326007,217.0,0.0,0.0,22.0,118.0,0.0,0.0,35.0
421010326006,249.0,96.0,0.0,17.0,138.0,89.0,0.0,189.0
421010326002,170.0,0.0,13.0,81.0,233.0,0.0,22.0,123.0
421010326003,297.0,49.0,0.0,152.0,231.0,40.0,0.0,251.0
421010326005,90.0,0.0,0.0,0.0,159.0,20.0,0.0,0.0
421010332001,415.0,20.0,0.0,85.0,311.0,93.0,23.0,136.0
421010332002,222.0,52.0,0.0,69.0,147.0,65.0,0.0,57.0
421010338003,112.0,9.0,0.0,73.0,57.0,54.0,41.0,6.0
421010338005,368.0,29.0,68.0,13.0,235.0,78.0,22.0,103.0
421010338002,63.0,19.0,0.0,78.0,54.0,72.0,0.0,52.0
421010338001,413.0,96.0,0.0,245.0,502.0,103.0,0.0,215.0
421010338004,176.0,0.0,0.0,43.0,302.0,7.0,0.0,44.0
421010344003,540.0,52.0,9.0,100.0,360.0,136.0,63.0,140.0
421010344004,432.0,69.0,21.0,129.0,485.0,126.0,36.0,147.0
421010344001,330.0,13.0,8.0,204.0,189.0,55.0,55.0,50.0
421010344002,267.0,0.0,8.0,35.0,192.0,68.0,0.0,181.0
421010113002,0.0,0.0,0.0,30.0,56.0,56.0,23.0,37.0
421010347012,506.0,106.0,0.0,141.0,263.0,108.0,0.0,397.0
421010113001,483.0,51.0,0.0,161.0,344.0,71.0,0.0,106.0
421010113003,82.0,23.0,0.0,153.0,158.0,113.0,0.0,20.0
421010114001,338.0,0.0,42.0,251.0,390.0,239.0,0.0,80.0
421010114004,113.0,23.0,0.0,27.0,58.0,55.0,0.0,96.0
421010114005,344.0,104.0,0.0,38.0,546.0,132.0,32.0,95.0
421010114003,35.0,81.0,11.0,52.0,517.0,17.0,0.0,33.0
421010114006,88.0,85.0,44.0,90.0,126.0,45.0,0.0,132.0
421010114002,74.0,59.0,13.0,0.0,66.0,41.0,0.0,64.0
421010117001,187.0,106.0,63.0,418.0,258.0,202.0,139.0,378.0
421010176011,103.0,0.0,15.0,44.0,16.0,0.0,0.0,122.0
421010176013,38.0,18.0,9.0,176.0,116.0,5.0,0.0,230.0
421010176012,110.0,0.0,0.0,148.0,188.0,0.0,0.0,68.0
421010176014,241.0,153.0,0.0,272.0,276.0,76.0,0.0,438.0
421010176015,20.0,0.0,0.0,316.0,20.0,0.0,0.0,251.0
421010036002,95.0,62.0,0.0,187.0,157.0,50.0,134.0,143.0
421010036001,221.0,137.0,41.0,345.0,371.0,98.0,0.0,106.0
421010036004,13.0,28.0,37.0,71.0,155.0,107.0,0.0,184.0
421010036003,270.0,115.0,0.0,193.0,75.0,122.0,58.0,605.0
421010170002,0.0,0.0,0.0,48.0,28.0,99.0,0.0,100.0
421010170003,93.0,34.0,17.0,148.0,43.0,5.0,0.0,183.0
421010290002,238.0,89.0,35.0,180.0,324.0,33.0,15.0,123.0
421010301001,85.0,0.0,0.0,82.0,176.0,102.0,0.0,7.0
421010301002,157.0,50.0,7.0,473.0,447.0,38.0,134.0,211.0
421010301005,98.0,0.0,0.0,75.0,255.0,0.0,0.0,226.0
421010347011,644.0,102.0,0.0,114.0,454.0,131.0,44.0,208.0
421010347013,234.0,97.0,14.0,126.0,260.0,94.0,0.0,125.0
421010352003,318.0,118.0,0.0,70.0,196.0,100.0,18.0,62.0
421010352001,509.0,66.0,24.0,72.0,398.0,105.0,55.0,167.0
421010352002,198.0,27.0,18.0,23.0,127.0,33.0,12.0,33.0
421010358002,203.0,16.0,0.0,42.0,166.0,38.0,29.0,75.0
421010358003,321.0,44.0,25.0,154.0,330.0,20.0,38.0,65.0
421010358001,958.0,25.0,0.0,344.0,655.0,101.0,13.0,529.0
421010359002,675.0,48.0,19.0,80.0,537.0,198.0,78.0,242.0
421010359001,524.0,69.0,0.0,63.0,393.0,57.0,31.0,186.0
421010362012,139.0,1.0,1.0,63.0,145.0,43.0,22.0,21.0
421010362011,453.0,49.0,28.0,141.0,312.0,131.0,0.0,116.0
421010362013,233.0,61.0,0.0,29.0,161.0,47.0,0.0,139.0
421010362021,307.0,0.0,0.0,65.0,217.0,48.0,19.0,146.0
421010362022,452.0,91.0,1.0,66.0,208.0,50.0,59.0,120.0
421010362023,262.0,13.0,8.0,37.0,195.0,54.0,19.0,133.0
421010362024,295.0,54.0,21.0,127.0,357.0,80.0,24.0,210.0
421010106002,139.0,15.0,17.0,165.0,96.0,19.0,0.0,154.0
421010131001,150.0,23.0,0.0,196.0,122.0,41.0,18.0,37.0
421010131002,129.0,33.0,6.0,57.0,143.0,51.0,55.0,109.0
421010138002,172.0,49.0,24.0,239.0,243.0,51.0,0.0,129.0
421010138001,49.0,46.0,0.0,92.0,68.0,41.0,0.0,100.0
421010162001,155.0,35.0,20.0,104.0,105.0,8.0,0.0,186.0
421010162002,131.0,20.0,1.0,87.0,31.0,50.0,0.0,210.0
421010162003,121.0,20.0,4.0,208.0,108.0,17.0,29.0,91.0
421010179002,306.0,87.0,0.0,159.0,164.0,16.0,11.0,141.0
421010179001,49.0,0.0,0.0,0.0,58.0,0.0,0.0,0.0
421010179005,360.0,14.0,0.0,177.0,258.0,118.0,18.0,332.0
421010179004,256.0,0.0,15.0,344.0,152.0,236.0,0.0,426.0
421010179003,146.0,31.0,0.0,92.0,100.0,0.0,35.0,182.0
421010183003,331.0,11.0,10.0,64.0,189.0,108.0,13.0,204.0
421010183002,271.0,20.0,14.0,51.0,166.0,70.0,30.0,34.0
421010183001,160.0,37.0,8.0,81.0,171.0,16.0,0.0,94.0
421010170001,422.0,16.0,17.0,195.0,551.0,81.0,0.0,197.0
421010243003,109.0,31.0,14.0,130.0,67.0,21.0,9.0,85.0
421010243002,223.0,0.0,6.0,95.0,220.0,44.0,0.0,155.0
421010243004,52.0,18.0,27.0,118.0,119.0,0.0,14.0,41.0
421010243001,88.0,33.0,14.0,94.0,105.0,103.0,24.0,82.0
421010276002,31.0,36.0,0.0,27.0,75.0,9.0,0.0,71.0
421010039023,175.0,46.0,11.0,20.0,151.0,11.0,41.0,34.0
421010078003,207.0,103.0,0.0,108.0,212.0,62.0,28.0,98.0
421010078004,255.0,38.0,0.0,16.0,242.0,27.0,0.0,94.0
421010078005,261.0,119.0,15.0,134.0,234.0,114.0,26.0,165.0
421010080001,173.0,55.0,15.0,135.0,137.0,85.0,5.0,40.0
421010094001,27.0,16.0,0.0,53.0,190.0,78.0,0.0,194.0
421010094002,145.0,32.0,0.0,166.0,152.0,165.0,0.0,179.0
421010340002,256.0,0.0,0.0,75.0,201.0,80.0,0.0,70.0
421010340003,132.0,28.0,8.0,39.0,88.0,63.0,7.0,39.0
421010340001,248.0,43.0,0.0,76.0,186.0,32.0,10.0,49.0
421010346001,572.0,115.0,16.0,123.0,572.0,143.0,18.0,306.0
421010348011,252.0,41.0,7.0,109.0,125.0,31.0,7.0,132.0
421010348012,320.0,28.0,0.0,57.0,266.0,71.0,0.0,126.0
421010061002,138.0,10.0,0.0,70.0,159.0,103.0,12.0,92.0
421010061001,318.0,84.0,32.0,238.0,421.0,67.0,1.0,195.0
421010022002,90.0,0.0,0.0,63.0,176.0,22.0,7.0,43.0
421010022003,272.0,47.0,0.0,43.0,158.0,84.0,27.0,70.0
421010022001,274.0,30.0,4.0,45.0,202.0,14.0,20.0,69.0
421010023001,267.0,10.0,8.0,49.0,341.0,87.0,10.0,118.0
421010023002,350.0,69.0,18.0,127.0,506.0,69.0,27.0,157.0
421010041012,362.0,51.0,0.0,163.0,67.0,130.0,38.0,421.0
421010041011,360.0,15.0,4.0,107.0,123.0,51.0,17.0,74.0
421010041013,255.0,50.0,0.0,220.0,195.0,122.0,22.0,130.0
421010041014,310.0,26.0,0.0,158.0,160.0,138.0,0.0,348.0
421010042024,356.0,77.0,0.0,108.0,200.0,107.0,0.0,164.0
421010042022,94.0,59.0,0.0,112.0,182.0,32.0,7.0,228.0
421010042023,232.0,29.0,0.0,128.0,361.0,7.0,16.0,199.0
421010042021,218.0,53.0,0.0,139.0,133.0,57.0,9.0,220.0
421010055003,773.0,208.0,0.0,291.0,627.0,205.0,0.0,417.0
421010069002,59.0,41.0,0.0,24.0,22.0,0.0,0.0,192.0
421010055002,266.0,0.0,0.0,15.0,135.0,99.0,15.0,121.0
421010055001,322.0,44.0,39.0,298.0,467.0,109.0,85.0,40.0
421010069001,50.0,0.0,0.0,84.0,122.0,16.0,6.0,368.0
421010349004,322.0,15.0,11.0,118.0,141.0,40.0,0.0,66.0
421010349002,476.0,130.0,12.0,215.0,509.0,161.0,9.0,224.0
421010349001,153.0,34.0,19.0,31.0,127.0,39.0,0.0,117.0
421010269002,245.0,54.0,12.0,149.0,235.0,80.0,11.0,93.0
421010269001,64.0,38.0,14.0,85.0,113.0,61.0,11.0,111.0
421010292003,202.0,26.0,0.0,128.0,190.0,42.0,11.0,89.0
421010292001,471.0,162.0,0.0,223.0,516.0,170.0,0.0,295.0
421010292002,105.0,11.0,11.0,73.0,179.0,85.0,8.0,140.0
421010313004,348.0,19.0,0.0,85.0,138.0,58.0,0.0,177.0
421010313001,293.0,40.0,31.0,0.0,124.0,51.0,36.0,127.0
421010313002,323.0,82.0,0.0,58.0,244.0,94.0,13.0,156.0
421010313005,266.0,26.0,76.0,132.0,122.0,34.0,72.0,250.0
421010313003,298.0,16.0,14.0,40.0,157.0,25.0,23.0,50.0
421010313006,184.0,21.0,44.0,58.0,174.0,81.0,0.0,96.0
421010325002,333.0,29.0,26.0,153.0,303.0,84.0,9.0,275.0
421010325004,389.0,81.0,0.0,55.0,226.0,44.0,0.0,178.0
421010325003,217.0,91.0,0.0,403.0,253.0,91.0,99.0,155.0
421010325001,262.0,14.0,0.0,110.0,112.0,66.0,28.0,0.0
421010014001,466.0,81.0,0.0,86.0,429.0,145.0,0.0,24.0
421010014002,226.0,10.0,0.0,17.0,224.0,14.0,0.0,0.0
421010301003,196.0,39.0,0.0,302.0,94.0,0.0,0.0,149.0
421010301004,76.0,0.0,0.0,61.0,170.0,46.0,0.0,26.0
421010137004,201.0,0.0,0.0,62.0,179.0,71.0,0.0,103.0
421010137001,117.0,74.0,76.0,113.0,111.0,0.0,0.0,240.0
421010137005,276.0,117.0,0.0,86.0,181.0,0.0,0.0,193.0
421010137003,270.0,98.0,0.0,15.0,141.0,14.0,18.0,215.0
421010137002,81.0,19.0,26.0,13.0,101.0,69.0,0.0,88.0
421010115002,293.0,35.0,0.0,101.0,353.0,47.0,0.0,136.0
421010115003,209.0,39.0,0.0,154.0,378.0,0.0,0.0,86.0
421010115001,189.0,39.0,0.0,144.0,237.0,53.0,21.0,48.0
421010115004,87.0,26.0,0.0,70.0,225.0,0.0,0.0,93.0
421010120001,60.0,3.0,0.0,125.0,102.0,10.0,0.0,32.0
421010120002,257.0,61.0,34.0,182.0,194.0,108.0,65.0,178.0
421010121001,222.0,7.0,5.0,71.0,413.0,60.0,37.0,198.0
421010121002,112.0,4.0,21.0,137.0,257.0,54.0,0.0,280.0
421010257003,245.0,41.0,7.0,58.0,241.0,79.0,27.0,69.0
421010257002,209.0,55.0,0.0,90.0,174.0,100.0,0.0,53.0
421010211002,386.0,30.0,13.0,72.0,318.0,18.0,0.0,50.0
421010211001,250.0,27.0,22.0,75.0,400.0,37.0,7.0,59.0
421010261001,81.0,0.0,17.0,147.0,214.0,1.0,0.0,101.0
421010261003,273.0,61.0,0.0,186.0,322.0,48.0,8.0,100.0
421010261002,199.0,51.0,0.0,89.0,85.0,47.0,34.0,110.0
421010272003,191.0,138.0,0.0,100.0,346.0,22.0,15.0,177.0
421010272001,131.0,55.0,5.0,42.0,180.0,60.0,0.0,114.0
421010272002,313.0,230.0,0.0,279.0,601.0,54.0,0.0,162.0
421010275001,334.0,27.0,10.0,174.0,241.0,29.0,0.0,224.0
421010275003,82.0,0.0,47.0,36.0,201.0,42.0,0.0,35.0
421010275002,203.0,62.0,11.0,135.0,197.0,86.0,14.0,109.0
421010275004,60.0,194.0,0.0,115.0,214.0,124.0,6.0,159.0
421010280004,78.0,79.0,0.0,203.0,130.0,12.0,0.0,213.0
421010280001,86.0,14.0,0.0,107.0,38.0,9.0,0.0,140.0
421010280003,117.0,63.0,0.0,126.0,156.0,61.0,0.0,251.0
421010280002,135.0,11.0,0.0,156.0,135.0,22.0,0.0,94.0
421010294001,66.0,0.0,0.0,206.0,68.0,131.0,15.0,75.0
421010166002,49.0,28.0,0.0,102.0,62.0,41.0,16.0,121.0
421010166001,183.0,97.0,19.0,164.0,195.0,81.0,16.0,217.0
421010173001,59.0,0.0,40.0,93.0,117.0,65.0,0.0,109.0
421010173002,307.0,67.0,31.0,319.0,262.0,40.0,0.0,268.0
421010175002,57.0,51.0,0.0,195.0,56.0,31.0,0.0,117.0
421010175006,440.0,0.0,0.0,107.0,40.0,36.0,0.0,148.0
421010175005,147.0,0.0,0.0,109.0,93.0,56.0,15.0,246.0
421010175003,107.0,17.0,0.0,263.0,76.0,70.0,0.0,267.0
421010175004,0.0,25.0,0.0,51.0,77.0,51.0,1.0,77.0
421010175001,217.0,0.0,0.0,288.0,174.0,13.0,0.0,484.0
421010176021,210.0,34.0,0.0,259.0,110.0,77.0,0.0,337.0
421010176022,72.0,45.0,0.0,94.0,41.0,46.0,0.0,96.0
421010176023,300.0,70.0,0.0,338.0,110.0,104.0,0.0,382.0
421010253004,165.0,12.0,0.0,81.0,213.0,129.0,0.0,50.0
421010253002,143.0,0.0,0.0,136.0,96.0,12.0,43.0,68.0
421010253003,123.0,48.0,10.0,38.0,203.0,74.0,26.0,118.0
421010253005,78.0,18.0,17.0,29.0,155.0,49.0,25.0,45.0
421010253001,167.0,54.0,0.0,265.0,177.0,50.0,0.0,102.0
421010238005,283.0,12.0,0.0,95.0,243.0,77.0,0.0,104.0
421010238002,57.0,40.0,30.0,59.0,47.0,15.0,40.0,27.0
421010238001,110.0,64.0,0.0,0.0,193.0,38.0,11.0,94.0
421010094004,68.0,31.0,0.0,88.0,78.0,103.0,0.0,246.0
421010094003,92.0,56.0,0.0,53.0,174.0,146.0,0.0,26.0
421010095003,98.0,0.0,11.0,97.0,98.0,0.0,0.0,74.0
421010095002,29.0,36.0,0.0,114.0,32.0,47.0,13.0,81.0
421010095004,109.0,76.0,0.0,137.0,363.0,35.0,0.0,250.0
421010095001,80.0,33.0,43.0,78.0,84.0,6.0,20.0,61.0
421010084004,88.0,17.0,0.0,97.0,141.0,66.0,0.0,116.0
421010084006,122.0,13.0,0.0,94.0,60.0,0.0,8.0,110.0
421010084001,155.0,22.0,0.0,67.0,229.0,77.0,0.0,130.0
421010084002,58.0,0.0,0.0,222.0,142.0,16.0,0.0,119.0
421010084005,63.0,12.0,10.0,51.0,159.0,69.0,10.0,138.0
421010084003,58.0,0.0,0.0,73.0,43.0,11.0,30.0,39.0
421010090001,111.0,36.0,0.0,0.0,65.0,34.0,17.0,33.0
421010090003,271.0,94.0,34.0,415.0,145.0,124.0,116.0,300.0
421010090002,298.0,259.0,189.0,580.0,169.0,224.0,197.0,506.0
421010090004,182.0,193.0,110.0,347.0,188.0,268.0,105.0,286.0
421010198002,93.0,29.0,0.0,175.0,52.0,0.0,0.0,223.0
421010198004,159.0,101.0,0.0,276.0,231.0,64.0,0.0,132.0
421010198003,122.0,72.0,0.0,49.0,150.0,103.0,0.0,108.0
421010198005,182.0,22.0,4.0,169.0,106.0,53.0,3.0,159.0
421010198001,154.0,32.0,0.0,126.0,161.0,63.0,0.0,243.0
421010198006,152.0,30.0,0.0,116.0,46.0,58.0,6.0,225.0
421010212001,305.0,25.0,14.0,78.0,301.0,31.0,45.0,70.0
421010212002,306.0,33.0,0.0,131.0,301.0,63.0,15.0,54.0
421010213001,188.0,7.0,0.0,23.0,90.0,0.0,13.0,23.0
421010213002,174.0,0.0,0.0,44.0,139.0,8.0,0.0,82.0
421010213004,265.0,10.0,11.0,15.0,178.0,9.0,0.0,57.0
421010213005,333.0,50.0,9.0,9.0,165.0,42.0,17.0,159.0
421010213003,310.0,38.0,25.0,36.0,136.0,61.0,8.0,55.0
421010217003,204.0,15.0,0.0,84.0,302.0,17.0,0.0,85.0
421010217004,307.0,114.0,0.0,12.0,120.0,73.0,0.0,215.0
421010217002,314.0,16.0,0.0,36.0,380.0,44.0,41.0,116.0
421010217001,418.0,63.0,11.0,137.0,479.0,91.0,0.0,194.0
421010031001,218.0,37.0,22.0,17.0,436.0,26.0,11.0,59.0
421010031002,50.0,0.0,10.0,38.0,59.0,22.0,0.0,65.0
421010031004,80.0,82.0,0.0,170.0,96.0,74.0,0.0,82.0
421010031005,143.0,55.0,24.0,84.0,125.0,119.0,14.0,141.0
421010031003,113.0,29.0,7.0,42.0,92.0,37.0,15.0,81.0
421010032001,156.0,0.0,20.0,117.0,164.0,204.0,26.0,108.0
421010032004,14.0,8.0,0.0,120.0,89.0,69.0,0.0,40.0
421010032006,73.0,9.0,0.0,53.0,112.0,28.0,0.0,101.0
421010032003,174.0,33.0,0.0,48.0,250.0,35.0,0.0,153.0
421010032005,35.0,15.0,10.0,31.0,96.0,16.0,0.0,10.0
421010032002,75.0,0.0,0.0,38.0,56.0,29.0,0.0,63.0
421010040013,122.0,14.0,0.0,108.0,189.0,19.0,33.0,17.0
421010040011,596.0,120.0,0.0,102.0,113.0,50.0,0.0,54.0
421010040012,184.0,62.0,0.0,56.0,279.0,36.0,0.0,111.0
421010040014,176.0,9.0,0.0,25.0,259.0,7.0,14.0,49.0
421010062003,113.0,27.0,0.0,100.0,194.0,58.0,0.0,62.0
421010062002,198.0,0.0,9.0,117.0,98.0,63.0,17.0,129.0
421010072006,193.0,22.0,0.0,159.0,108.0,0.0,0.0,161.0
421010062004,92.0,90.0,55.0,68.0,144.0,133.0,24.0,314.0
421010062001,215.0,39.0,0.0,123.0,239.0,148.0,0.0,105.0
421010072001,46.0,0.0,2.0,186.0,169.0,46.0,0.0,77.0
421010072002,96.0,12.0,5.0,51.0,45.0,51.0,12.0,131.0
421010072003,71.0,39.0,0.0,36.0,105.0,19.0,0.0,59.0
421010072005,71.0,51.0,0.0,197.0,187.0,12.0,0.0,47.0
421010072004,73.0,14.0,0.0,59.0,88.0,22.0,15.0,99.0
421010363012,459.0,70.0,6.0,83.0,397.0,123.0,10.0,137.0
421010363011,339.0,47.0,9.0,42.0,300.0,128.0,23.0,144.0
421010353022,601.0,19.0,6.0,165.0,418.0,92.0,9.0,226.0
421010353021,473.0,62.0,3.0,93.0,371.0,82.0,0.0,99.0
421010355003,484.0,66.0,13.0,171.0,495.0,95.0,0.0,195.0
421010355001,707.0,64.0,0.0,132.0,436.0,31.0,12.0,231.0
421010355002,403.0,95.0,51.0,179.0,417.0,41.0,19.0,131.0
421010362031,444.0,28.0,15.0,99.0,275.0,116.0,11.0,51.0
421010294003,165.0,44.0,16.0,118.0,122.0,23.0,0.0,175.0
421010294002,125.0,25.0,0.0,286.0,152.0,31.0,8.0,138.0
421010300007,315.0,52.0,0.0,154.0,257.0,167.0,0.0,75.0
421010300003,148.0,22.0,0.0,289.0,178.0,125.0,0.0,43.0
421010300004,170.0,0.0,0.0,207.0,158.0,20.0,0.0,206.0
421010300006,82.0,0.0,0.0,53.0,75.0,0.0,0.0,149.0
421010300005,0.0,3.0,0.0,17.0,85.0,172.0,0.0,98.0
421010300002,163.0,0.0,0.0,97.0,157.0,0.0,0.0,75.0
421010300001,41.0,0.0,0.0,119.0,83.0,27.0,0.0,113.0
421010188004,100.0,37.0,0.0,174.0,112.0,8.0,0.0,110.0
421010188007,206.0,101.0,53.0,247.0,299.0,263.0,0.0,251.0
421010188002,65.0,77.0,28.0,128.0,113.0,76.0,0.0,387.0
421010188001,123.0,129.0,0.0,469.0,85.0,119.0,0.0,195.0
421010188003,61.0,0.0,0.0,135.0,125.0,10.0,18.0,201.0
421010188006,72.0,47.0,0.0,111.0,171.0,0.0,0.0,95.0
421010188005,195.0,137.0,0.0,27.0,12.0,0.0,0.0,20.0
421010191002,143.0,0.0,0.0,61.0,72.0,87.0,0.0,70.0
421010191001,272.0,0.0,0.0,97.0,47.0,114.0,11.0,69.0
421010238003,179.0,14.0,0.0,67.0,162.0,30.0,0.0,51.0
421010238004,83.0,39.0,0.0,57.0,106.0,93.0,0.0,109.0
421010252001,120.0,11.0,0.0,9.0,91.0,0.0,5.0,29.0
421010252006,130.0,69.0,0.0,353.0,138.0,79.0,63.0,316.0
421010252007,178.0,44.0,0.0,98.0,110.0,43.0,17.0,32.0
421010252005,110.0,57.0,0.0,235.0,243.0,81.0,0.0,219.0
421010252003,79.0,37.0,0.0,32.0,125.0,0.0,0.0,115.0
421010252004,172.0,34.0,0.0,117.0,302.0,15.0,41.0,85.0
421010252002,52.0,105.0,0.0,120.0,84.0,74.0,0.0,39.0
421010262004,247.0,15.0,0.0,26.0,180.0,93.0,7.0,104.0
421010262002,119.0,47.0,0.0,45.0,138.0,8.0,2.0,91.0
421010262001,172.0,0.0,0.0,68.0,138.0,0.0,0.0,39.0
421010262003,207.0,26.0,53.0,94.0,249.0,146.0,10.0,45.0
421010273001,148.0,107.0,56.0,278.0,203.0,13.0,0.0,130.0
421010273002,114.0,120.0,0.0,82.0,102.0,137.0,149.0,155.0
421010273003,79.0,0.0,14.0,142.0,354.0,10.0,0.0,193.0
421010273005,465.0,33.0,0.0,69.0,178.0,100.0,18.0,186.0
421010273004,368.0,52.0,24.0,27.0,40.0,174.0,0.0,162.0
421010284002,208.0,80.0,0.0,329.0,269.0,105.0,13.0,233.0
421010284003,36.0,26.0,0.0,211.0,77.0,9.0,11.0,103.0
421010218003,141.0,28.0,0.0,43.0,235.0,45.0,0.0,189.0
421019801001,30.0,0.0,0.0,5.0,15.0,0.0,0.0,4.0
421019891001,561.0,299.0,32.0,1290.0,77.0,1.0,32.0,216.0
421010167024,82.0,12.0,43.0,38.0,128.0,28.0,0.0,160.0
421010167021,27.0,11.0,17.0,42.0,67.0,27.0,16.0,95.0
421010167022,127.0,0.0,0.0,95.0,128.0,30.0,7.0,160.0
421010167023,59.0,0.0,0.0,96.0,93.0,7.0,13.0,147.0
421010063003,116.0,9.0,5.0,108.0,72.0,66.0,33.0,257.0
421010063001,0.0,11.0,0.0,82.0,42.0,0.0,0.0,100.0
421010063004,355.0,128.0,40.0,352.0,226.0,54.0,0.0,308.0
421010073001,34.0,0.0,0.0,95.0,84.0,49.0,0.0,24.0
421010073002,0.0,22.0,0.0,199.0,130.0,75.0,0.0,229.0
421010073003,78.0,21.0,13.0,0.0,52.0,35.0,0.0,17.0
421010073004,158.0,18.0,28.0,162.0,78.0,68.0,0.0,107.0
421010079001,195.0,11.0,0.0,23.0,292.0,50.0,20.0,37.0
421010079003,289.0,81.0,0.0,115.0,364.0,91.0,0.0,184.0
421010079002,359.0,85.0,13.0,67.0,266.0,68.0,64.0,57.0
421010079004,282.0,30.0,0.0,43.0,306.0,16.0,43.0,76.0
421010085002,239.0,60.0,0.0,97.0,252.0,17.0,45.0,238.0
421010085005,222.0,45.0,0.0,88.0,154.0,38.0,0.0,191.0
421010085006,53.0,0.0,20.0,104.0,296.0,39.0,0.0,187.0
421010085003,174.0,8.0,0.0,0.0,203.0,24.0,17.0,65.0
421010085004,150.0,0.0,0.0,98.0,104.0,7.0,0.0,22.0
421010085007,203.0,61.0,0.0,213.0,264.0,91.0,0.0,208.0
421010085001,70.0,15.0,23.0,56.0,59.0,28.0,0.0,82.0
421010096001,122.0,43.0,11.0,194.0,176.0,63.0,0.0,70.0
421010096003,48.0,58.0,7.0,128.0,95.0,70.0,37.0,82.0
421010096002,71.0,0.0,0.0,121.0,182.0,55.0,11.0,105.0
421010362032,262.0,39.0,13.0,82.0,233.0,61.0,14.0,39.0
421010362033,555.0,69.0,7.0,171.0,303.0,95.0,47.0,262.0
421010364001,137.0,65.0,49.0,240.0,52.0,5.0,0.0,59.0
421010205001,154.0,110.0,28.0,251.0,146.0,57.0,78.0,248.0
421010205002,157.0,130.0,0.0,68.0,94.0,39.0,0.0,180.0
421010218001,565.0,0.0,88.0,111.0,558.0,39.0,11.0,83.0
421010218002,501.0,57.0,0.0,84.0,363.0,117.0,114.0,133.0
421010219001,348.0,68.0,16.0,33.0,304.0,86.0,29.0,112.0
421010248002,124.0,17.0,0.0,163.0,187.0,110.0,0.0,160.0
421010241001,149.0,33.0,13.0,317.0,139.0,66.0,20.0,154.0
421010248001,175.0,46.0,0.0,159.0,122.0,90.0,0.0,131.0
421010064001,162.0,57.0,0.0,123.0,255.0,21.0,22.0,153.0
421010064002,100.0,88.0,0.0,70.0,215.0,47.0,23.0,24.0
421010064003,264.0,70.0,0.0,256.0,329.0,75.0,8.0,131.0
421010065006,129.0,64.0,12.0,110.0,117.0,30.0,0.0,156.0
421010065001,33.0,70.0,0.0,50.0,62.0,34.0,0.0,38.0
421010065003,153.0,13.0,20.0,105.0,159.0,25.0,0.0,108.0
421010065002,166.0,12.0,0.0,48.0,116.0,0.0,0.0,102.0
421010065004,31.0,48.0,0.0,104.0,256.0,68.0,0.0,123.0
421010065005,24.0,13.0,0.0,118.0,130.0,0.0,13.0,54.0
421010066004,125.0,40.0,0.0,123.0,108.0,0.0,0.0,199.0
421010066002,14.0,0.0,0.0,67.0,71.0,0.0,0.0,50.0
421010066001,110.0,0.0,0.0,66.0,91.0,63.0,5.0,56.0
421010066003,89.0,36.0,37.0,212.0,119.0,152.0,37.0,108.0
421010091002,98.0,40.0,28.0,153.0,231.0,66.0,10.0,65.0
421010074002,118.0,49.0,8.0,145.0,207.0,76.0,0.0,126.0
421010074001,107.0,27.0,0.0,164.0,122.0,86.0,69.0,76.0
421010074003,116.0,23.0,0.0,94.0,108.0,52.0,0.0,126.0
421010074004,112.0,58.0,0.0,114.0,261.0,176.0,0.0,110.0
421010074005,52.0,12.0,20.0,11.0,49.0,0.0,0.0,54.0
421010255003,140.0,22.0,0.0,30.0,97.0,50.0,6.0,8.0
421010255002,153.0,82.0,53.0,73.0,174.0,9.0,5.0,154.0
421010255001,259.0,89.0,20.0,46.0,222.0,43.0,28.0,110.0
421010256002,141.0,38.0,25.0,22.0,210.0,73.0,0.0,32.0
421010256003,159.0,55.0,26.0,74.0,169.0,46.0,0.0,39.0
421010256001,198.0,10.0,4.0,78.0,201.0,27.0,30.0,36.0
421010263012,118.0,40.0,10.0,148.0,148.0,67.0,9.0,70.0
421010263014,101.0,0.0,11.0,89.0,134.0,30.0,0.0,85.0
421010263011,191.0,25.0,23.0,96.0,313.0,61.0,0.0,94.0
421010263013,126.0,71.0,0.0,32.0,147.0,55.0,9.0,154.0
421010270002,345.0,125.0,10.0,154.0,303.0,115.0,12.0,170.0
421010270001,203.0,113.0,0.0,127.0,133.0,43.0,14.0,92.0
421010247001,83.0,48.0,10.0,70.0,130.0,9.0,8.0,258.0
421010247004,91.0,19.0,0.0,58.0,80.0,33.0,0.0,194.0
421010247003,84.0,0.0,0.0,198.0,173.0,27.0,19.0,167.0
421019807001,0.0,0.0,0.0,0.0,0.0,0.0,0.0,0.0
421010027012,267.0,7.0,0.0,177.0,174.0,65.0,10.0,130.0
421010027011,388.0,41.0,0.0,13.0,158.0,31.0,51.0,63.0
421010027013,472.0,129.0,0.0,257.0,371.0,47.0,128.0,340.0
421019806001,0.0,0.0,0.0,0.0,0.0,0.0,0.0,0.0
421010337012,291.0,49.0,0.0,22.0,215.0,26.0,0.0,89.0
421010337013,247.0,123.0,29.0,445.0,330.0,209.0,178.0,313.0
421010337011,282.0,108.0,36.0,59.0,194.0,178.0,13.0,185.0
421010279011,127.0,16.0,0.0,165.0,141.0,68.0,9.0,77.0
421010279013,52.0,0.0,0.0,71.0,156.0,46.0,9.0,56.0
421010279012,125.0,16.0,0.0,82.0,121.0,77.0,10.0,167.0
421010279014,292.0,49.0,0.0,241.0,261.0,158.0,45.0,150.0
421010279021,220.0,52.0,60.0,257.0,157.0,148.0,100.0,333.0
421010279022,323.0,238.0,116.0,395.0,222.0,202.0,134.0,500.0
421010081012,39.0,30.0,25.0,204.0,119.0,10.0,0.0,92.0
421010081011,137.0,0.0,0.0,176.0,151.0,141.0,0.0,250.0
421010081013,115.0,0.0,0.0,69.0,77.0,73.0,0.0,133.0
421010071022,181.0,28.0,4.0,68.0,241.0,46.0,0.0,193.0
421010071023,73.0,21.0,0.0,89.0,102.0,39.0,14.0,74.0
421010071021,89.0,83.0,0.0,151.0,172.0,32.0,0.0,100.0
421010071024,98.0,16.0,0.0,100.0,119.0,92.0,37.0,38.0
421010071025,107.0,11.0,0.0,245.0,205.0,128.0,0.0,240.0
421010088021,223.0,92.0,8.0,254.0,224.0,143.0,29.0,83.0
421010088022,209.0,47.0,25.0,425.0,189.0,18.0,27.0,240.0
421010088023,236.0,229.0,216.0,555.0,160.0,261.0,323.0,1005.0
421010088024,215.0,37.0,48.0,184.0,63.0,55.0,47.0,343.0
421010087021,317.0,86.0,49.0,271.0,385.0,55.0,33.0,243.0
421010087022,259.0,53.0,0.0,140.0,361.0,99.0,21.0,74.0
421010081024,315.0,24.0,19.0,397.0,341.0,94.0,0.0,393.0
421010087011,291.0,21.0,36.0,43.0,246.0,147.0,0.0,129.0
421010087012,447.0,21.0,0.0,315.0,107.0,87.0,100.0,142.0
421010087013,336.0,97.0,0.0,220.0,396.0,236.0,39.0,167.0
421010081022,173.0,0.0,0.0,66.0,72.0,46.0,0.0,241.0
421010081021,50.0,96.0,0.0,67.0,173.0,69.0,50.0,22.0
421010081025,57.0,13.0,13.0,44.0,130.0,99.0,0.0,159.0
421010081023,250.0,14.0,24.0,95.0,85.0,59.0,24.0,112.0
421010086021,264.0,78.0,0.0,87.0,198.0,23.0,0.0,111.0
421010086022,172.0,22.0,0.0,25.0,167.0,61.0,14.0,155.0
421010145001,101.0,15.0,4.0,124.0,99.0,46.0,0.0,59.0
421010145002,73.0,37.0,18.0,84.0,111.0,81.0,14.0,137.0
421010165001,0.0,0.0,0.0,53.0,34.0,0.0,0.0,162.0
421010165003,54.0,20.0,39.0,153.0,169.0,74.0,35.0,372.0
421010165002,65.0,1.0,0.0,146.0,103.0,39.0,0.0,128.0
421010236001,160.0,58.0,0.0,0.0,78.0,69.0,0.0,10.0
421010236002,180.0,28.0,4.0,50.0,169.0,7.0,37.0,99.0
421010236003,83.0,24.0,0.0,0.0,198.0,64.0,17.0,40.0
421010242003,40.0,28.0,0.0,130.0,229.0,53.0,0.0,180.0
421010239002,147.0,23.0,19.0,22.0,162.0,10.0,0.0,73.0
421010239001,59.0,86.0,0.0,29.0,131.0,83.0,0.0,78.0
421010242002,109.0,13.0,0.0,81.0,143.0,0.0,0.0,105.0
421010242001,103.0,0.0,0.0,140.0,109.0,29.0,17.0,86.0
421010242004,198.0,41.0,0.0,66.0,251.0,56.0,19.0,87.0
421010245003,30.0,0.0,0.0,70.0,52.0,136.0,29.0,178.0
421010140003,139.0,79.0,0.0,104.0,230.0,160.0,13.0,231.0
421010140001,293.0,72.0,14.0,320.0,355.0,22.0,10.0,109.0
421010140002,66.0,41.0,0.0,44.0,45.0,3.0,0.0,94.0
421010096005,172.0,99.0,0.0,68.0,128.0,61.0,0.0,40.0
421010096004,276.0,83.0,0.0,83.0,111.0,62.0,0.0,183.0
421010118002,209.0,0.0,22.0,4.0,84.0,0.0,35.0,170.0
421010118006,65.0,0.0,0.0,36.0,118.0,26.0,0.0,68.0
421010118005,167.0,0.0,0.0,168.0,223.0,31.0,0.0,119.0
421010118001,164.0,0.0,0.0,97.0,368.0,13.0,28.0,245.0
421010118003,137.0,0.0,0.0,326.0,220.0,134.0,34.0,232.0
421010118004,153.0,104.0,0.0,203.0,33.0,0.0,0.0,73.0
421010119002,233.0,0.0,20.0,184.0,359.0,109.0,40.0,303.0
421010119005,115.0,53.0,0.0,0.0,79.0,34.0,0.0,19.0
421010119004,105.0,3.0,1.0,64.0,22.0,44.0,0.0,97.0
421010119001,98.0,13.0,14.0,128.0,94.0,46.0,0.0,41.0
421010119003,58.0,50.0,0.0,148.0,162.0,31.0,0.0,122.0
421010139002,24.0,10.0,0.0,41.0,167.0,52.0,14.0,220.0
421010139001,52.0,43.0,0.0,130.0,32.0,26.0,0.0,163.0
421010139003,228.0,51.0,4.0,216.0,128.0,0.0,3.0,92.0
421010092001,220.0,44.0,11.0,238.0,192.0,123.0,12.0,461.0
421010092002,298.0,32.0,25.0,503.0,227.0,126.0,7.0,24.0
421010091003,93.0,109.0,0.0,340.0,44.0,36.0,43.0,237.0
421010091001,212.0,42.0,31.0,101.0,93.0,20.0,32.0,43.0
421010103001,68.0,40.0,0.0,72.0,244.0,85.0,15.0,258.0
421010103002,41.0,21.0,0.0,139.0,216.0,33.0,0.0,242.0
421010105003,208.0,18.0,4.0,415.0,142.0,104.0,0.0,125.0
421010105001,37.0,8.0,0.0,0.0,18.0,8.0,0.0,66.0
421010105002,87.0,56.0,0.0,358.0,285.0,114.0,0.0,245.0
421010314023,524.0,52.0,5.0,185.0,565.0,179.0,6.0,528.0
421010167011,182.0,48.0,15.0,127.0,59.0,27.0,0.0,178.0
421010167013,174.0,17.0,0.0,202.0,133.0,41.0,7.0,340.0
421010167012,52.0,9.0,0.0,75.0,79.0,35.0,0.0,79.0
421010039014,243.0,67.0,43.0,103.0,297.0,29.0,0.0,117.0
421010020001,392.0,101.0,5.0,117.0,168.0,105.0,33.0,60.0
421010020002,199.0,53.0,12.0,102.0,126.0,58.0,32.0,76.0
421010039011,496.0,17.0,2.0,273.0,270.0,81.0,0.0,96.0
421010039012,640.0,183.0,48.0,110.0,343.0,24.0,0.0,109.0
421010039013,535.0,8.0,0.0,69.0,328.0,75.0,28.0,256.0
421010050001,0.0,0.0,0.0,0.0,0.0,0.0,0.0,0.0
421010054001,408.0,44.0,6.0,99.0,282.0,53.0,0.0,155.0
421010276001,166.0,54.0,0.0,135.0,233.0,128.0,14.0,159.0
421010016001,271.0,40.0,12.0,27.0,314.0,61.0,0.0,67.0
421010276003,130.0,70.0,0.0,57.0,115.0,19.0,0.0,197.0
421010276004,107.0,9.0,22.0,43.0,201.0,92.0,28.0,115.0
421010016002,410.0,38.0,17.0,11.0,357.0,62.0,46.0,55.0
421010039021,431.0,120.0,11.0,77.0,264.0,111.0,0.0,201.0
421010039024,497.0,52.0,12.0,126.0,290.0,24.0,21.0,286.0
421010039022,232.0,23.0,0.0,11.0,250.0,0.0,0.0,36.0
421010306004,229.0,27.0,131.0,98.0,352.0,62.0,0.0,137.0
421010302002,316.0,163.0,15.0,54.0,523.0,59.0,0.0,154.0
421010302005,344.0,87.0,0.0,87.0,115.0,88.0,1.0,49.0
421010306006,135.0,58.0,0.0,31.0,213.0,0.0,13.0,121.0
421010306001,163.0,40.0,0.0,128.0,101.0,37.0,0.0,106.0
421010306003,202.0,0.0,0.0,65.0,130.0,0.0,0.0,129.0
421010306005,126.0,45.0,0.0,0.0,67.0,18.0,16.0,119.0
421010306007,386.0,59.0,0.0,172.0,358.0,136.0,0.0,189.0
421010306002,271.0,0.0,0.0,104.0,144.0,78.0,0.0,25.0
421010316001,308.0,0.0,0.0,9.0,86.0,109.0,0.0,126.0
421010316007,232.0,55.0,0.0,138.0,138.0,136.0,0.0,152.0
421010316005,136.0,0.0,0.0,185.0,161.0,243.0,0.0,0.0
421010316002,210.0,50.0,0.0,51.0,85.0,152.0,0.0,88.0
421010316003,71.0,33.0,0.0,46.0,95.0,53.0,0.0,9.0
421010316004,78.0,16.0,0.0,203.0,246.0,0.0,0.0,107.0
421010015001,275.0,23.0,0.0,31.0,301.0,29.0,9.0,56.0
421010029001,397.0,11.0,0.0,51.0,239.0,16.0,0.0,84.0
421010029003,484.0,12.0,11.0,152.0,307.0,103.0,8.0,228.0
421010029002,345.0,0.0,0.0,0.0,154.0,61.0,0.0,176.0
421010015002,526.0,62.0,42.0,66.0,554.0,126.0,9.0,154.0
421010037021,334.0,72.0,0.0,331.0,230.0,120.0,27.0,228.0
421010037023,128.0,0.0,26.0,108.0,125.0,49.0,8.0,173.0
421010037022,261.0,18.0,17.0,75.0,222.0,44.0,8.0,148.0
421010244003,68.0,30.0,0.0,243.0,173.0,10.0,0.0,135.0
421010106001,55.0,31.0,0.0,95.0,89.0,23.0,0.0,118.0
421010244002,148.0,37.0,0.0,84.0,186.0,144.0,0.0,322.0
421010244001,98.0,0.0,0.0,184.0,60.0,58.0,0.0,140.0
421010246002,30.0,9.0,0.0,200.0,265.0,116.0,0.0,125.0
421010246001,56.0,13.0,0.0,148.0,82.0,28.0,25.0,106.0
421010246003,61.0,63.0,0.0,124.0,66.0,134.0,12.0,135.0
421010249003,29.0,9.0,0.0,49.0,64.0,0.0,13.0,154.0
421010357011,385.0,118.0,20.0,214.0,428.0,102.0,0.0,249.0
421010357012,423.0,122.0,18.0,173.0,590.0,145.0,30.0,225.0
421010357021,379.0,18.0,0.0,126.0,209.0,102.0,20.0,227.0
421010357022,565.0,68.0,34.0,151.0,341.0,126.0,23.0,372.0
421010356014,90.0,0.0,23.0,42.0,132.0,33.0,17.0,56.0
421010356012,307.0,0.0,0.0,91.0,348.0,23.0,15.0,165.0
421010356013,155.0,111.0,0.0,57.0,146.0,78.0,0.0,35.0
421010356011,437.0,101.0,8.0,100.0,332.0,52.0,36.0,76.0
421010151012,101.0,45.0,0.0,291.0,147.0,17.0,8.0,310.0
421010151011,59.0,69.0,0.0,185.0,73.0,80.0,0.0,140.0
421010151021,176.0,82.0,0.0,180.0,211.0,59.0,0.0,296.0
421010151023,24.0,17.0,4.0,120.0,54.0,27.0,0.0,192.0
421010151022,110.0,43.0,0.0,253.0,143.0,85.0,16.0,287.0
421010365013,113.0,62.0,0.0,39.0,122.0,21.0,4.0,13.0
421010365012,639.0,22.0,17.0,130.0,300.0,182.0,0.0,100.0
421010365011,345.0,183.0,0.0,136.0,503.0,75.0,77.0,206.0
421019804001,0.0,0.0,0.0,0.0,0.0,0.0,0.0,0.0
421010134022,169.0,0.0,0.0,22.0,198.0,19.0,10.0,73.0
421010134021,219.0,0.0,0.0,34.0,330.0,9.0,0.0,49.0
421010134023,612.0,7.0,10.0,0.0,518.0,49.0,8.0,107.0
421010134011,80.0,0.0,0.0,0.0,170.0,48.0,10.0,72.0
421010379003,230.0,0.0,0.0,91.0,194.0,15.0,20.0,18.0
421010134012,388.0,45.0,0.0,41.0,307.0,84.0,17.0,64.0
421010136011,330.0,0.0,0.0,55.0,398.0,52.0,10.0,42.0
421010136012,491.0,52.0,10.0,17.0,449.0,69.0,10.0,61.0
421010379005,67.0,0.0,0.0,49.0,129.0,59.0,15.0,0.0
421010379001,134.0,36.0,0.0,48.0,104.0,27.0,0.0,26.0
421010379004,196.0,19.0,1.0,113.0,113.0,75.0,34.0,46.0
421010379002,271.0,18.0,0.0,120.0,226.0,30.0,0.0,234.0
421010379006,239.0,18.0,0.0,47.0,223.0,64.0,0.0,100.0
421010381002,16.0,0.0,5.0,42.0,42.0,11.0,0.0,9.0
421010384002,225.0,25.0,0.0,30.0,162.0,31.0,8.0,64.0
421010384001,309.0,41.0,6.0,49.0,289.0,35.0,36.0,133.0
421010028011,567.0,9.0,8.0,116.0,228.0,116.0,6.0,269.0
421010028013,513.0,50.0,10.0,47.0,197.0,128.0,0.0,217.0
421019805001,0.0,0.0,0.0,0.0,0.0,0.0,0.0,0.0
421010008011,525.0,31.0,15.0,101.0,357.0,32.0,53.0,43.0
421010011012,192.0,52.0,0.0,17.0,325.0,196.0,12.0,81.0
421010011014,193.0,52.0,24.0,73.0,215.0,125.0,44.0,145.0
421010011011,232.0,0.0,0.0,37.0,63.0,0.0,0.0,85.0
421010011013,390.0,7.0,0.0,59.0,303.0,60.0,0.0,11.0
421010274022,50.0,0.0,0.0,99.0,155.0,0.0,0.0,19.0
421010274023,116.0,103.0,16.0,0.0,111.0,0.0,20.0,101.0
421010274021,430.0,157.0,0.0,203.0,454.0,134.0,0.0,181.0
421010274024,404.0,137.0,71.0,433.0,327.0,80.0,0.0,312.0
421010274025,235.0,0.0,42.0,248.0,139.0,45.0,0.0,100.0
421010365021,685.0,43.0,40.0,175.0,452.0,151.0,30.0,205.0
421010086012,434.0,61.0,16.0,86.0,573.0,128.0,48.0,80.0
421010086011,345.0,19.0,0.0,74.0,266.0,63.0,39.0,152.0
421010365022,284.0,28.0,26.0,34.0,227.0,65.0,13.0,107.0
421010367001,714.0,87.0,18.0,81.0,571.0,33.0,13.0,40.0
421010367002,337.0,73.0,12.0,106.0,339.0,32.0,12.0,92.0
421010376002,732.0,70.0,30.0,248.0,606.0,68.0,5.0,214.0
421010376001,61.0,21.0,28.0,329.0,64.0,32.0,8.0,131.0
421010386001,298.0,30.0,0.0,49.0,241.0,53.0,13.0,136.0
421010385002,281.0,19.0,7.0,78.0,168.0,46.0,16.0,148.0
421010385001,110.0,29.0,8.0,41.0,112.0,18.0,13.0,52.0
421010387002,255.0,116.0,95.0,89.0,183.0,208.0,113.0,210.0
421010387001,129.0,18.0,7.0,9.0,115.0,36.0,5.0,42.0
421010388004,215.0,23.0,0.0,65.0,320.0,103.0,9.0,98.0
421010388002,216.0,12.0,0.0,24.0,280.0,74.0,31.0,75.0
421010388001,207.0,0.0,0.0,0.0,96.0,0.0,27.0,80.0
421010388003,223.0,9.0,7.0,31.0,204.0,39.0,0.0,28.0
421010060001,355.0,15.0,0.0,340.0,478.0,23.0,0.0,130.0
421010060002,292.0,0.0,0.0,85.0,188.0,146.0,83.0,413.0
421010060005,116.0,0.0,0.0,237.0,79.0,57.0,0.0,91.0
421010060004,138.0,0.0,30.0,191.0,126.0,39.0,0.0,36.0
421010060003,0.0,0.0,0.0,82.0,39.0,63.0,0.0,132.0
421010111002,54.0,4.0,0.0,35.0,69.0,0.0,0.0,26.0
421010111003,48.0,13.0,0.0,44.0,51.0,75.0,0.0,65.0
421010111001,62.0,18.0,0.0,46.0,80.0,56.0,0.0,86.0
421010111004,21.0,54.0,0.0,117.0,101.0,84.0,12.0,182.0
421010111005,182.0,0.0,0.0,33.0,214.0,5.0,0.0,118.0
421010082001,1.0,0.0,19.0,4.0,20.0,0.0,0.0,181.0
421010082006,242.0,91.0,0.0,22.0,257.0,51.0,0.0,194.0
421010082002,145.0,14.0,17.0,311.0,373.0,27.0,0.0,369.0
421010082004,22.0,0.0,21.0,46.0,55.0,0.0,0.0,0.0
421010082005,17.0,0.0,0.0,45.0,109.0,31.0,0.0,77.0
421010082003,282.0,60.0,0.0,232.0,227.0,37.0,31.0,17.0
421010082007,129.0,24.0,0.0,92.0,158.0,34.0,0.0,81.0
421010083012,190.0,19.0,12.0,230.0,210.0,61.0,0.0,370.0
421010083011,280.0,0.0,0.0,187.0,288.0,97.0,73.0,159.0
421010083013,173.0,0.0,0.0,131.0,175.0,140.0,75.0,212.0
421010083021,105.0,34.0,0.0,158.0,161.0,19.0,13.0,173.0
421010083022,293.0,49.0,0.0,250.0,322.0,36.0,40.0,143.0
421010083023,120.0,10.0,0.0,119.0,105.0,27.0,7.0,98.0
421010083024,137.0,91.0,0.0,116.0,219.0,78.0,12.0,135.0
421010249004,32.0,40.0,36.0,90.0,87.0,20.0,40.0,71.0
421010249002,64.0,0.0,0.0,18.0,27.0,27.0,0.0,24.0
421010249001,78.0,62.0,0.0,125.0,330.0,26.0,0.0,174.0
421010258001,286.0,11.0,14.0,60.0,338.0,59.0,26.0,95.0
421010265005,116.0,17.0,0.0,18.0,106.0,0.0,11.0,188.0
421010265001,63.0,12.0,28.0,80.0,148.0,31.0,20.0,92.0
421010265003,54.0,29.0,0.0,176.0,192.0,29.0,58.0,9.0
421010265004,92.0,79.0,0.0,138.0,133.0,9.0,0.0,138.0
421010265006,320.0,121.0,0.0,215.0,274.0,18.0,65.0,98.0
421010265002,22.0,88.0,0.0,101.0,97.0,63.0,53.0,143.0
421010267002,16.0,0.0,0.0,0.0,58.0,13.0,0.0,0.0
421010267006,46.0,15.0,0.0,53.0,290.0,18.0,0.0,114.0
421010267007,116.0,22.0,0.0,93.0,85.0,16.0,0.0,70.0
421010267003,124.0,12.0,0.0,246.0,129.0,61.0,63.0,118.0
421010267004,92.0,0.0,0.0,76.0,308.0,71.0,28.0,162.0
421010267005,320.0,0.0,0.0,260.0,190.0,133.0,0.0,309.0
421010267001,72.0,13.0,74.0,80.0,63.0,72.0,0.0,0.0
421010190003,181.0,77.0,0.0,280.0,414.0,67.0,0.0,179.0
421010183004,213.0,50.0,0.0,37.0,155.0,21.0,0.0,81.0
421010190004,261.0,0.0,15.0,88.0,202.0,78.0,0.0,108.0
421010190001,224.0,17.0,0.0,153.0,162.0,95.0,12.0,300.0
421010190002,215.0,122.0,0.0,123.0,265.0,260.0,20.0,219.0
421010190005,296.0,18.0,0.0,77.0,136.0,86.0,0.0,204.0
421010206001,268.0,59.0,28.0,181.0,236.0,95.0,35.0,182.0
421010215003,223.0,54.0,0.0,28.0,197.0,59.0,0.0,42.0
421010215001,165.0,34.0,9.0,43.0,203.0,32.0,17.0,118.0
421010215002,410.0,45.0,51.0,38.0,385.0,75.0,5.0,27.0
421010215004,287.0,100.0,0.0,111.0,238.0,33.0,12.0,140.0
421010216001,277.0,22.0,0.0,95.0,168.0,50.0,0.0,129.0
421010216002,443.0,32.0,8.0,38.0,348.0,46.0,31.0,102.0
421010220001,285.0,5.0,7.0,25.0,244.0,62.0,5.0,103.0
421010002001,762.0,78.0,36.0,195.0,440.0,139.0,65.0,366.0
421010006001,360.0,52.0,12.0,94.0,335.0,66.0,14.0,91.0
421010078001,224.0,42.0,0.0,233.0,111.0,33.0,15.0,107.0
421010078002,54.0,18.0,0.0,70.0,104.0,35.0,35.0,0.0
421010093002,183.0,45.0,0.0,88.0,101.0,66.0,0.0,103.0
421010093001,21.0,11.0,0.0,54.0,137.0,17.0,0.0,62.0
421010093004,33.0,42.0,0.0,166.0,115.0,69.0,0.0,152.0
421010093003,15.0,8.0,0.0,106.0,134.0,27.0,0.0,177.0
421010093005,385.0,59.0,0.0,119.0,210.0,21.0,0.0,356.0
421010321002,194.0,51.0,0.0,117.0,156.0,37.0,0.0,140.0
421010321001,233.0,112.0,0.0,260.0,252.0,85.0,0.0,126.0
421010321003,236.0,15.0,0.0,223.0,222.0,56.0,0.0,112.0
421010214001,393.0,47.0,16.0,39.0,182.0,74.0,0.0,75.0
421010214005,272.0,35.0,3.0,30.0,221.0,37.0,0.0,64.0
421010214004,519.0,79.0,28.0,48.0,208.0,16.0,28.0,0.0
421010214002,229.0,9.0,21.0,219.0,214.0,5.0,22.0,18.0
421010214003,148.0,108.0,0.0,147.0,167.0,3.0,0.0,87.0
421010349003,253.0,0.0,0.0,128.0,172.0,46.0,0.0,121.0
421010317004,263.0,37.0,0.0,45.0,321.0,75.0,0.0,183.0
421010317003,203.0,13.0,0.0,70.0,59.0,107.0,0.0,99.0
421010317005,161.0,39.0,16.0,38.0,126.0,62.0,6.0,127.0
421010317001,186.0,55.0,0.0,154.0,194.0,100.0,0.0,143.0
421010317002,338.0,143.0,0.0,209.0,462.0,155.0,0.0,68.0
421010318003,135.0,7.0,0.0,48.0,103.0,0.0,16.0,69.0
421010318002,214.0,22.0,0.0,221.0,394.0,72.0,13.0,142.0
421010318004,217.0,5.0,0.0,122.0,158.0,91.0,0.0,82.0
421010318001,178.0,92.0,0.0,94.0,153.0,48.0,0.0,103.0
421010323001,68.0,28.0,0.0,44.0,139.0,38.0,7.0,90.0
421010323003,364.0,119.0,11.0,175.0,261.0,55.0,0.0,170.0
421010323002,220.0,0.0,27.0,127.0,229.0,118.0,51.0,91.0
421010334001,248.0,0.0,21.0,55.0,89.0,0.0,0.0,124.0
421010334004,581.0,0.0,0.0,103.0,211.0,39.0,18.0,216.0
421010334002,318.0,50.0,0.0,132.0,312.0,133.0,7.0,103.0
421010334003,176.0,41.0,0.0,98.0,93.0,37.0,21.0,141.0
421010339001,252.0,26.0,10.0,84.0,147.0,52.0,28.0,79.0
421010339002,314.0,18.0,15.0,150.0,298.0,64.0,41.0,149.0
421010339003,133.0,22.0,0.0,34.0,132.0,38.0,0.0,45.0
421010361002,136.0,22.0,0.0,84.0,80.0,7.0,9.0,26.0
421010109003,103.0,39.0,4.0,207.0,96.0,64.0,29.0,157.0
421010102001,106.0,58.0,0.0,23.0,62.0,36.0,0.0,186.0
421010102002,67.0,52.0,0.0,90.0,137.0,10.0,28.0,222.0
421010102003,238.0,36.0,0.0,154.0,145.0,72.0,0.0,265.0
421010109002,40.0,36.0,9.0,36.0,51.0,13.0,0.0,80.0
421010109001,125.0,15.0,4.0,158.0,190.0,89.0,27.0,154.0
421010069003,77.0,8.0,8.0,50.0,147.0,40.0,0.0,83.0
421010077002,144.0,83.0,33.0,206.0,87.0,38.0,39.0,115.0
421010077001,270.0,79.0,82.0,193.0,207.0,113.0,50.0,154.0
421010110004,193.0,0.0,0.0,173.0,205.0,36.0,39.0,292.0
421010110002,134.0,18.0,0.0,154.0,92.0,53.0,0.0,85.0
421010110003,31.0,26.0,0.0,387.0,55.0,42.0,0.0,38.0
421010110001,85.0,0.0,0.0,39.0,26.0,79.0,3.0,157.0
421010112004,101.0,55.0,0.0,202.0,312.0,34.0,0.0,114.0
421010112003,114.0,0.0,0.0,285.0,60.0,0.0,14.0,174.0
421010112007,39.0,40.0,0.0,56.0,29.0,16.0,0.0,77.0
421010112002,46.0,0.0,13.0,89.0,192.0,52.0,0.0,133.0
421010112005,58.0,12.0,0.0,63.0,87.0,42.0,0.0,160.0
421010112001,50.0,102.0,0.0,139.0,185.0,86.0,0.0,45.0
421010112006,151.0,0.0,0.0,80.0,53.0,24.0,0.0,99.0
421010041021,481.0,133.0,37.0,302.0,347.0,48.0,12.0,692.0
421010041023,217.0,54.0,0.0,74.0,212.0,27.0,27.0,91.0
421010041022,822.0,205.0,60.0,269.0,300.0,33.0,44.0,514.0
421010041024,337.0,66.0,16.0,84.0,342.0,60.0,13.0,86.0
421010014003,661.0,27.0,9.0,95.0,424.0,128.0,40.0,46.0
421010363021,328.0,2.0,2.0,66.0,300.0,125.0,0.0,158.0
421010363022,358.0,73.0,0.0,97.0,357.0,128.0,16.0,176.0
421010063002,289.0,0.0,0.0,203.0,46.0,43.0,13.0,253.0
421010142001,447.0,11.0,0.0,0.0,341.0,85.0,17.0,61.0
421010142002,1229.0,59.0,9.0,198.0,1113.0,127.0,15.0,55.0
421010037012,91.0,78.0,0.0,144.0,127.0,0.0,33.0,456.0
421010037011,144.0,2.0,0.0,79.0,36.0,42.0,0.0,94.0
421010037014,250.0,55.0,0.0,86.0,105.0,51.0,0.0,102.0
421010037015,79.0,0.0,0.0,69.0,170.0,59.0,0.0,111.0
421010037013,441.0,70.0,0.0,213.0,588.0,85.0,0.0,301.0
421010287001,230.0,19.0,42.0,185.0,147.0,125.0,0.0,244.0
421010287002,128.0,37.0,0.0,83.0,105.0,55.0,0.0,232.0
421010291004,137.0,10.0,6.0,60.0,112.0,92.0,0.0,129.0
421010291001,81.0,83.0,0.0,19.0,97.0,45.0,0.0,72.0
421010291003,238.0,51.0,0.0,127.0,130.0,85.0,53.0,274.0
421010291002,240.0,118.0,35.0,193.0,213.0,88.0,19.0,458.0
421010135002,185.0,0.0,0.0,40.0,110.0,47.0,6.0,15.0
421010135004,619.0,59.0,0.0,323.0,339.0,72.0,9.0,216.0
421010135001,163.0,10.0,0.0,18.0,110.0,25.0,11.0,36.0
421010135003,215.0,22.0,15.0,25.0,202.0,18.0,0.0,19.0
421010143002,197.0,10.0,13.0,48.0,232.0,34.0,0.0,45.0
421010143001,370.0,61.0,10.0,63.0,225.0,41.0,5.0,51.0
421010146001,146.0,232.0,154.0,452.0,251.0,337.0,144.0,474.0
421010146003,118.0,36.0,0.0,131.0,161.0,0.0,0.0,85.0
421010146002,105.0,60.0,0.0,23.0,203.0,21.0,0.0,68.0
421010149003,104.0,63.0,33.0,67.0,63.0,0.0,0.0,50.0
421010148001,74.0,75.0,18.0,140.0,123.0,6.0,0.0,191.0
421010149005,41.0,0.0,0.0,38.0,119.0,8.0,16.0,92.0
421010149006,44.0,11.0,0.0,188.0,14.0,0.0,0.0,154.0
421010149002,41.0,53.0,0.0,22.0,57.0,58.0,0.0,52.0
421010149004,69.0,9.0,0.0,56.0,8.0,0.0,0.0,134.0
421010191004,376.0,0.0,82.0,100.0,275.0,67.0,0.0,544.0
421010284004,67.0,0.0,0.0,85.0,46.0,11.0,0.0,143.0
421010191006,52.0,0.0,30.0,109.0,41.0,42.0,0.0,67.0
421010191003,249.0,0.0,20.0,356.0,244.0,86.0,0.0,263.0
421010191005,317.0,0.0,146.0,257.0,288.0,79.0,83.0,252.0
421010192006,60.0,0.0,0.0,131.0,118.0,0.0,0.0,69.0
421010192005,134.0,15.0,0.0,77.0,151.0,15.0,0.0,123.0
421010192004,80.0,119.0,31.0,473.0,155.0,131.0,23.0,401.0
421010192003,223.0,54.0,0.0,344.0,249.0,204.0,0.0,507.0
421010192001,129.0,0.0,50.0,112.0,78.0,29.0,0.0,97.0
421010192002,129.0,140.0,0.0,301.0,244.0,46.0,0.0,141.0
421010017001,397.0,18.0,0.0,68.0,326.0,42.0,7.0,66.0
421010017002,489.0,21.0,0.0,21.0,482.0,65.0,19.0,85.0
421010025002,316.0,7.0,0.0,34.0,224.0,56.0,0.0,29.0
421010025004,219.0,84.0,6.0,25.0,165.0,152.0,12.0,54.0
421010025003,143.0,7.0,0.0,71.0,100.0,59.0,0.0,25.0
421010268001,120.0,10.0,0.0,149.0,176.0,90.0,0.0,293.0
421010268002,246.0,32.0,0.0,120.0,189.0,71.0,21.0,101.0
421010268004,246.0,17.0,0.0,36.0,335.0,44.0,13.0,85.0
