fips,white,black,american_indian,asian,pacific_islander,other,two_or_more
1,234370202.0,40610815.0,2632102.0,17186320.0,570116.0,15553808.0,10081044.0
42,10378174.0,1417611.0,24995.0,417525.0,3665.0,251215.0,297320.0
42101,652204.0,668123.0,5641.0,111487.0,831.0,87384.0,43987.0
42101024400,278.0,2584.0,18.0,0.0,0.0,0.0,113.0
42101035900,4027.0,137.0,57.0,809.0,0.0,196.0,100.0
42101036201,4338.0,261.0,0.0,32.0,0.0,17.0,134.0
42101036202,5114.0,553.0,0.0,163.0,0.0,94.0,21.0
42101010600,122.0,1414.0,0.0,152.0,0.0,0.0,44.0
42101024600,328.0,2483.0,0.0,0.0,0.0,113.0,56.0
42101024900,21.0,2679.0,2.0,0.0,0.0,0.0,13.0
42101025800,76.0,1497.0,7.0,25.0,0.0,0.0,15.0
42101026500,118.0,5427.0,0.0,0.0,0.0,15.0,93.0
42101026700,52.0,6600.0,0.0,0.0,0.0,0.0,28.0
42101034000,2139.0,331.0,0.0,289.0,0.0,114.0,77.0
42101026800,306.0,3884.0,0.0,326.0,0.0,0.0,329.0
42101031900,2388.0,1664.0,81.0,224.0,0.0,641.0,138.0
42101033000,5076.0,1101.0,0.0,63.0,0.0,643.0,471.0
42101034600,1425.0,734.0,0.0,365.0,0.0,80.0,113.0
42101034801,3935.0,321.0,0.0,49.0,0.0,38.0,65.0
42101006100,314.0,2535.0,0.0,122.0,0.0,8.0,0.0
42101008400,154.0,4343.0,27.0,11.0,0.0,0.0,192.0
42101009000,4013.0,404.0,11.0,1208.0,0.0,83.0,353.0
42101010200,0.0,3262.0,0.0,0.0,0.0,25.0,24.0
42101010900,478.0,2169.0,7.0,94.0,0.0,4.0,84.0
42101014200,3302.0,474.0,0.0,333.0,0.0,118.0,160.0
42101016100,3655.0,282.0,74.0,767.0,0.0,1032.0,217.0
42101016901,107.0,3089.0,0.0,0.0,0.0,0.0,9.0
42101017400,319.0,1750.0,0.0,0.0,0.0,0.0,38.0
42101025900,52.0,4585.0,0.0,29.0,0.0,0.0,146.0
42101029000,2463.0,2643.0,276.0,308.0,0.0,1537.0,145.0
42101030100,2121.0,2971.0,2.0,79.0,0.0,280.0,277.0
42101013700,1048.0,3405.0,0.0,55.0,76.0,20.0,51.0
42101011500,189.0,4403.0,24.0,0.0,0.0,28.0,42.0
42101012000,629.0,1046.0,0.0,138.0,0.0,7.0,51.0
42101012100,732.0,2208.0,0.0,203.0,0.0,17.0,57.0
42101016600,410.0,1111.0,0.0,6.0,0.0,101.0,54.0
42101017602,2228.0,432.0,25.0,42.0,0.0,1475.0,151.0
42101017300,182.0,2286.0,0.0,26.0,0.0,6.0,9.0
42101017500,2357.0,2136.0,41.0,63.0,0.0,2027.0,160.0
42101025300,208.0,3965.0,0.0,133.0,0.0,70.0,113.0
42101023800,1226.0,2345.0,0.0,45.0,0.0,48.0,399.0
42101025200,659.0,6404.0,61.0,51.0,0.0,0.0,47.0
42101026200,66.0,3936.0,6.0,0.0,0.0,0.0,6.0
42101027300,827.0,3622.0,16.0,1390.0,0.0,372.0,64.0
42101028400,563.0,3629.0,44.0,33.0,0.0,14.0,126.0
42101028600,1170.0,3885.0,0.0,605.0,0.0,836.0,178.0
42101000100,2990.0,550.0,0.0,492.0,0.0,33.0,90.0
42101001300,4059.0,1679.0,136.0,388.0,0.0,105.0,115.0
42101030700,2285.0,1519.0,0.0,419.0,0.0,35.0,119.0
42101031200,968.0,2798.0,7.0,747.0,0.0,577.0,110.0
42101023100,1280.0,4.0,6.0,12.0,0.0,13.0,8.0
42101023500,715.0,397.0,0.0,69.0,0.0,9.0,92.0
42101004001,2959.0,143.0,0.0,514.0,0.0,404.0,15.0
42101001900,2110.0,1088.0,0.0,105.0,0.0,0.0,78.0
42101003100,669.0,3103.0,0.0,241.0,0.0,229.0,77.0
42101003200,358.0,3540.0,0.0,52.0,19.0,20.0,75.0
42101006200,219.0,4424.0,0.0,111.0,0.0,28.0,16.0
42101007200,150.0,4422.0,0.0,150.0,0.0,1.0,135.0
42101007400,550.0,3899.0,0.0,87.0,0.0,16.0,234.0
42101009200,639.0,2480.0,7.0,359.0,23.0,15.0,67.0
42101016400,1124.0,2388.0,72.0,0.0,0.0,795.0,261.0
42101031502,2261.0,1082.0,0.0,599.0,0.0,168.0,173.0
42101031401,2444.0,1576.0,12.0,1810.0,21.0,1457.0,297.0
42101033701,4300.0,1022.0,0.0,398.0,0.0,145.0,298.0
42101033702,3754.0,243.0,0.0,1070.0,0.0,154.0,65.0
42101027901,135.0,3983.0,0.0,22.0,0.0,41.0,109.0
42101031402,2234.0,901.0,0.0,2197.0,0.0,564.0,84.0
42101016701,92.0,2643.0,0.0,34.0,0.0,0.0,67.0
42101016702,188.0,2365.0,56.0,8.0,0.0,0.0,25.0
42101027902,1640.0,2299.0,0.0,140.0,0.0,57.0,110.0
42101008101,10.0,2732.0,0.0,0.0,0.0,10.0,132.0
42101980300,0.0,0.0,0.0,0.0,0.0,0.0,0.0
42101036900,3633.0,631.0,23.0,1258.0,0.0,25.0,170.0
42101037300,5038.0,220.0,35.0,285.0,0.0,0.0,25.0
42101037200,3165.0,399.0,0.0,679.0,0.0,198.0,79.0
42101038300,1239.0,1091.0,98.0,0.0,16.0,815.0,87.0
42101039000,2199.0,5782.0,0.0,270.0,0.0,968.0,247.0
42101037800,2198.0,337.0,30.0,40.0,0.0,15.0,26.0
42101037700,2320.0,2478.0,0.0,561.0,0.0,135.0,38.0
42101008701,2194.0,868.0,0.0,775.0,0.0,152.0,367.0
42101008102,77.0,5646.0,0.0,0.0,0.0,7.0,33.0
42101008602,496.0,1740.0,10.0,90.0,0.0,33.0,70.0
42101037500,1687.0,2048.0,0.0,229.0,0.0,80.0,156.0
42101980800,0.0,0.0,0.0,0.0,0.0,0.0,0.0
42101018002,5764.0,4.0,0.0,104.0,0.0,85.0,79.0
42101008801,1503.0,225.0,15.0,470.0,27.0,42.0,38.0
42101980100,83.0,11.0,0.0,0.0,0.0,0.0,4.0
42101007102,174.0,4518.0,38.0,0.0,0.0,174.0,40.0
42101008802,3554.0,1121.0,0.0,1469.0,0.0,102.0,206.0
42101008702,1447.0,305.0,4.0,837.0,0.0,20.0,157.0
42101012201,909.0,1426.0,182.0,531.0,0.0,54.0,12.0
42101009801,285.0,1933.0,0.0,88.0,0.0,14.0,71.0
42101007101,77.0,2540.0,0.0,21.0,0.0,0.0,0.0
42101002801,2203.0,289.0,114.0,1237.0,0.0,879.0,110.0
42101980500,0.0,0.0,0.0,0.0,0.0,0.0,0.0
42101000801,1174.0,134.0,0.0,83.0,0.0,6.0,10.0
42101001101,2997.0,310.0,0.0,304.0,0.0,52.0,99.0
42101027402,597.0,3377.0,0.0,1664.0,0.0,983.0,29.0
42101008601,1623.0,855.0,26.0,372.0,0.0,19.0,138.0
42101036502,3648.0,22.0,8.0,144.0,0.0,168.0,36.0
42101036700,2466.0,393.0,9.0,63.0,0.0,32.0,72.0
42101037600,1413.0,610.0,39.0,713.0,0.0,198.0,78.0
42101038600,1149.0,170.0,5.0,32.0,0.0,5.0,29.0
42101038900,279.0,3186.0,9.0,0.0,0.0,10.0,26.0
42101038500,1553.0,136.0,0.0,115.0,0.0,2.0,96.0
42101038700,2027.0,252.0,0.0,178.0,0.0,47.0,91.0
42101038800,2286.0,1204.0,10.0,86.0,0.0,64.0,133.0
42101980000,603.0,109.0,0.0,128.0,0.0,103.0,70.0
42101010000,371.0,4170.0,0.0,88.0,0.0,56.0,59.0
42101010100,629.0,6831.0,105.0,0.0,0.0,0.0,166.0
42101010700,128.0,3378.0,0.0,12.0,0.0,0.0,9.0
42101013300,1442.0,1299.0,0.0,289.0,0.0,218.0,106.0
42101013500,2277.0,1027.0,0.0,164.0,0.0,373.0,53.0
42101014300,1432.0,24.0,0.0,155.0,0.0,33.0,74.0
42101014600,1501.0,2123.0,0.0,399.0,0.0,19.0,123.0
42101016902,239.0,4670.0,0.0,0.0,0.0,45.0,0.0
42101017100,159.0,3998.0,0.0,0.0,0.0,53.0,128.0
42101000700,2220.0,539.0,0.0,614.0,8.0,0.0,70.0
42101001800,2343.0,554.0,0.0,281.0,0.0,43.0,51.0
42101002100,734.0,1451.0,0.0,66.0,0.0,7.0,22.0
42101025700,1639.0,1433.0,0.0,306.0,0.0,385.0,181.0
42101021100,2091.0,178.0,0.0,78.0,0.0,50.0,76.0
42101026100,152.0,3484.0,0.0,0.0,6.0,0.0,29.0
42101027200,534.0,3635.0,4.0,366.0,0.0,46.0,157.0
42101027500,547.0,3699.0,8.0,398.0,0.0,249.0,45.0
42101028000,105.0,3778.0,0.0,53.0,0.0,1.0,10.0
42101029400,1158.0,1669.0,37.0,171.0,4.0,198.0,51.0
42101030000,1376.0,4105.0,56.0,257.0,0.0,458.0,348.0
42101018800,3865.0,2569.0,47.0,138.0,0.0,1602.0,670.0
42101019100,3969.0,1472.0,0.0,1177.0,0.0,2033.0,61.0
42101019200,4484.0,1731.0,49.0,134.0,16.0,2127.0,358.0
42101001700,2416.0,239.0,0.0,18.0,0.0,110.0,173.0
42101002500,2559.0,883.0,0.0,297.0,0.0,73.0,143.0
42101003300,1531.0,4122.0,0.0,298.0,0.0,156.0,67.0
42101004002,4664.0,16.0,0.0,88.0,0.0,0.0,267.0
42101004201,4573.0,43.0,0.0,743.0,0.0,0.0,29.0
42101005600,93.0,835.0,0.0,9.0,0.0,14.0,19.0
42101006700,458.0,5640.0,27.0,525.0,0.0,0.0,85.0
42101007000,90.0,3031.0,0.0,57.0,0.0,0.0,0.0
42101008000,917.0,2687.0,112.0,119.0,0.0,37.0,283.0
42101028800,1060.0,738.0,0.0,591.0,0.0,1500.0,262.0
42101029800,2047.0,1956.0,0.0,188.0,0.0,617.0,298.0
42101030900,1338.0,1542.0,0.0,930.0,0.0,275.0,354.0
42101032000,4850.0,1450.0,0.0,154.0,0.0,405.0,22.0
42101034200,2614.0,476.0,0.0,381.0,0.0,117.0,66.0
42101001500,1921.0,499.0,53.0,407.0,0.0,18.0,31.0
42101002900,3283.0,61.0,0.0,401.0,0.0,261.0,66.0
42101003702,1162.0,1859.0,13.0,1028.0,0.0,23.0,141.0
42101014000,775.0,2056.0,0.0,259.0,0.0,194.0,70.0
42101014100,593.0,1469.0,0.0,214.0,0.0,0.0,419.0
42101014400,2370.0,660.0,9.0,233.0,0.0,525.0,274.0
42101015200,169.0,5588.0,0.0,84.0,0.0,0.0,20.0
42101015300,1899.0,1364.0,81.0,239.0,0.0,59.0,56.0
42101015700,1481.0,322.0,5.0,31.0,9.0,645.0,245.0
42101016000,5623.0,100.0,0.0,255.0,0.0,59.0,194.0
42101016800,229.0,3237.0,23.0,0.0,0.0,19.0,13.0
42101020200,361.0,3753.0,0.0,5.0,0.0,13.0,26.0
42101020300,223.0,2268.0,18.0,0.0,0.0,193.0,84.0
42101020800,1065.0,840.0,0.0,269.0,0.0,11.0,41.0
42101020900,2268.0,171.0,0.0,46.0,0.0,52.0,22.0
42101020700,4379.0,718.0,0.0,338.0,0.0,95.0,319.0
42101018400,2193.0,2.0,4.0,24.0,0.0,0.0,18.0
42101014800,18.0,940.0,0.0,0.0,0.0,2.0,7.0
42101014900,241.0,2791.0,0.0,25.0,0.0,33.0,25.0
42101011300,0.0,3306.0,0.0,0.0,0.0,0.0,5.0
42101011400,48.0,7094.0,0.0,0.0,32.0,97.0,21.0
42101011700,988.0,735.0,0.0,225.0,0.0,19.0,31.0
42101013100,427.0,1062.0,0.0,76.0,0.0,0.0,99.0
42101013800,297.0,1389.0,5.0,0.0,25.0,59.0,65.0
42101016200,900.0,555.0,0.0,90.0,0.0,903.0,64.0
42101017900,3227.0,1903.0,87.0,17.0,27.0,1013.0,108.0
42101018300,3891.0,20.0,0.0,0.0,0.0,64.0,10.0
42101019000,2949.0,1673.0,0.0,352.0,0.0,2584.0,662.0
42101020600,824.0,481.0,0.0,184.0,0.0,57.0,31.0
42101021500,3247.0,131.0,11.0,225.0,0.0,30.0,211.0
42101021600,1736.0,384.0,0.0,79.0,0.0,46.0,123.0
42101022000,1321.0,249.0,0.0,48.0,0.0,0.0,5.0
42101000200,698.0,142.0,16.0,1626.0,0.0,52.0,149.0
42101000600,971.0,86.0,0.0,126.0,0.0,22.0,2.0
42101002200,1076.0,1064.0,0.0,169.0,0.0,0.0,76.0
42101002300,2231.0,102.0,0.0,481.0,20.0,12.0,84.0
42101004101,2139.0,811.0,0.0,2703.0,0.0,109.0,406.0
42101004202,3736.0,170.0,58.0,1236.0,0.0,30.0,217.0
42101005500,871.0,5412.0,25.0,109.0,0.0,123.0,324.0
42101006900,75.0,2255.0,8.0,23.0,0.0,67.0,129.0
42101007700,948.0,507.0,0.0,430.0,0.0,43.0,92.0
42101011000,155.0,3503.0,10.0,66.0,18.0,42.0,94.0
42101011200,133.0,5723.0,0.0,0.0,0.0,62.0,41.0
42101004102,3366.0,1304.0,0.0,3482.0,14.0,699.0,644.0
42101015800,5818.0,165.0,0.0,95.0,0.0,42.0,87.0
42101009400,51.0,3888.0,0.0,0.0,0.0,110.0,108.0
42101009500,182.0,2856.0,14.0,0.0,0.0,51.0,32.0
42101036301,3013.0,79.0,12.0,458.0,0.0,18.0,35.0
42101035302,3885.0,335.0,10.0,69.0,0.0,11.0,30.0
42101035500,5452.0,343.0,75.0,876.0,14.0,197.0,236.0
42101036203,4835.0,97.0,81.0,115.0,0.0,36.0,57.0
42101036400,712.0,185.0,8.0,32.0,0.0,12.0,20.0
42101020500,206.0,2088.0,7.0,92.0,0.0,17.0,95.0
42101021800,3037.0,1321.0,0.0,253.0,29.0,206.0,112.0
42101021900,1292.0,49.0,0.0,26.0,0.0,37.0,24.0
42101025500,875.0,1579.0,0.0,33.0,0.0,73.0,248.0
42101025600,1375.0,1182.0,7.0,13.0,0.0,10.0,47.0
42101026301,21.0,3880.0,0.0,1.0,0.0,0.0,67.0
42101027000,255.0,2175.0,0.0,322.0,6.0,16.0,66.0
42101024700,324.0,3515.0,0.0,15.0,0.0,0.0,347.0
42101003800,3633.0,42.0,0.0,84.0,0.0,20.0,50.0
42101012500,3935.0,527.0,48.0,724.0,0.0,8.0,45.0
42101021000,4424.0,445.0,40.0,16.0,0.0,25.0,92.0
42101034702,2817.0,191.0,0.0,541.0,0.0,123.0,142.0
42101026600,4.0,6661.0,0.0,0.0,0.0,38.0,135.0
42101010400,129.0,3985.0,0.0,0.0,0.0,32.0,86.0
42101013200,572.0,1728.0,41.0,121.0,0.0,30.0,117.0
42101017601,2173.0,344.0,24.0,2.0,0.0,2856.0,107.0
42101003600,1224.0,4077.0,0.0,1214.0,0.0,141.0,164.0
42101017000,621.0,2301.0,0.0,62.0,0.0,75.0,46.0
42101024300,576.0,2738.0,41.0,32.0,8.0,0.0,77.0
42101027600,158.0,3264.0,0.0,6.0,0.0,44.0,48.0
42101001600,2058.0,31.0,0.0,70.0,0.0,40.0,62.0
42101003902,5419.0,88.0,18.0,32.0,0.0,12.0,81.0
42101007800,2827.0,1047.0,38.0,317.0,0.0,44.0,315.0
42101009300,37.0,4168.0,0.0,0.0,0.0,0.0,52.0
42101032100,2607.0,744.0,0.0,174.0,0.0,569.0,54.0
42101021400,3660.0,515.0,29.0,36.0,0.0,0.0,109.0
42101034900,3446.0,786.0,0.0,367.0,0.0,642.0,222.0
42101026900,515.0,1543.0,0.0,6.0,0.0,67.0,95.0
42101029200,935.0,2020.0,0.0,222.0,0.0,1334.0,337.0
42101031300,2614.0,2036.0,44.0,1664.0,0.0,586.0,543.0
42101032500,3668.0,1725.0,17.0,210.0,0.0,233.0,226.0
42101001400,2678.0,946.0,0.0,353.0,0.0,130.0,62.0
42101036302,2367.0,808.0,0.0,106.0,99.0,36.0,101.0
42101020102,183.0,2589.0,0.0,0.0,6.0,27.0,0.0
42101031101,1566.0,2427.0,11.0,478.0,0.0,1004.0,279.0
42101031102,734.0,2724.0,67.0,342.0,0.0,443.0,56.0
42101019502,1657.0,579.0,0.0,0.0,0.0,1090.0,203.0
42101019501,2289.0,327.0,108.0,0.0,14.0,1788.0,178.0
42101028901,1130.0,918.0,178.0,340.0,0.0,1316.0,296.0
42101028902,1602.0,1636.0,3.0,634.0,9.0,2234.0,614.0
42101033101,4192.0,146.0,0.0,206.0,0.0,50.0,123.0
42101033102,3101.0,183.0,0.0,57.0,0.0,78.0,67.0
42101031501,5190.0,381.0,0.0,678.0,0.0,61.0,87.0
42101030501,1323.0,3400.0,43.0,373.0,0.0,549.0,426.0
42101030502,1385.0,3377.0,0.0,1107.0,4.0,696.0,222.0
42101009802,672.0,5574.0,0.0,58.0,0.0,0.0,123.0
42101035602,2406.0,98.0,31.0,694.0,0.0,155.0,26.0
42101018001,2619.0,67.0,0.0,53.0,0.0,0.0,288.0
42101017702,1819.0,1353.0,46.0,17.0,0.0,1883.0,242.0
42101017701,1137.0,1136.0,12.0,46.0,0.0,1159.0,359.0
42101035701,2327.0,537.0,0.0,1691.0,0.0,99.0,363.0
42101035702,3086.0,80.0,0.0,652.0,0.0,94.0,119.0
42101035601,4824.0,124.0,8.0,752.0,0.0,16.0,88.0
42101015101,85.0,1964.0,99.0,0.0,0.0,0.0,4.0
42101015102,156.0,3084.0,0.0,102.0,0.0,0.0,74.0
42101036501,4358.0,500.0,0.0,209.0,0.0,95.0,100.0
42101980400,0.0,0.0,0.0,0.0,0.0,0.0,0.0
42101013402,2490.0,197.0,9.0,92.0,0.0,22.0,103.0
42101013401,2088.0,59.0,0.0,72.0,0.0,34.0,23.0
42101038000,1893.0,130.0,13.0,23.0,12.0,202.0,9.0
42101013601,2152.0,137.0,0.0,280.0,0.0,11.0,74.0
42101037900,4953.0,1.0,0.0,33.0,0.0,53.0,0.0
42101038200,1750.0,642.0,0.0,32.0,0.0,295.0,79.0
42101038100,513.0,205.0,0.0,0.0,0.0,31.0,85.0
42101038400,2125.0,265.0,0.0,15.0,0.0,35.0,34.0
42101001002,3056.0,53.0,32.0,123.0,0.0,0.0,45.0
42101001001,2297.0,53.0,0.0,137.0,0.0,0.0,85.0
42101000402,2807.0,193.0,0.0,263.0,0.0,0.0,36.0
42101000401,1575.0,310.0,0.0,667.0,0.0,9.0,71.0
42101012204,669.0,3040.0,18.0,160.0,0.0,60.0,26.0
42101012203,218.0,32.0,81.0,107.0,0.0,0.0,31.0
42101013602,2819.0,379.0,11.0,217.0,0.0,10.0,157.0
42101034501,2283.0,693.0,0.0,438.0,0.0,146.0,37.0
42101034502,3530.0,1185.0,0.0,469.0,30.0,33.0,133.0
42101001102,1915.0,191.0,0.0,387.0,0.0,0.0,63.0
42101000902,1842.0,203.0,20.0,487.0,0.0,33.0,68.0
42101000901,1452.0,87.0,0.0,346.0,0.0,18.0,46.0
42101017201,323.0,2031.0,0.0,136.0,0.0,106.0,274.0
42101017202,113.0,2846.0,35.0,118.0,0.0,0.0,0.0
42101027401,610.0,1199.0,7.0,1118.0,0.0,137.0,89.0
42101020101,292.0,3279.0,0.0,78.0,0.0,0.0,57.0
42101989100,412.0,1925.0,59.0,35.0,12.0,31.0,62.0
42101980200,503.0,93.0,0.0,41.0,0.0,0.0,0.0
42101000804,3924.0,84.0,14.0,628.0,0.0,45.0,32.0
42101001202,4241.0,301.0,5.0,391.0,0.0,12.0,130.0
42101001201,3518.0,25.0,83.0,299.0,19.0,6.0,134.0
42101000803,2493.0,66.0,9.0,331.0,0.0,0.0,104.0
42101980900,0.0,0.0,0.0,0.0,0.0,0.0,0.0
42101002702,3766.0,199.0,0.0,174.0,0.0,154.0,43.0
42101003002,788.0,1912.0,16.0,136.0,0.0,7.0,92.0
42101003001,1875.0,714.0,0.0,1486.0,0.0,0.0,68.0
42101002802,3958.0,12.0,0.0,1463.0,0.0,251.0,102.0
42101980700,0.0,0.0,0.0,0.0,0.0,0.0,0.0
42101002701,2361.0,887.0,0.0,1041.0,0.0,15.0,110.0
42101980600,0.0,0.0,0.0,0.0,0.0,0.0,0.0
42101032900,2399.0,518.0,0.0,94.0,0.0,282.0,10.0
42101034802,3581.0,1485.0,0.0,0.0,0.0,444.0,10.0
42101034803,3327.0,295.0,9.0,211.0,0.0,322.0,0.0
42101024000,1514.0,1667.0,0.0,137.0,0.0,191.0,216.0
42101028100,381.0,3945.0,0.0,36.0,0.0,27.0,62.0
42101028300,393.0,4621.0,0.0,696.0,0.0,0.0,397.0
42101030800,2649.0,1335.0,10.0,848.0,0.0,441.0,253.0
42101031000,3448.0,1813.0,0.0,1427.0,0.0,746.0,226.0
42101033300,3360.0,735.0,0.0,72.0,0.0,101.0,6.0
42101033600,5189.0,972.0,0.0,572.0,0.0,383.0,208.0
42101036303,5666.0,337.0,0.0,281.0,0.0,0.0,0.0
42101036600,1527.0,201.0,22.0,255.0,0.0,76.0,132.0
42101029900,1591.0,2056.0,121.0,14.0,4.0,385.0,176.0
42101027700,140.0,4205.0,0.0,291.0,0.0,0.0,178.0
42101028500,622.0,1402.0,71.0,272.0,0.0,351.0,46.0
42101029300,909.0,1138.0,136.0,6.0,89.0,320.0,2.0
42101031700,2360.0,2290.0,0.0,227.0,0.0,735.0,568.0
42101030200,1841.0,4370.0,0.0,315.0,0.0,1307.0,369.0
42101030600,3224.0,2163.0,31.0,581.0,0.0,1151.0,367.0
42101031600,4445.0,1275.0,0.0,753.0,0.0,318.0,191.0
42101031800,1454.0,1818.0,0.0,102.0,0.0,583.0,73.0
42101032300,1984.0,1167.0,0.0,0.0,0.0,180.0,27.0
42101033400,3103.0,970.0,0.0,1293.0,0.0,185.0,39.0
42101033900,2220.0,560.0,0.0,416.0,0.0,98.0,73.0
42101036100,3132.0,380.0,0.0,0.0,0.0,267.0,49.0
42101033500,2034.0,432.0,0.0,689.0,0.0,918.0,64.0
42101034100,4766.0,549.0,0.0,155.0,0.0,0.0,0.0
42101035100,3924.0,233.0,0.0,55.0,0.0,18.0,18.0
42101035301,4924.0,144.0,30.0,252.0,0.0,287.0,85.0
42101036000,1944.0,452.0,7.0,769.0,0.0,10.0,137.0
42101019900,1635.0,1304.0,59.0,0.0,0.0,1011.0,70.0
42101020400,160.0,2263.0,0.0,1.0,0.0,51.0,19.0
42101023700,1448.0,2970.0,0.0,50.0,0.0,21.0,569.0
42101002000,534.0,1489.0,5.0,32.0,0.0,16.0,78.0
42101003901,4597.0,658.0,33.0,1165.0,0.0,17.0,140.0
42101005000,0.0,0.0,0.0,0.0,0.0,0.0,0.0
42101005400,205.0,1133.0,0.0,128.0,0.0,36.0,53.0
42101006000,1051.0,4740.0,0.0,344.0,0.0,12.0,161.0
42101011100,144.0,2963.0,0.0,13.0,0.0,0.0,19.0
42101008200,45.0,6388.0,0.0,76.0,0.0,18.0,73.0
42101008301,93.0,4746.0,10.0,63.0,0.0,117.0,90.0
42101008302,106.0,4307.0,25.0,104.0,0.0,11.0,104.0
42101006300,316.0,3343.0,5.0,732.0,0.0,107.0,127.0
42101007300,166.0,2227.0,13.0,0.0,0.0,8.0,72.0
42101007900,2375.0,1305.0,0.0,407.0,46.0,61.0,427.0
42101008500,464.0,6328.0,24.0,164.0,0.0,42.0,29.0
42101009600,66.0,4443.0,12.0,26.0,0.0,84.0,42.0
42101011800,107.0,5829.0,0.0,64.0,0.0,102.0,54.0
42101011900,57.0,4422.0,0.0,0.0,0.0,114.0,68.0
42101013900,588.0,1840.0,11.0,7.0,0.0,98.0,59.0
42101014700,925.0,1740.0,0.0,345.0,0.0,0.0,45.0
42101015600,589.0,339.0,48.0,43.0,0.0,783.0,122.0
42101016300,1595.0,259.0,35.0,303.0,0.0,1384.0,91.0
42101017800,2686.0,1473.0,104.0,162.0,0.0,1254.0,49.0
42101019700,1762.0,3539.0,15.0,9.0,0.0,1622.0,110.0
42101020000,132.0,1040.0,0.0,30.0,0.0,50.0,26.0
42101010800,292.0,3704.0,62.0,24.0,0.0,36.0,90.0
42101014500,230.0,1292.0,0.0,28.0,0.0,122.0,99.0
42101016500,445.0,1779.0,10.0,92.0,0.0,612.0,13.0
42101023600,1330.0,874.0,0.0,37.0,0.0,44.0,71.0
42101023900,500.0,588.0,0.0,116.0,0.0,57.0,21.0
42101024200,325.0,2816.0,0.0,0.0,0.0,95.0,34.0
42101024500,361.0,3243.0,23.0,0.0,0.0,38.0,0.0
42101025400,505.0,3768.0,56.0,24.0,0.0,48.0,183.0
42101026000,165.0,2675.0,0.0,9.0,0.0,91.0,69.0
42101026302,102.0,5668.0,0.0,148.0,0.0,0.0,110.0
42101026400,87.0,5238.0,0.0,0.0,0.0,39.0,157.0
42101027100,197.0,1690.0,0.0,697.0,0.0,170.0,36.0
42101027800,269.0,4213.0,8.0,38.0,0.0,2.0,61.0
42101028200,438.0,4157.0,0.0,394.0,0.0,29.0,54.0
42101019800,1244.0,2820.0,153.0,168.0,51.0,1950.0,209.0
42101021200,1887.0,323.0,0.0,234.0,0.0,10.0,62.0
42101021300,3482.0,107.0,17.0,54.0,0.0,0.0,199.0
42101021700,4825.0,628.0,0.0,223.0,0.0,0.0,318.0
42101024100,419.0,1041.0,0.0,6.0,0.0,23.0,90.0
42101024800,23.0,2213.0,0.0,0.0,0.0,51.0,13.0
42101006400,247.0,3003.0,0.0,512.0,0.0,89.0,57.0
42101006500,74.0,4365.0,0.0,50.0,0.0,0.0,46.0
42101006600,365.0,2728.0,0.0,258.0,0.0,0.0,76.0
42101009100,846.0,1379.0,35.0,598.0,0.0,26.0,93.0
42101010300,0.0,2524.0,0.0,39.0,0.0,148.0,53.0
42101010500,183.0,4195.0,28.0,7.0,0.0,47.0,86.0
42101000300,2603.0,170.0,0.0,540.0,18.0,0.0,203.0
42101000500,1096.0,877.0,19.0,422.0,0.0,36.0,64.0
42101002400,3895.0,506.0,0.0,815.0,0.0,86.0,83.0
42101003701,1007.0,4132.0,7.0,669.0,0.0,176.0,52.0
42101028700,789.0,632.0,30.0,65.0,0.0,767.0,143.0
42101029100,758.0,1895.0,12.0,1191.0,0.0,1053.0,117.0
42101032600,4069.0,1259.0,28.0,458.0,0.0,1018.0,224.0
42101033200,2354.0,89.0,0.0,197.0,0.0,32.0,8.0
42101033800,4480.0,444.0,44.0,411.0,0.0,388.0,435.0
42101034400,5927.0,511.0,52.0,1117.0,0.0,195.0,68.0
42101034701,4826.0,1202.0,8.0,423.0,0.0,38.0,159.0
42101035200,3916.0,56.0,0.0,249.0,0.0,55.0,3.0
42101035800,5351.0,500.0,40.0,779.0,0.0,97.0,215.0
421010331022,603.0,33.0,0.0,0.0,0.0,68.0,0.0
421010331023,560.0,71.0,0.0,20.0,0.0,0.0,23.0
421010331021,858.0,58.0,0.0,0.0,0.0,0.0,0.0
421010331024,1080.0,21.0,0.0,37.0,0.0,10.0,44.0
421010315013,1169.0,0.0,0.0,0.0,0.0,61.0,32.0
421010315014,823.0,86.0,0.0,287.0,0.0,0.0,32.0
421010315015,1561.0,86.0,0.0,77.0,0.0,0.0,23.0
421010389001,229.0,946.0,0.0,0.0,0.0,10.0,0.0
421010389002,0.0,962.0,9.0,0.0,0.0,0.0,14.0
421010389003,50.0,1278.0,0.0,0.0,0.0,0.0,12.0
421019800001,603.0,109.0,0.0,128.0,0.0,103.0,70.0
421010315021,925.0,631.0,0.0,273.0,0.0,102.0,39.0
421010315022,547.0,181.0,0.0,96.0,0.0,26.0,101.0
421010314011,610.0,782.0,0.0,201.0,0.0,266.0,62.0
421010314013,776.0,154.0,0.0,457.0,0.0,34.0,140.0
421010314014,289.0,97.0,12.0,304.0,0.0,7.0,95.0
421010314015,201.0,358.0,0.0,175.0,21.0,425.0,0.0
421010314012,568.0,185.0,0.0,673.0,0.0,725.0,0.0
421010314022,816.0,197.0,0.0,650.0,0.0,152.0,30.0
421010314021,595.0,177.0,0.0,297.0,0.0,73.0,1.0
421010008043,1205.0,69.0,0.0,155.0,0.0,0.0,0.0
421010012025,616.0,0.0,0.0,26.0,0.0,0.0,0.0
421010008042,751.0,0.0,14.0,265.0,0.0,14.0,17.0
421010008041,1968.0,15.0,0.0,208.0,0.0,31.0,15.0
421010012021,1118.0,60.0,0.0,187.0,0.0,0.0,30.0
421010012023,971.0,117.0,0.0,78.0,0.0,0.0,61.0
421010012022,851.0,16.0,0.0,52.0,0.0,0.0,0.0
421010012024,685.0,108.0,5.0,48.0,0.0,12.0,39.0
421010012012,931.0,0.0,83.0,32.0,0.0,6.0,13.0
421010012014,791.0,25.0,0.0,25.0,0.0,0.0,10.0
421010012013,714.0,0.0,0.0,107.0,19.0,0.0,0.0
421010012011,1082.0,0.0,0.0,135.0,0.0,0.0,111.0
421010008034,382.0,0.0,0.0,0.0,0.0,0.0,13.0
421010008032,908.0,39.0,0.0,184.0,0.0,0.0,61.0
421010008031,642.0,0.0,9.0,48.0,0.0,0.0,30.0
421010008033,561.0,27.0,0.0,99.0,0.0,0.0,0.0
421019809001,0.0,0.0,0.0,0.0,0.0,0.0,0.0
421010027024,841.0,19.0,0.0,0.0,0.0,0.0,11.0
421010027023,732.0,21.0,0.0,37.0,0.0,154.0,15.0
421010027022,983.0,15.0,0.0,7.0,0.0,0.0,0.0
421010027021,1210.0,144.0,0.0,130.0,0.0,0.0,17.0
421010030023,109.0,414.0,0.0,22.0,0.0,0.0,10.0
421010030022,180.0,726.0,0.0,28.0,0.0,7.0,0.0
421010030021,271.0,550.0,0.0,0.0,0.0,0.0,82.0
421010030024,228.0,222.0,16.0,86.0,0.0,0.0,0.0
421010030011,194.0,18.0,0.0,241.0,0.0,0.0,34.0
421010030015,349.0,103.0,0.0,147.0,0.0,0.0,14.0
421010030013,621.0,158.0,0.0,439.0,0.0,0.0,0.0
421010030012,528.0,29.0,0.0,258.0,0.0,0.0,0.0
421010030014,183.0,406.0,0.0,401.0,0.0,0.0,20.0
421010028025,513.0,0.0,0.0,380.0,0.0,22.0,31.0
421010028024,969.0,0.0,0.0,37.0,0.0,0.0,13.0
421010028023,727.0,0.0,0.0,358.0,0.0,0.0,0.0
421010028022,950.0,0.0,0.0,81.0,0.0,0.0,58.0
421010028021,799.0,12.0,0.0,607.0,0.0,229.0,0.0
421019802001,503.0,93.0,0.0,41.0,0.0,0.0,0.0
421010337022,1209.0,8.0,0.0,588.0,0.0,79.0,0.0
421010337024,764.0,0.0,0.0,75.0,0.0,23.0,0.0
421010337023,1006.0,54.0,0.0,274.0,0.0,0.0,0.0
421010337021,775.0,181.0,0.0,133.0,0.0,52.0,65.0
421010315023,789.0,270.0,0.0,230.0,0.0,40.0,33.0
421010141001,503.0,817.0,0.0,170.0,0.0,0.0,196.0
421010141002,90.0,652.0,0.0,44.0,0.0,0.0,223.0
421010144001,524.0,301.0,8.0,16.0,0.0,171.0,0.0
421010144003,514.0,184.0,0.0,0.0,0.0,157.0,241.0
421010144002,1332.0,175.0,1.0,217.0,0.0,197.0,33.0
421010152001,50.0,650.0,0.0,0.0,0.0,0.0,0.0
421010152004,19.0,1548.0,0.0,16.0,0.0,0.0,0.0
421010152003,73.0,968.0,0.0,0.0,0.0,0.0,0.0
421010152005,0.0,1117.0,0.0,0.0,0.0,0.0,0.0
421010152002,27.0,1305.0,0.0,68.0,0.0,0.0,20.0
421010333001,1307.0,187.0,0.0,18.0,0.0,27.0,6.0
421010333003,705.0,258.0,0.0,16.0,0.0,74.0,0.0
421010333002,1348.0,290.0,0.0,38.0,0.0,0.0,0.0
421010336005,722.0,146.0,0.0,45.0,0.0,22.0,5.0
421010336003,1666.0,421.0,0.0,301.0,0.0,281.0,63.0
421010336001,730.0,117.0,0.0,91.0,0.0,55.0,125.0
421010336004,1306.0,180.0,0.0,76.0,0.0,0.0,15.0
421010336002,765.0,108.0,0.0,59.0,0.0,25.0,0.0
421010363032,1259.0,85.0,0.0,0.0,0.0,0.0,0.0
421010363034,1230.0,0.0,0.0,17.0,0.0,0.0,0.0
421010363031,1915.0,2.0,0.0,96.0,0.0,0.0,0.0
421010363033,1262.0,250.0,0.0,168.0,0.0,0.0,0.0
421010366001,1527.0,201.0,22.0,255.0,0.0,76.0,132.0
421010299003,269.0,362.0,111.0,0.0,0.0,20.0,8.0
421010299001,344.0,635.0,0.0,0.0,4.0,67.0,34.0
421010299002,270.0,278.0,0.0,0.0,0.0,0.0,13.0
421010299004,708.0,781.0,10.0,14.0,0.0,298.0,121.0
421010277003,13.0,589.0,0.0,0.0,0.0,0.0,0.0
421010277005,1.0,543.0,0.0,0.0,0.0,0.0,0.0
421010277006,0.0,516.0,0.0,0.0,0.0,0.0,178.0
421010277002,7.0,1200.0,0.0,0.0,0.0,0.0,0.0
421010309001,458.0,641.0,0.0,574.0,0.0,54.0,16.0
421010309003,455.0,443.0,0.0,168.0,0.0,135.0,338.0
421010309002,425.0,458.0,0.0,188.0,0.0,86.0,0.0
421010320006,1074.0,284.0,0.0,0.0,0.0,0.0,0.0
421010320003,749.0,379.0,0.0,70.0,0.0,106.0,0.0
421010320005,963.0,300.0,0.0,0.0,0.0,0.0,0.0
421010320004,465.0,411.0,0.0,0.0,0.0,0.0,0.0
421010320007,462.0,0.0,0.0,31.0,0.0,104.0,0.0
421010320001,698.0,0.0,0.0,0.0,0.0,46.0,0.0
421010320002,439.0,76.0,0.0,53.0,0.0,149.0,22.0
421010342001,968.0,159.0,0.0,163.0,0.0,88.0,59.0
421010277004,86.0,523.0,0.0,0.0,0.0,0.0,0.0
421010277001,33.0,834.0,0.0,291.0,0.0,0.0,0.0
421010285001,622.0,1402.0,71.0,272.0,0.0,351.0,46.0
421010293002,432.0,894.0,86.0,6.0,89.0,53.0,2.0
421010293001,477.0,244.0,50.0,0.0,0.0,267.0,0.0
421010302004,124.0,1412.0,0.0,20.0,0.0,168.0,45.0
421010302001,428.0,996.0,0.0,0.0,0.0,14.0,0.0
421010302003,496.0,620.0,0.0,208.0,0.0,644.0,88.0
421010122041,330.0,1692.0,0.0,106.0,0.0,41.0,10.0
421010122042,339.0,1348.0,18.0,54.0,0.0,19.0,16.0
421010004021,1196.0,44.0,0.0,78.0,0.0,0.0,36.0
421010004011,1575.0,310.0,0.0,667.0,0.0,9.0,71.0
421010122031,218.0,32.0,81.0,107.0,0.0,0.0,31.0
421010136022,985.0,143.0,0.0,40.0,0.0,0.0,36.0
421010136023,770.0,207.0,11.0,76.0,0.0,0.0,37.0
421010136021,496.0,0.0,0.0,52.0,0.0,10.0,72.0
421010136024,568.0,29.0,0.0,49.0,0.0,0.0,12.0
421010345012,1061.0,314.0,0.0,228.0,0.0,37.0,27.0
421010345011,1222.0,379.0,0.0,210.0,0.0,109.0,10.0
421010345023,940.0,612.0,0.0,353.0,0.0,0.0,0.0
421010345021,647.0,173.0,0.0,18.0,0.0,33.0,115.0
421010345022,1943.0,400.0,0.0,98.0,30.0,0.0,18.0
421010011022,1088.0,168.0,0.0,332.0,0.0,0.0,63.0
421010011021,827.0,23.0,0.0,55.0,0.0,0.0,0.0
421010009021,817.0,134.0,20.0,361.0,0.0,0.0,29.0
421010009022,1025.0,69.0,0.0,126.0,0.0,33.0,39.0
421010009012,584.0,49.0,0.0,186.0,0.0,18.0,20.0
421010009011,868.0,38.0,0.0,160.0,0.0,0.0,26.0
421010172011,91.0,658.0,0.0,0.0,0.0,9.0,162.0
421010172012,148.0,435.0,0.0,0.0,0.0,52.0,112.0
421010172013,84.0,938.0,0.0,136.0,0.0,45.0,0.0
421010172023,16.0,416.0,35.0,0.0,0.0,0.0,0.0
421010348013,1604.0,257.0,0.0,10.0,0.0,11.0,17.0
421019803001,0.0,0.0,0.0,0.0,0.0,0.0,0.0
421010311011,437.0,716.0,0.0,175.0,0.0,225.0,143.0
421010201022,17.0,294.0,0.0,0.0,0.0,0.0,0.0
421010311013,342.0,583.0,0.0,196.0,0.0,94.0,50.0
421010311014,458.0,768.0,11.0,94.0,0.0,586.0,86.0
421010311012,329.0,360.0,0.0,13.0,0.0,99.0,0.0
421010311022,91.0,489.0,0.0,0.0,0.0,11.0,0.0
421010311021,129.0,476.0,47.0,7.0,0.0,56.0,21.0
421010311024,366.0,932.0,0.0,249.0,0.0,201.0,11.0
421010311023,148.0,827.0,20.0,86.0,0.0,175.0,24.0
421010195021,600.0,208.0,0.0,0.0,0.0,137.0,92.0
421010195022,860.0,307.0,0.0,0.0,0.0,726.0,111.0
421010172022,0.0,848.0,0.0,37.0,0.0,0.0,0.0
421010172024,32.0,541.0,0.0,81.0,0.0,0.0,0.0
421010172021,65.0,1041.0,0.0,0.0,0.0,0.0,0.0
421010274013,52.0,343.0,7.0,123.0,0.0,60.0,0.0
421010274012,302.0,552.0,0.0,391.0,0.0,0.0,65.0
421010274011,256.0,304.0,0.0,604.0,0.0,77.0,24.0
421010201011,134.0,1217.0,0.0,78.0,0.0,0.0,39.0
421010201012,72.0,948.0,0.0,0.0,0.0,0.0,0.0
421010201013,86.0,1114.0,0.0,0.0,0.0,0.0,18.0
421010201023,82.0,783.0,0.0,0.0,0.0,0.0,0.0
421010201024,56.0,583.0,0.0,0.0,0.0,0.0,0.0
421010201021,28.0,929.0,0.0,0.0,6.0,27.0,0.0
421010086023,152.0,321.0,0.0,8.0,0.0,16.0,46.0
421010375002,568.0,1077.0,0.0,13.0,0.0,60.0,51.0
421010375001,1119.0,971.0,0.0,216.0,0.0,20.0,105.0
421019808001,0.0,0.0,0.0,0.0,0.0,0.0,0.0
421010180021,1577.0,4.0,0.0,0.0,0.0,38.0,0.0
421010180022,1537.0,0.0,0.0,18.0,0.0,47.0,41.0
421010180024,703.0,0.0,0.0,86.0,0.0,0.0,0.0
421010180023,1947.0,0.0,0.0,0.0,0.0,0.0,38.0
421010088012,186.0,25.0,15.0,101.0,27.0,15.0,5.0
421010088011,1317.0,200.0,0.0,369.0,0.0,27.0,33.0
421010098012,140.0,1147.0,0.0,88.0,0.0,0.0,32.0
421010122011,297.0,120.0,0.0,244.0,0.0,0.0,0.0
421010122012,612.0,1306.0,182.0,287.0,0.0,54.0,12.0
421010098011,145.0,786.0,0.0,0.0,0.0,14.0,39.0
421010071011,0.0,1047.0,0.0,21.0,0.0,0.0,0.0
421010071012,37.0,921.0,0.0,0.0,0.0,0.0,0.0
421010071013,40.0,572.0,0.0,0.0,0.0,0.0,0.0
421010028012,520.0,84.0,114.0,243.0,0.0,502.0,4.0
421010361003,2064.0,43.0,0.0,0.0,0.0,215.0,22.0
421010362014,1072.0,105.0,0.0,0.0,0.0,0.0,15.0
421010369003,2351.0,383.0,15.0,1140.0,0.0,11.0,157.0
421010369001,95.0,11.0,0.0,21.0,0.0,0.0,0.0
421010369002,1187.0,237.0,8.0,97.0,0.0,14.0,13.0
421010373003,841.0,220.0,35.0,83.0,0.0,0.0,0.0
421010373001,1766.0,0.0,0.0,52.0,0.0,0.0,0.0
421010373002,2431.0,0.0,0.0,150.0,0.0,0.0,25.0
421010372002,1265.0,0.0,0.0,266.0,0.0,0.0,33.0
421010372001,1005.0,9.0,0.0,50.0,0.0,0.0,33.0
421010372004,278.0,390.0,0.0,363.0,0.0,198.0,7.0
421010315012,798.0,147.0,0.0,117.0,0.0,0.0,0.0
421010315011,839.0,62.0,0.0,197.0,0.0,0.0,0.0
421010305011,491.0,754.0,43.0,67.0,0.0,163.0,266.0
421010305013,372.0,1814.0,0.0,71.0,0.0,14.0,70.0
421010305012,460.0,832.0,0.0,235.0,0.0,372.0,90.0
421010305023,407.0,388.0,0.0,367.0,0.0,128.0,49.0
421010305021,164.0,716.0,0.0,85.0,0.0,136.0,30.0
421010305022,292.0,800.0,0.0,225.0,0.0,244.0,31.0
421010195023,197.0,64.0,0.0,0.0,0.0,227.0,0.0
421010195011,798.0,87.0,28.0,0.0,0.0,311.0,171.0
421010195013,596.0,29.0,1.0,0.0,0.0,738.0,7.0
421010305024,276.0,1201.0,0.0,405.0,0.0,108.0,112.0
421010305025,246.0,272.0,0.0,25.0,4.0,80.0,0.0
421010098023,348.0,1746.0,0.0,58.0,0.0,0.0,36.0
421010098022,244.0,2568.0,0.0,0.0,0.0,0.0,38.0
421010098021,80.0,1260.0,0.0,0.0,0.0,0.0,49.0
421010180013,749.0,11.0,0.0,0.0,0.0,0.0,115.0
421010195012,895.0,211.0,79.0,0.0,14.0,739.0,0.0
421010289012,414.0,158.0,0.0,115.0,0.0,326.0,276.0
421010289011,376.0,483.0,0.0,225.0,0.0,653.0,20.0
421010289013,340.0,277.0,178.0,0.0,0.0,337.0,0.0
421010289021,269.0,356.0,0.0,9.0,0.0,559.0,8.0
421010289023,392.0,637.0,0.0,86.0,0.0,404.0,39.0
421010289022,446.0,191.0,0.0,269.0,0.0,639.0,25.0
421010289024,438.0,149.0,0.0,224.0,0.0,496.0,431.0
421010289025,57.0,303.0,3.0,46.0,9.0,136.0,111.0
421010331014,914.0,42.0,0.0,76.0,0.0,0.0,58.0
421010331013,791.0,0.0,0.0,0.0,0.0,0.0,0.0
421010331012,948.0,104.0,0.0,57.0,0.0,50.0,34.0
421010331011,1539.0,0.0,0.0,73.0,0.0,0.0,31.0
421010010023,1134.0,36.0,0.0,59.0,0.0,0.0,0.0
421010010021,1190.0,17.0,32.0,28.0,0.0,0.0,31.0
421010010022,732.0,0.0,0.0,36.0,0.0,0.0,14.0
421010010012,1037.0,27.0,0.0,56.0,0.0,0.0,73.0
421010010011,1260.0,26.0,0.0,81.0,0.0,0.0,12.0
421010208002,448.0,150.0,0.0,62.0,0.0,0.0,9.0
421010004022,1611.0,149.0,0.0,185.0,0.0,0.0,0.0
421010180012,986.0,40.0,0.0,53.0,0.0,0.0,163.0
421010383003,183.0,292.0,0.0,0.0,16.0,192.0,0.0
421010383002,424.0,232.0,95.0,0.0,0.0,151.0,9.0
421010372003,617.0,0.0,0.0,0.0,0.0,0.0,6.0
421010383001,632.0,567.0,3.0,0.0,0.0,472.0,78.0
421010390006,90.0,1023.0,0.0,27.0,0.0,25.0,0.0
421010180011,884.0,16.0,0.0,0.0,0.0,0.0,10.0
421010177025,405.0,365.0,0.0,0.0,0.0,355.0,27.0
421010177024,482.0,302.0,0.0,0.0,0.0,505.0,54.0
421010177021,197.0,213.0,0.0,17.0,0.0,354.0,45.0
421010268003,34.0,905.0,0.0,0.0,0.0,0.0,38.0
421010319001,406.0,293.0,0.0,51.0,0.0,285.0,47.0
421010319004,267.0,43.0,81.0,19.0,0.0,114.0,35.0
421010319005,518.0,691.0,0.0,37.0,0.0,55.0,28.0
421010319003,466.0,235.0,0.0,41.0,0.0,56.0,0.0
421010319002,731.0,402.0,0.0,76.0,0.0,131.0,28.0
421010330007,383.0,131.0,0.0,0.0,0.0,0.0,77.0
421010330003,1327.0,0.0,0.0,0.0,0.0,21.0,180.0
421010330001,498.0,0.0,0.0,0.0,0.0,0.0,0.0
421010330004,840.0,739.0,0.0,0.0,0.0,475.0,56.0
421010330005,1107.0,145.0,0.0,0.0,0.0,104.0,18.0
421010330006,420.0,86.0,0.0,0.0,0.0,43.0,140.0
421010330002,501.0,0.0,0.0,63.0,0.0,0.0,0.0
421010161001,2128.0,221.0,0.0,31.0,0.0,99.0,27.0
421010161002,850.0,38.0,0.0,307.0,0.0,425.0,100.0
421010161003,445.0,0.0,0.0,217.0,0.0,200.0,48.0
421010161004,232.0,23.0,74.0,212.0,0.0,308.0,42.0
421010169012,19.0,681.0,0.0,0.0,0.0,0.0,0.0
421010169011,31.0,1051.0,0.0,0.0,0.0,0.0,9.0
421010169013,57.0,1357.0,0.0,0.0,0.0,0.0,0.0
421010174001,197.0,735.0,0.0,0.0,0.0,0.0,38.0
421010174002,122.0,1015.0,0.0,0.0,0.0,0.0,0.0
421010158002,838.0,7.0,0.0,0.0,0.0,0.0,0.0
421010158004,826.0,0.0,0.0,0.0,0.0,0.0,9.0
421010158006,611.0,0.0,0.0,0.0,0.0,42.0,0.0
421010158005,1152.0,81.0,0.0,47.0,0.0,0.0,41.0
421010158003,1246.0,0.0,0.0,19.0,0.0,0.0,0.0
421010158001,1145.0,77.0,0.0,29.0,0.0,0.0,37.0
421010164004,484.0,796.0,0.0,0.0,0.0,196.0,86.0
421010164001,346.0,576.0,0.0,0.0,0.0,212.0,0.0
421010164002,148.0,97.0,0.0,0.0,0.0,200.0,6.0
421010164003,146.0,919.0,72.0,0.0,0.0,187.0,169.0
421010169022,47.0,778.0,0.0,0.0,0.0,0.0,0.0
421010169021,26.0,1294.0,0.0,0.0,0.0,45.0,0.0
421010169024,12.0,1242.0,0.0,0.0,0.0,0.0,0.0
421010169023,154.0,1356.0,0.0,0.0,0.0,0.0,0.0
421010171003,84.0,1222.0,0.0,0.0,0.0,0.0,36.0
421010171004,38.0,669.0,0.0,0.0,0.0,18.0,23.0
421010171001,0.0,1040.0,0.0,0.0,0.0,35.0,69.0
421010171002,37.0,1067.0,0.0,0.0,0.0,0.0,0.0
421010259004,0.0,558.0,0.0,14.0,0.0,0.0,95.0
421010259001,0.0,464.0,0.0,0.0,0.0,0.0,0.0
421010259002,0.0,808.0,0.0,0.0,0.0,0.0,21.0
421010259006,17.0,734.0,0.0,0.0,0.0,0.0,0.0
421010259003,17.0,815.0,0.0,0.0,0.0,0.0,0.0
421010259005,18.0,1206.0,0.0,15.0,0.0,0.0,30.0
421010290004,701.0,588.0,0.0,134.0,0.0,869.0,1.0
421010290001,21.0,259.0,276.0,8.0,0.0,0.0,28.0
421010290003,1427.0,953.0,0.0,150.0,0.0,410.0,62.0
421010007002,1285.0,189.0,0.0,270.0,0.0,0.0,34.0
421010025001,871.0,391.0,0.0,54.0,0.0,7.0,80.0
421010033005,438.0,167.0,0.0,135.0,0.0,13.0,0.0
421010007003,375.0,273.0,0.0,198.0,0.0,0.0,36.0
421010007001,560.0,77.0,0.0,146.0,8.0,0.0,0.0
421010284001,211.0,1324.0,0.0,12.0,0.0,0.0,28.0
421010286002,114.0,76.0,0.0,171.0,0.0,43.0,0.0
421010286003,172.0,283.0,0.0,37.0,0.0,0.0,0.0
421010286004,102.0,671.0,0.0,164.0,0.0,113.0,0.0
421010286005,130.0,445.0,0.0,134.0,0.0,104.0,178.0
421010286006,192.0,553.0,0.0,0.0,0.0,218.0,0.0
421010286001,460.0,1857.0,0.0,99.0,0.0,358.0,0.0
421010001001,1487.0,142.0,0.0,258.0,0.0,0.0,24.0
421010001002,1503.0,408.0,0.0,234.0,0.0,33.0,66.0
421010013005,1866.0,566.0,0.0,306.0,0.0,0.0,87.0
421010013004,436.0,522.0,0.0,11.0,0.0,0.0,13.0
421010013001,583.0,87.0,0.0,29.0,0.0,21.0,0.0
421010013002,900.0,258.0,0.0,42.0,0.0,0.0,15.0
421010013003,274.0,246.0,136.0,0.0,0.0,84.0,0.0
421010042013,854.0,0.0,0.0,0.0,0.0,0.0,0.0
421010042014,1602.0,19.0,0.0,605.0,0.0,0.0,0.0
421010042011,455.0,0.0,0.0,0.0,0.0,0.0,0.0
421010056001,93.0,835.0,0.0,9.0,0.0,14.0,19.0
421010067003,33.0,701.0,0.0,24.0,0.0,0.0,31.0
421010067002,35.0,477.0,0.0,104.0,0.0,0.0,0.0
421010067001,95.0,879.0,27.0,84.0,0.0,0.0,54.0
421010067004,114.0,621.0,0.0,0.0,0.0,0.0,0.0
421010067007,178.0,1076.0,0.0,0.0,0.0,0.0,0.0
421010067005,3.0,1335.0,0.0,222.0,0.0,0.0,0.0
421010067006,0.0,551.0,0.0,91.0,0.0,0.0,0.0
421010003002,1921.0,133.0,0.0,366.0,18.0,0.0,186.0
421010003001,682.0,37.0,0.0,174.0,0.0,0.0,17.0
421010005001,1096.0,877.0,19.0,422.0,0.0,36.0,64.0
421010024001,597.0,13.0,0.0,0.0,0.0,49.0,41.0
421010024004,441.0,25.0,0.0,173.0,0.0,0.0,0.0
421010024003,1253.0,15.0,0.0,54.0,0.0,0.0,0.0
421010024005,477.0,415.0,0.0,16.0,0.0,37.0,26.0
421010024002,1127.0,38.0,0.0,572.0,0.0,0.0,16.0
421010100004,190.0,1228.0,0.0,5.0,0.0,0.0,50.0
421010100001,72.0,1282.0,0.0,0.0,0.0,0.0,9.0
421010100002,72.0,802.0,0.0,45.0,0.0,56.0,0.0
421010100003,37.0,858.0,0.0,38.0,0.0,0.0,0.0
421010101002,22.0,798.0,26.0,0.0,0.0,0.0,0.0
421010101001,18.0,1725.0,79.0,0.0,0.0,0.0,38.0
421010101006,31.0,1447.0,0.0,0.0,0.0,0.0,46.0
421010101003,0.0,1075.0,0.0,0.0,0.0,0.0,0.0
421010101004,558.0,720.0,0.0,0.0,0.0,0.0,25.0
421010101005,0.0,467.0,0.0,0.0,0.0,0.0,0.0
421010101007,0.0,599.0,0.0,0.0,0.0,0.0,57.0
421010107001,25.0,611.0,0.0,0.0,0.0,0.0,0.0
421010107004,9.0,783.0,0.0,0.0,0.0,0.0,0.0
421010107002,81.0,1429.0,0.0,6.0,0.0,0.0,0.0
421010107003,13.0,555.0,0.0,6.0,0.0,0.0,9.0
421010133002,440.0,900.0,0.0,95.0,0.0,28.0,25.0
421010133001,1002.0,399.0,0.0,194.0,0.0,190.0,81.0
421010247005,123.0,347.0,0.0,0.0,0.0,0.0,1.0
421010247002,54.0,796.0,0.0,15.0,0.0,0.0,8.0
421010038004,814.0,0.0,0.0,77.0,0.0,0.0,0.0
421010038003,842.0,41.0,0.0,0.0,0.0,0.0,10.0
421010038001,1200.0,0.0,0.0,0.0,0.0,0.0,0.0
421010038002,777.0,1.0,0.0,7.0,0.0,20.0,40.0
421010125002,1938.0,272.0,0.0,428.0,0.0,0.0,45.0
421010125001,1194.0,136.0,19.0,109.0,0.0,8.0,0.0
421010125003,803.0,119.0,29.0,187.0,0.0,0.0,0.0
421010018001,1086.0,14.0,0.0,0.0,0.0,9.0,0.0
421010018002,1257.0,540.0,0.0,281.0,0.0,34.0,51.0
421010021002,590.0,1150.0,0.0,52.0,0.0,7.0,15.0
421010021001,144.0,301.0,0.0,14.0,0.0,0.0,7.0
421010257001,390.0,1320.0,0.0,96.0,0.0,0.0,158.0
421010033004,27.0,390.0,0.0,0.0,0.0,0.0,0.0
421010033006,239.0,1135.0,0.0,21.0,0.0,0.0,0.0
421010033003,51.0,600.0,0.0,0.0,0.0,0.0,16.0
421010033001,589.0,1436.0,0.0,28.0,0.0,143.0,0.0
421010033002,187.0,394.0,0.0,114.0,0.0,0.0,51.0
421010040023,1031.0,0.0,0.0,0.0,0.0,0.0,138.0
421010040021,773.0,0.0,0.0,20.0,0.0,0.0,88.0
421010040024,813.0,0.0,0.0,0.0,0.0,0.0,0.0
421010040022,2047.0,16.0,0.0,68.0,0.0,0.0,41.0
421010042012,1662.0,24.0,0.0,138.0,0.0,0.0,29.0
421010203002,152.0,1422.0,18.0,0.0,0.0,153.0,32.0
421010203001,71.0,846.0,0.0,0.0,0.0,40.0,52.0
421010209004,629.0,48.0,0.0,0.0,0.0,9.0,8.0
421010208001,617.0,690.0,0.0,207.0,0.0,11.0,32.0
421010209003,465.0,83.0,0.0,46.0,0.0,0.0,14.0
421010209001,781.0,16.0,0.0,0.0,0.0,1.0,0.0
421010209002,393.0,24.0,0.0,0.0,0.0,42.0,0.0
421010207003,1500.0,66.0,0.0,60.0,0.0,60.0,22.0
421010207002,766.0,54.0,0.0,71.0,0.0,0.0,83.0
421010207001,1178.0,96.0,0.0,70.0,0.0,35.0,23.0
421010207004,935.0,502.0,0.0,137.0,0.0,0.0,191.0
421010184001,731.0,0.0,4.0,0.0,0.0,0.0,18.0
421010184002,1462.0,2.0,0.0,24.0,0.0,0.0,0.0
421010307003,1021.0,912.0,0.0,119.0,0.0,28.0,53.0
421010307001,577.0,343.0,0.0,9.0,0.0,0.0,60.0
421010307002,687.0,264.0,0.0,291.0,0.0,7.0,6.0
421010312001,133.0,961.0,7.0,216.0,0.0,115.0,19.0
421010312002,427.0,1043.0,0.0,432.0,0.0,360.0,28.0
421010312003,408.0,794.0,0.0,99.0,0.0,102.0,63.0
421010231001,1280.0,4.0,6.0,12.0,0.0,13.0,8.0
421010235001,715.0,397.0,0.0,69.0,0.0,9.0,92.0
421010019002,1119.0,321.0,0.0,42.0,0.0,0.0,25.0
421010019003,424.0,418.0,0.0,63.0,0.0,0.0,32.0
421010019001,567.0,349.0,0.0,0.0,0.0,0.0,21.0
421010031006,55.0,321.0,0.0,0.0,0.0,0.0,0.0
421010070004,0.0,353.0,0.0,0.0,0.0,0.0,0.0
421010070003,53.0,678.0,0.0,0.0,0.0,0.0,0.0
421010070001,0.0,854.0,0.0,0.0,0.0,0.0,0.0
421010070002,8.0,360.0,0.0,57.0,0.0,0.0,0.0
421010070005,29.0,786.0,0.0,0.0,0.0,0.0,0.0
421010080002,493.0,569.0,112.0,59.0,0.0,0.0,28.0
421010080004,32.0,927.0,0.0,29.0,0.0,27.0,197.0
421010080003,55.0,708.0,0.0,16.0,0.0,10.0,34.0
421010210001,705.0,20.0,40.0,0.0,0.0,0.0,75.0
421010210004,1316.0,266.0,0.0,16.0,0.0,25.0,0.0
421010210002,497.0,16.0,0.0,0.0,0.0,0.0,17.0
421010210003,900.0,3.0,0.0,0.0,0.0,0.0,0.0
421010210005,1006.0,140.0,0.0,0.0,0.0,0.0,0.0
421010347021,1163.0,167.0,0.0,518.0,0.0,123.0,142.0
421010147002,711.0,545.0,0.0,301.0,0.0,0.0,23.0
421010147001,214.0,1195.0,0.0,44.0,0.0,0.0,22.0
421010156002,288.0,241.0,0.0,21.0,0.0,411.0,76.0
421010156001,301.0,98.0,48.0,22.0,0.0,372.0,46.0
421010163001,314.0,94.0,35.0,269.0,0.0,391.0,0.0
421010163003,421.0,32.0,0.0,0.0,0.0,241.0,0.0
421010163002,424.0,8.0,0.0,0.0,0.0,364.0,0.0
421010163004,436.0,125.0,0.0,34.0,0.0,388.0,91.0
421010178002,479.0,516.0,39.0,0.0,0.0,104.0,0.0
421010278004,64.0,946.0,0.0,0.0,0.0,0.0,37.0
421010278001,174.0,1317.0,0.0,35.0,0.0,0.0,0.0
421010278002,31.0,1072.0,8.0,3.0,0.0,2.0,0.0
421010278003,0.0,878.0,0.0,0.0,0.0,0.0,24.0
421010282002,195.0,1408.0,0.0,0.0,0.0,0.0,0.0
421010282003,189.0,1896.0,0.0,287.0,0.0,29.0,54.0
421010282001,54.0,853.0,0.0,107.0,0.0,0.0,0.0
421010288003,332.0,177.0,0.0,291.0,0.0,257.0,155.0
421010288001,439.0,325.0,0.0,77.0,0.0,1027.0,8.0
421010288002,289.0,236.0,0.0,223.0,0.0,216.0,99.0
421010298002,289.0,460.0,0.0,67.0,0.0,0.0,1.0
421010298004,804.0,431.0,0.0,37.0,0.0,0.0,63.0
421010298003,283.0,87.0,0.0,31.0,0.0,0.0,149.0
421010298001,499.0,606.0,0.0,53.0,0.0,606.0,30.0
421010298005,172.0,372.0,0.0,0.0,0.0,11.0,55.0
421010329004,670.0,77.0,0.0,29.0,0.0,0.0,0.0
421010329003,664.0,220.0,0.0,32.0,0.0,125.0,0.0
421010329005,617.0,100.0,0.0,18.0,0.0,0.0,0.0
421010329001,159.0,72.0,0.0,10.0,0.0,0.0,0.0
421010329002,289.0,49.0,0.0,5.0,0.0,157.0,10.0
421010348022,908.0,207.0,0.0,0.0,0.0,187.0,10.0
421010348023,1369.0,3.0,0.0,0.0,0.0,0.0,0.0
421010348021,1304.0,1275.0,0.0,0.0,0.0,257.0,0.0
421010348033,493.0,94.0,0.0,0.0,0.0,179.0,0.0
421010348032,1786.0,196.0,9.0,211.0,0.0,143.0,0.0
421010348031,1048.0,5.0,0.0,0.0,0.0,0.0,0.0
421010245001,27.0,1096.0,23.0,0.0,0.0,38.0,0.0
421010245004,41.0,656.0,0.0,0.0,0.0,0.0,0.0
421010245002,238.0,645.0,0.0,0.0,0.0,0.0,0.0
421010254004,245.0,935.0,0.0,0.0,0.0,22.0,11.0
421010254001,2.0,961.0,0.0,0.0,0.0,0.0,0.0
421010254002,103.0,1219.0,0.0,14.0,0.0,0.0,73.0
421010254003,155.0,653.0,56.0,10.0,0.0,26.0,99.0
421010260002,57.0,824.0,0.0,0.0,0.0,0.0,10.0
421010260003,88.0,1086.0,0.0,9.0,0.0,91.0,20.0
421010260001,20.0,765.0,0.0,0.0,0.0,0.0,39.0
421010263021,2.0,1655.0,0.0,0.0,0.0,0.0,20.0
421010263022,62.0,1338.0,0.0,91.0,0.0,0.0,0.0
421010263023,0.0,774.0,0.0,0.0,0.0,0.0,0.0
421010382002,939.0,37.0,0.0,0.0,0.0,0.0,30.0
421010382001,566.0,183.0,0.0,28.0,0.0,206.0,29.0
421010382003,245.0,422.0,0.0,4.0,0.0,89.0,20.0
421010380001,918.0,47.0,0.0,23.0,0.0,165.0,9.0
421010380002,975.0,83.0,13.0,0.0,12.0,37.0,0.0
421010381001,498.0,74.0,0.0,0.0,0.0,23.0,69.0
421010178003,251.0,228.0,65.0,0.0,0.0,177.0,0.0
421010178007,706.0,149.0,0.0,43.0,0.0,38.0,30.0
421010178004,368.0,0.0,0.0,8.0,0.0,79.0,0.0
421010178006,89.0,31.0,0.0,68.0,0.0,137.0,0.0
421010178001,299.0,466.0,0.0,14.0,0.0,439.0,19.0
421010178005,494.0,83.0,0.0,29.0,0.0,280.0,0.0
421010197004,55.0,507.0,0.0,0.0,0.0,265.0,41.0
421010197001,332.0,405.0,15.0,0.0,0.0,488.0,0.0
421010197005,139.0,578.0,0.0,0.0,0.0,454.0,16.0
421010197006,441.0,1055.0,0.0,9.0,0.0,236.0,16.0
421010197002,510.0,265.0,0.0,0.0,0.0,39.0,16.0
421010197003,285.0,729.0,0.0,0.0,0.0,140.0,21.0
421010200002,97.0,525.0,0.0,28.0,0.0,50.0,14.0
421010200001,35.0,515.0,0.0,2.0,0.0,0.0,12.0
421010108001,0.0,815.0,0.0,0.0,0.0,0.0,0.0
421010108002,48.0,672.0,0.0,0.0,0.0,0.0,9.0
421010108003,126.0,750.0,0.0,7.0,0.0,16.0,65.0
421010108004,118.0,727.0,62.0,17.0,0.0,20.0,16.0
421010108005,0.0,740.0,0.0,0.0,0.0,0.0,0.0
421010263024,38.0,1901.0,0.0,57.0,0.0,0.0,90.0
421010264004,33.0,1767.0,0.0,0.0,0.0,39.0,0.0
421010264001,0.0,728.0,0.0,0.0,0.0,0.0,21.0
421010264006,0.0,498.0,0.0,0.0,0.0,0.0,0.0
421010264002,0.0,327.0,0.0,0.0,0.0,0.0,0.0
421010264005,0.0,1009.0,0.0,0.0,0.0,0.0,113.0
421010264007,54.0,381.0,0.0,0.0,0.0,0.0,23.0
421010264003,0.0,528.0,0.0,0.0,0.0,0.0,0.0
421010271001,127.0,706.0,0.0,60.0,0.0,33.0,0.0
421010271002,29.0,677.0,0.0,397.0,0.0,66.0,36.0
421010271003,41.0,307.0,0.0,240.0,0.0,71.0,0.0
421010240004,249.0,378.0,0.0,5.0,0.0,59.0,64.0
421010240003,0.0,324.0,0.0,0.0,0.0,0.0,0.0
421010240001,871.0,442.0,0.0,105.0,0.0,48.0,59.0
421010240002,394.0,523.0,0.0,27.0,0.0,84.0,93.0
421010281002,37.0,1330.0,0.0,0.0,0.0,0.0,0.0
421010281001,131.0,1576.0,0.0,36.0,0.0,0.0,38.0
421010281003,213.0,1039.0,0.0,0.0,0.0,27.0,24.0
421010283001,201.0,443.0,0.0,13.0,0.0,0.0,0.0
421010283003,6.0,342.0,0.0,0.0,0.0,0.0,0.0
421010283005,43.0,663.0,0.0,617.0,0.0,0.0,161.0
421010283006,0.0,775.0,0.0,0.0,0.0,0.0,22.0
421010283007,26.0,412.0,0.0,66.0,0.0,0.0,174.0
421010283002,21.0,629.0,0.0,0.0,0.0,0.0,0.0
421010283004,96.0,1357.0,0.0,0.0,0.0,0.0,40.0
421010308004,747.0,342.0,0.0,195.0,0.0,258.0,144.0
421010308002,643.0,211.0,0.0,21.0,0.0,129.0,79.0
421010308003,737.0,724.0,0.0,554.0,0.0,0.0,30.0
421010308001,522.0,58.0,10.0,78.0,0.0,54.0,0.0
421010310006,686.0,255.0,0.0,0.0,0.0,198.0,58.0
421010310005,463.0,171.0,0.0,350.0,0.0,126.0,106.0
421010310007,585.0,187.0,0.0,253.0,0.0,0.0,37.0
421010310001,344.0,266.0,0.0,291.0,0.0,39.0,0.0
421010310003,314.0,0.0,0.0,0.0,0.0,342.0,0.0
421010310004,227.0,915.0,0.0,241.0,0.0,41.0,0.0
421010310002,829.0,19.0,0.0,292.0,0.0,0.0,25.0
421010153004,831.0,318.0,81.0,97.0,0.0,0.0,47.0
421010153002,132.0,344.0,0.0,0.0,0.0,0.0,0.0
421010153001,761.0,259.0,0.0,96.0,0.0,0.0,9.0
421010153003,175.0,443.0,0.0,46.0,0.0,59.0,0.0
421010157003,441.0,158.0,0.0,14.0,9.0,60.0,152.0
421010157002,787.0,105.0,0.0,17.0,0.0,265.0,15.0
421010157001,253.0,59.0,5.0,0.0,0.0,320.0,78.0
421010160003,1468.0,74.0,0.0,28.0,0.0,0.0,25.0
421010160002,965.0,17.0,0.0,11.0,0.0,0.0,0.0
421010160004,869.0,0.0,0.0,0.0,0.0,0.0,0.0
421010160005,641.0,0.0,0.0,29.0,0.0,30.0,35.0
421010160006,503.0,0.0,0.0,101.0,0.0,0.0,30.0
421010160007,709.0,9.0,0.0,86.0,0.0,29.0,104.0
421010160001,468.0,0.0,0.0,0.0,0.0,0.0,0.0
421010168003,125.0,525.0,0.0,0.0,0.0,0.0,0.0
421010168002,33.0,414.0,23.0,0.0,0.0,0.0,0.0
421010168001,4.0,752.0,0.0,0.0,0.0,0.0,0.0
421010168006,40.0,693.0,0.0,0.0,0.0,0.0,0.0
421010168004,19.0,559.0,0.0,0.0,0.0,0.0,7.0
421010168005,8.0,294.0,0.0,0.0,0.0,19.0,6.0
421010177023,268.0,273.0,0.0,0.0,0.0,254.0,68.0
421010177022,467.0,200.0,46.0,0.0,0.0,415.0,48.0
421010177011,388.0,298.0,0.0,28.0,0.0,426.0,44.0
421010177012,198.0,760.0,12.0,0.0,0.0,350.0,149.0
421010177013,551.0,78.0,0.0,18.0,0.0,383.0,166.0
421010356021,840.0,0.0,31.0,367.0,0.0,34.0,26.0
421010356022,1566.0,98.0,0.0,327.0,0.0,121.0,0.0
421010316006,648.0,140.0,0.0,0.0,0.0,107.0,0.0
421010202005,85.0,990.0,0.0,0.0,0.0,0.0,19.0
421010202002,0.0,310.0,0.0,0.0,0.0,0.0,0.0
421010202006,66.0,757.0,0.0,5.0,0.0,13.0,0.0
421010202003,34.0,331.0,0.0,0.0,0.0,0.0,0.0
421010202004,161.0,397.0,0.0,0.0,0.0,0.0,0.0
421010202001,15.0,968.0,0.0,0.0,0.0,0.0,7.0
421010149001,40.0,545.0,0.0,25.0,0.0,0.0,0.0
421010347022,763.0,24.0,0.0,0.0,0.0,0.0,0.0
421010347023,891.0,0.0,0.0,23.0,0.0,0.0,0.0
421010266006,1.0,857.0,0.0,0.0,0.0,0.0,16.0
421010266001,0.0,668.0,0.0,0.0,0.0,0.0,0.0
421010266002,0.0,1295.0,0.0,0.0,0.0,0.0,33.0
421010266003,0.0,700.0,0.0,0.0,0.0,0.0,39.0
421010266008,0.0,1008.0,0.0,0.0,0.0,0.0,0.0
421010266004,0.0,969.0,0.0,0.0,0.0,0.0,16.0
421010266005,3.0,490.0,0.0,0.0,0.0,38.0,31.0
421010266007,0.0,674.0,0.0,0.0,0.0,0.0,0.0
421010104003,34.0,1373.0,0.0,0.0,0.0,16.0,33.0
421010390002,240.0,1170.0,0.0,0.0,0.0,0.0,0.0
421010390003,389.0,536.0,0.0,0.0,0.0,124.0,17.0
421010390007,446.0,924.0,0.0,38.0,0.0,372.0,0.0
421010390008,244.0,582.0,0.0,0.0,0.0,35.0,23.0
421010390001,490.0,437.0,0.0,91.0,0.0,84.0,38.0
421010390004,53.0,446.0,0.0,0.0,0.0,187.0,169.0
421010390005,247.0,664.0,0.0,114.0,0.0,141.0,0.0
421010378003,933.0,136.0,0.0,0.0,0.0,0.0,10.0
421010378002,427.0,28.0,0.0,0.0,0.0,15.0,0.0
421010378001,838.0,173.0,30.0,40.0,0.0,0.0,16.0
421010377003,77.0,157.0,0.0,0.0,0.0,18.0,0.0
421010377002,909.0,1099.0,0.0,210.0,0.0,117.0,8.0
421010377001,1334.0,1222.0,0.0,351.0,0.0,0.0,30.0
421010342002,1646.0,317.0,0.0,218.0,0.0,29.0,7.0
421010361001,535.0,333.0,0.0,0.0,0.0,52.0,20.0
421010335001,552.0,316.0,0.0,80.0,0.0,52.0,0.0
421010335003,497.0,80.0,0.0,324.0,0.0,149.0,41.0
421010335002,985.0,36.0,0.0,285.0,0.0,717.0,23.0
421010341003,781.0,17.0,0.0,74.0,0.0,0.0,0.0
421010341001,745.0,0.0,0.0,0.0,0.0,0.0,0.0
421010341002,726.0,275.0,0.0,0.0,0.0,0.0,0.0
421010341006,547.0,49.0,0.0,23.0,0.0,0.0,0.0
421010341005,905.0,57.0,0.0,0.0,0.0,0.0,0.0
421010341004,1062.0,151.0,0.0,58.0,0.0,0.0,0.0
421010351001,1968.0,65.0,0.0,41.0,0.0,18.0,0.0
421010351002,1956.0,168.0,0.0,14.0,0.0,0.0,18.0
421010353012,1994.0,27.0,0.0,74.0,0.0,256.0,42.0
421010353013,502.0,0.0,0.0,34.0,0.0,0.0,0.0
421010353011,2428.0,117.0,30.0,144.0,0.0,31.0,43.0
421010360001,1944.0,452.0,7.0,769.0,0.0,10.0,137.0
421010199001,265.0,82.0,0.0,0.0,0.0,317.0,0.0
421010199002,304.0,238.0,0.0,0.0,0.0,408.0,70.0
421010199003,207.0,548.0,0.0,0.0,0.0,60.0,0.0
421010199004,859.0,436.0,59.0,0.0,0.0,226.0,0.0
421010204003,55.0,385.0,0.0,0.0,0.0,0.0,19.0
421010204001,46.0,640.0,0.0,0.0,0.0,0.0,0.0
421010204002,1.0,728.0,0.0,1.0,0.0,51.0,0.0
421010204004,58.0,510.0,0.0,0.0,0.0,0.0,0.0
421010237001,321.0,654.0,0.0,0.0,0.0,16.0,58.0
421010237002,642.0,805.0,0.0,0.0,0.0,5.0,165.0
421010237004,242.0,1017.0,0.0,37.0,0.0,0.0,234.0
421010237003,243.0,494.0,0.0,13.0,0.0,0.0,112.0
421010104002,14.0,613.0,0.0,0.0,0.0,0.0,10.0
421010104001,40.0,726.0,0.0,0.0,0.0,0.0,0.0
421010104004,41.0,1273.0,0.0,0.0,0.0,16.0,43.0
421010132001,349.0,742.0,0.0,20.0,0.0,0.0,83.0
421010132002,223.0,986.0,41.0,101.0,0.0,30.0,34.0
421010326001,230.0,232.0,0.0,0.0,0.0,274.0,19.0
421010326004,722.0,599.0,0.0,30.0,0.0,54.0,27.0
421010326007,449.0,25.0,28.0,0.0,0.0,0.0,78.0
421010326006,800.0,40.0,0.0,61.0,0.0,359.0,0.0
421010326002,799.0,64.0,0.0,0.0,0.0,20.0,41.0
421010326003,971.0,82.0,0.0,367.0,0.0,203.0,0.0
421010326005,98.0,217.0,0.0,0.0,0.0,108.0,59.0
421010332001,1378.0,89.0,0.0,169.0,0.0,0.0,8.0
421010332002,976.0,0.0,0.0,28.0,0.0,32.0,0.0
421010338003,444.0,0.0,0.0,0.0,0.0,0.0,0.0
421010338005,694.0,174.0,18.0,91.0,0.0,0.0,193.0
421010338002,390.0,52.0,0.0,0.0,0.0,0.0,45.0
421010338001,2377.0,140.0,26.0,94.0,0.0,252.0,173.0
421010338004,575.0,78.0,0.0,226.0,0.0,136.0,24.0
421010344003,2494.0,48.0,44.0,67.0,0.0,0.0,20.0
421010344004,1245.0,0.0,0.0,891.0,0.0,52.0,29.0
421010344001,1201.0,291.0,0.0,88.0,0.0,57.0,19.0
421010344002,987.0,172.0,8.0,71.0,0.0,86.0,0.0
421010113002,0.0,594.0,0.0,0.0,0.0,0.0,0.0
421010347012,1914.0,358.0,0.0,114.0,0.0,38.0,64.0
421010113001,0.0,1792.0,0.0,0.0,0.0,0.0,5.0
421010113003,0.0,920.0,0.0,0.0,0.0,0.0,0.0
421010114001,0.0,2063.0,0.0,0.0,0.0,0.0,0.0
421010114004,0.0,577.0,0.0,0.0,0.0,16.0,0.0
421010114005,0.0,2174.0,0.0,0.0,0.0,0.0,0.0
421010114003,0.0,1054.0,0.0,0.0,0.0,0.0,0.0
421010114006,48.0,763.0,0.0,0.0,32.0,56.0,21.0
421010114002,0.0,463.0,0.0,0.0,0.0,25.0,0.0
421010117001,988.0,735.0,0.0,225.0,0.0,19.0,31.0
421010176011,272.0,15.0,0.0,0.0,0.0,298.0,27.0
421010176013,659.0,35.0,16.0,2.0,0.0,349.0,4.0
421010176012,380.0,143.0,0.0,0.0,0.0,256.0,16.0
421010176014,575.0,73.0,0.0,0.0,0.0,1400.0,60.0
421010176015,287.0,78.0,8.0,0.0,0.0,553.0,0.0
421010036002,118.0,1060.0,0.0,145.0,0.0,0.0,31.0
421010036001,760.0,360.0,0.0,817.0,0.0,53.0,133.0
421010036004,103.0,888.0,0.0,12.0,0.0,67.0,0.0
421010036003,243.0,1769.0,0.0,240.0,0.0,21.0,0.0
421010170002,0.0,446.0,0.0,0.0,0.0,0.0,0.0
421010170003,107.0,621.0,0.0,0.0,0.0,30.0,10.0
421010290002,314.0,843.0,0.0,16.0,0.0,258.0,54.0
421010301001,24.0,706.0,0.0,0.0,0.0,0.0,28.0
421010301002,464.0,1462.0,0.0,16.0,0.0,87.0,17.0
421010301005,671.0,503.0,2.0,0.0,0.0,193.0,214.0
421010347011,1750.0,621.0,0.0,309.0,0.0,0.0,12.0
421010347013,1162.0,223.0,8.0,0.0,0.0,0.0,83.0
421010352003,1263.0,0.0,0.0,66.0,0.0,52.0,0.0
421010352001,1900.0,56.0,0.0,183.0,0.0,3.0,3.0
421010352002,753.0,0.0,0.0,0.0,0.0,0.0,0.0
421010358002,1054.0,0.0,0.0,22.0,0.0,0.0,13.0
421010358003,1416.0,56.0,40.0,134.0,0.0,0.0,75.0
421010358001,2881.0,444.0,0.0,623.0,0.0,97.0,127.0
421010359002,2130.0,61.0,0.0,543.0,0.0,0.0,36.0
421010359001,1897.0,76.0,57.0,266.0,0.0,196.0,64.0
421010362012,695.0,32.0,0.0,17.0,0.0,0.0,0.0
421010362011,1548.0,101.0,0.0,0.0,0.0,17.0,48.0
421010362013,1023.0,23.0,0.0,15.0,0.0,0.0,71.0
421010362021,825.0,406.0,0.0,0.0,0.0,70.0,0.0
421010362022,1410.0,37.0,0.0,0.0,0.0,0.0,0.0
421010362023,1173.0,21.0,0.0,42.0,0.0,0.0,21.0
421010362024,1706.0,89.0,0.0,121.0,0.0,24.0,0.0
421010106002,13.0,1049.0,0.0,8.0,0.0,0.0,0.0
421010131001,204.0,545.0,0.0,56.0,0.0,0.0,46.0
421010131002,223.0,517.0,0.0,20.0,0.0,0.0,53.0
421010138002,275.0,1001.0,0.0,0.0,25.0,0.0,42.0
421010138001,22.0,388.0,5.0,0.0,0.0,59.0,23.0
421010162001,373.0,148.0,0.0,15.0,0.0,219.0,28.0
421010162002,267.0,285.0,0.0,75.0,0.0,223.0,36.0
421010162003,260.0,122.0,0.0,0.0,0.0,461.0,0.0
421010179002,1188.0,68.0,0.0,17.0,0.0,0.0,36.0
421010179001,241.0,0.0,0.0,0.0,0.0,100.0,0.0
421010179005,465.0,701.0,87.0,0.0,0.0,624.0,0.0
421010179004,1025.0,867.0,0.0,0.0,27.0,167.0,57.0
421010179003,308.0,267.0,0.0,0.0,0.0,122.0,15.0
421010183003,1458.0,20.0,0.0,0.0,0.0,1.0,0.0
421010183002,888.0,0.0,0.0,0.0,0.0,34.0,0.0
421010183001,833.0,0.0,0.0,0.0,0.0,0.0,10.0
421010170001,514.0,1234.0,0.0,62.0,0.0,45.0,36.0
421010243003,135.0,571.0,0.0,20.0,0.0,0.0,11.0
421010243002,193.0,955.0,0.0,12.0,0.0,0.0,0.0
421010243004,115.0,431.0,0.0,0.0,0.0,0.0,0.0
421010243001,133.0,781.0,41.0,0.0,8.0,0.0,66.0
421010276002,34.0,273.0,0.0,6.0,0.0,0.0,0.0
421010039023,826.0,13.0,0.0,0.0,0.0,12.0,0.0
421010078003,747.0,121.0,38.0,73.0,0.0,30.0,83.0
421010078004,706.0,69.0,0.0,18.0,0.0,0.0,17.0
421010078005,761.0,247.0,0.0,168.0,0.0,14.0,131.0
421010080001,337.0,483.0,0.0,15.0,0.0,0.0,24.0
421010094001,36.0,921.0,0.0,0.0,0.0,33.0,0.0
421010094002,12.0,1176.0,0.0,0.0,0.0,0.0,0.0
421010340002,698.0,214.0,0.0,203.0,0.0,43.0,77.0
421010340003,532.0,42.0,0.0,23.0,0.0,0.0,0.0
421010340001,909.0,75.0,0.0,63.0,0.0,71.0,0.0
421010346001,1425.0,734.0,0.0,365.0,0.0,80.0,113.0
421010348011,1122.0,0.0,0.0,15.0,0.0,0.0,0.0
421010348012,1209.0,64.0,0.0,24.0,0.0,27.0,48.0
421010061002,175.0,645.0,0.0,28.0,0.0,0.0,0.0
421010061001,139.0,1890.0,0.0,94.0,0.0,8.0,0.0
421010022002,237.0,356.0,0.0,17.0,0.0,0.0,0.0
421010022003,355.0,556.0,0.0,74.0,0.0,0.0,72.0
421010022001,484.0,152.0,0.0,78.0,0.0,0.0,4.0
421010023001,794.0,94.0,0.0,170.0,20.0,0.0,47.0
421010023002,1437.0,8.0,0.0,311.0,0.0,12.0,37.0
421010041012,218.0,117.0,0.0,1724.0,0.0,0.0,0.0
421010041011,509.0,230.0,0.0,136.0,0.0,0.0,91.0
421010041013,487.0,67.0,0.0,515.0,0.0,109.0,315.0
421010041014,925.0,397.0,0.0,328.0,0.0,0.0,0.0
421010042024,956.0,28.0,53.0,435.0,0.0,0.0,9.0
421010042022,607.0,74.0,5.0,475.0,0.0,0.0,69.0
421010042023,953.0,26.0,0.0,305.0,0.0,0.0,46.0
421010042021,1220.0,42.0,0.0,21.0,0.0,30.0,93.0
421010055003,452.0,2743.0,25.0,92.0,0.0,68.0,255.0
421010069002,0.0,443.0,8.0,23.0,0.0,0.0,129.0
421010055002,98.0,931.0,0.0,0.0,0.0,17.0,0.0
421010055001,321.0,1738.0,0.0,17.0,0.0,38.0,69.0
421010069001,39.0,1125.0,0.0,0.0,0.0,67.0,0.0
421010349004,724.0,145.0,0.0,0.0,0.0,330.0,49.0
421010349002,1317.0,442.0,0.0,204.0,0.0,255.0,18.0
421010349001,471.0,174.0,0.0,142.0,0.0,0.0,102.0
421010269002,268.0,1012.0,0.0,6.0,0.0,9.0,43.0
421010269001,247.0,531.0,0.0,0.0,0.0,58.0,52.0
421010292003,151.0,683.0,0.0,0.0,0.0,206.0,45.0
421010292001,420.0,881.0,0.0,101.0,0.0,1125.0,253.0
421010292002,364.0,456.0,0.0,121.0,0.0,3.0,39.0
421010313004,484.0,226.0,0.0,383.0,0.0,149.0,153.0
421010313001,465.0,334.0,0.0,363.0,0.0,45.0,0.0
421010313002,328.0,212.0,0.0,581.0,0.0,83.0,324.0
421010313005,590.0,286.0,0.0,90.0,0.0,209.0,0.0
421010313003,284.0,393.0,44.0,73.0,0.0,69.0,0.0
421010313006,463.0,585.0,0.0,174.0,0.0,31.0,66.0
421010325002,1140.0,449.0,0.0,210.0,0.0,0.0,50.0
421010325004,1134.0,65.0,0.0,0.0,0.0,203.0,0.0
421010325003,1020.0,977.0,17.0,0.0,0.0,0.0,120.0
421010325001,374.0,234.0,0.0,0.0,0.0,30.0,56.0
421010014001,1208.0,227.0,0.0,50.0,0.0,58.0,15.0
421010014002,411.0,0.0,0.0,77.0,0.0,0.0,34.0
421010301003,644.0,244.0,0.0,0.0,0.0,0.0,0.0
421010301004,318.0,56.0,0.0,63.0,0.0,0.0,18.0
421010137004,375.0,310.0,0.0,0.0,0.0,20.0,20.0
421010137001,24.0,864.0,0.0,0.0,76.0,0.0,0.0
421010137005,439.0,557.0,0.0,55.0,0.0,0.0,31.0
421010137003,55.0,1009.0,0.0,0.0,0.0,0.0,0.0
421010137002,155.0,665.0,0.0,0.0,0.0,0.0,0.0
421010115002,83.0,1201.0,0.0,0.0,0.0,0.0,27.0
421010115003,58.0,1390.0,0.0,0.0,0.0,8.0,10.0
421010115001,10.0,1110.0,24.0,0.0,0.0,0.0,5.0
421010115004,38.0,702.0,0.0,0.0,0.0,20.0,0.0
421010120001,100.0,323.0,0.0,42.0,0.0,7.0,12.0
421010120002,529.0,723.0,0.0,96.0,0.0,0.0,39.0
421010121001,362.0,810.0,0.0,203.0,0.0,15.0,9.0
421010121002,370.0,1398.0,0.0,0.0,0.0,2.0,48.0
421010257003,673.0,62.0,0.0,35.0,0.0,385.0,0.0
421010257002,576.0,51.0,0.0,175.0,0.0,0.0,23.0
421010211002,1139.0,77.0,0.0,16.0,0.0,42.0,47.0
421010211001,952.0,101.0,0.0,62.0,0.0,8.0,29.0
421010261001,28.0,899.0,0.0,0.0,0.0,0.0,1.0
421010261003,8.0,1542.0,0.0,0.0,6.0,0.0,28.0
421010261002,116.0,1043.0,0.0,0.0,0.0,0.0,0.0
421010272003,179.0,1009.0,0.0,212.0,0.0,0.0,75.0
421010272001,93.0,797.0,0.0,11.0,0.0,0.0,17.0
421010272002,262.0,1829.0,4.0,143.0,0.0,46.0,65.0
421010275001,283.0,958.0,8.0,164.0,0.0,216.0,0.0
421010275003,87.0,532.0,0.0,92.0,0.0,0.0,0.0
421010275002,111.0,1035.0,0.0,114.0,0.0,33.0,45.0
421010275004,66.0,1174.0,0.0,28.0,0.0,0.0,0.0
421010280004,67.0,1259.0,0.0,1.0,0.0,1.0,0.0
421010280001,38.0,524.0,0.0,0.0,0.0,0.0,0.0
421010280003,0.0,1117.0,0.0,52.0,0.0,0.0,0.0
421010280002,0.0,878.0,0.0,0.0,0.0,0.0,10.0
421010294001,230.0,452.0,37.0,0.0,0.0,29.0,0.0
421010166002,165.0,226.0,0.0,2.0,0.0,39.0,6.0
421010166001,245.0,885.0,0.0,4.0,0.0,62.0,48.0
421010173001,82.0,759.0,0.0,0.0,0.0,0.0,0.0
421010173002,100.0,1527.0,0.0,26.0,0.0,6.0,9.0
421010175002,293.0,255.0,0.0,0.0,0.0,250.0,0.0
421010175006,431.0,128.0,9.0,0.0,0.0,289.0,75.0
421010175005,468.0,387.0,32.0,0.0,0.0,241.0,32.0
421010175003,434.0,264.0,0.0,63.0,0.0,194.0,0.0
421010175004,97.0,253.0,0.0,0.0,0.0,263.0,53.0
421010175001,634.0,849.0,0.0,0.0,0.0,790.0,0.0
421010176021,761.0,204.0,0.0,31.0,0.0,456.0,61.0
421010176022,542.0,33.0,0.0,0.0,0.0,261.0,42.0
421010176023,925.0,195.0,25.0,11.0,0.0,758.0,48.0
421010253004,93.0,813.0,0.0,0.0,0.0,0.0,12.0
421010253002,18.0,618.0,0.0,0.0,0.0,22.0,82.0
421010253003,19.0,875.0,0.0,133.0,0.0,0.0,8.0
421010253005,67.0,660.0,0.0,0.0,0.0,0.0,11.0
421010253001,11.0,999.0,0.0,0.0,0.0,48.0,0.0
421010238005,238.0,766.0,0.0,18.0,0.0,48.0,0.0
421010238002,310.0,309.0,0.0,15.0,0.0,0.0,0.0
421010238001,137.0,438.0,0.0,12.0,0.0,0.0,305.0
421010094004,3.0,1197.0,0.0,0.0,0.0,77.0,0.0
421010094003,0.0,594.0,0.0,0.0,0.0,0.0,108.0
421010095003,0.0,516.0,14.0,0.0,0.0,43.0,0.0
421010095002,17.0,540.0,0.0,0.0,0.0,0.0,32.0
421010095004,0.0,1340.0,0.0,0.0,0.0,0.0,0.0
421010095001,165.0,460.0,0.0,0.0,0.0,8.0,0.0
421010084004,16.0,543.0,0.0,11.0,0.0,0.0,86.0
421010084006,0.0,616.0,0.0,0.0,0.0,0.0,0.0
421010084001,121.0,990.0,10.0,0.0,0.0,0.0,25.0
421010084002,0.0,933.0,17.0,0.0,0.0,0.0,55.0
421010084005,1.0,848.0,0.0,0.0,0.0,0.0,26.0
421010084003,16.0,413.0,0.0,0.0,0.0,0.0,0.0
421010090001,329.0,0.0,0.0,36.0,0.0,10.0,29.0
421010090003,989.0,128.0,0.0,290.0,0.0,22.0,138.0
421010090002,1530.0,163.0,11.0,610.0,0.0,14.0,94.0
421010090004,1165.0,113.0,0.0,272.0,0.0,37.0,92.0
421010198002,141.0,479.0,0.0,76.0,0.0,437.0,22.0
421010198004,141.0,638.0,0.0,0.0,0.0,524.0,49.0
421010198003,136.0,312.0,27.0,0.0,51.0,259.0,85.0
421010198005,217.0,634.0,0.0,0.0,0.0,139.0,11.0
421010198001,115.0,668.0,17.0,0.0,0.0,256.0,22.0
421010198006,494.0,89.0,109.0,92.0,0.0,335.0,20.0
421010212001,1026.0,129.0,0.0,75.0,0.0,10.0,36.0
421010212002,861.0,194.0,0.0,159.0,0.0,0.0,26.0
421010213001,448.0,11.0,0.0,0.0,0.0,0.0,96.0
421010213002,487.0,96.0,0.0,0.0,0.0,0.0,41.0
421010213004,748.0,0.0,17.0,0.0,0.0,0.0,31.0
421010213005,960.0,0.0,0.0,9.0,0.0,0.0,0.0
421010213003,839.0,0.0,0.0,45.0,0.0,0.0,31.0
421010217003,854.0,63.0,0.0,0.0,0.0,0.0,68.0
421010217004,1334.0,4.0,0.0,62.0,0.0,0.0,136.0
421010217002,1029.0,259.0,0.0,119.0,0.0,0.0,93.0
421010217001,1608.0,302.0,0.0,42.0,0.0,0.0,21.0
421010031001,236.0,585.0,0.0,117.0,0.0,141.0,0.0
421010031002,119.0,138.0,0.0,78.0,0.0,8.0,0.0
421010031004,135.0,703.0,0.0,0.0,0.0,0.0,54.0
421010031005,95.0,951.0,0.0,24.0,0.0,0.0,11.0
421010031003,29.0,405.0,0.0,22.0,0.0,80.0,12.0
421010032001,209.0,734.0,0.0,8.0,0.0,0.0,55.0
421010032004,33.0,611.0,0.0,0.0,0.0,0.0,9.0
421010032006,48.0,751.0,0.0,26.0,0.0,20.0,0.0
421010032003,0.0,807.0,0.0,18.0,0.0,0.0,11.0
421010032005,58.0,271.0,0.0,0.0,0.0,0.0,0.0
421010032002,10.0,366.0,0.0,0.0,19.0,0.0,0.0
421010040013,655.0,2.0,0.0,252.0,0.0,9.0,0.0
421010040011,917.0,78.0,0.0,47.0,0.0,361.0,0.0
421010040012,762.0,0.0,0.0,189.0,0.0,24.0,8.0
421010040014,625.0,63.0,0.0,26.0,0.0,10.0,7.0
421010062003,29.0,987.0,0.0,0.0,0.0,0.0,0.0
421010062002,111.0,947.0,0.0,13.0,0.0,28.0,16.0
421010072006,25.0,928.0,0.0,150.0,0.0,1.0,0.0
421010062004,23.0,1138.0,0.0,79.0,0.0,0.0,0.0
421010062001,56.0,1352.0,0.0,19.0,0.0,0.0,0.0
421010072001,12.0,915.0,0.0,0.0,0.0,0.0,0.0
421010072002,50.0,665.0,0.0,0.0,0.0,0.0,0.0
421010072003,0.0,529.0,0.0,0.0,0.0,0.0,22.0
421010072005,54.0,811.0,0.0,0.0,0.0,0.0,0.0
421010072004,9.0,574.0,0.0,0.0,0.0,0.0,113.0
421010363012,1428.0,42.0,0.0,458.0,0.0,10.0,23.0
421010363011,1585.0,37.0,12.0,0.0,0.0,8.0,12.0
421010353022,2133.0,265.0,0.0,48.0,0.0,0.0,16.0
421010353021,1752.0,70.0,10.0,21.0,0.0,11.0,14.0
421010355003,1770.0,201.0,31.0,395.0,0.0,80.0,73.0
421010355001,1847.0,84.0,44.0,377.0,14.0,85.0,69.0
421010355002,1835.0,58.0,0.0,104.0,0.0,32.0,94.0
421010362031,1481.0,40.0,81.0,18.0,0.0,11.0,0.0
421010294003,475.0,538.0,0.0,20.0,0.0,90.0,23.0
421010294002,453.0,679.0,0.0,151.0,4.0,79.0,28.0
421010300007,637.0,605.0,48.0,36.0,0.0,96.0,174.0
421010300003,438.0,740.0,0.0,69.0,0.0,0.0,52.0
421010300004,82.0,965.0,0.0,0.0,0.0,164.0,0.0
421010300006,31.0,515.0,8.0,51.0,0.0,51.0,23.0
421010300005,0.0,521.0,0.0,44.0,0.0,0.0,0.0
421010300002,55.0,438.0,0.0,0.0,0.0,103.0,20.0
421010300001,133.0,321.0,0.0,57.0,0.0,44.0,79.0
421010188004,489.0,295.0,0.0,10.0,0.0,50.0,10.0
421010188007,633.0,651.0,47.0,128.0,0.0,782.0,176.0
421010188002,581.0,404.0,0.0,0.0,0.0,241.0,53.0
421010188001,966.0,886.0,0.0,0.0,0.0,100.0,56.0
421010188003,419.0,99.0,0.0,0.0,0.0,204.0,226.0
421010188006,590.0,140.0,0.0,0.0,0.0,200.0,0.0
421010188005,187.0,94.0,0.0,0.0,0.0,25.0,149.0
421010191002,527.0,3.0,0.0,63.0,0.0,280.0,30.0
421010191001,510.0,63.0,0.0,173.0,0.0,305.0,12.0
421010238003,422.0,276.0,0.0,0.0,0.0,0.0,81.0
421010238004,119.0,556.0,0.0,0.0,0.0,0.0,13.0
421010252001,163.0,159.0,61.0,11.0,0.0,0.0,0.0
421010252006,189.0,1459.0,0.0,0.0,0.0,0.0,0.0
421010252007,0.0,1100.0,0.0,0.0,0.0,0.0,39.0
421010252005,72.0,1453.0,0.0,40.0,0.0,0.0,0.0
421010252003,0.0,599.0,0.0,0.0,0.0,0.0,0.0
421010252004,15.0,1037.0,0.0,0.0,0.0,0.0,0.0
421010252002,220.0,597.0,0.0,0.0,0.0,0.0,8.0
421010262004,27.0,1227.0,6.0,0.0,0.0,0.0,0.0
421010262002,22.0,671.0,0.0,0.0,0.0,0.0,0.0
421010262001,17.0,601.0,0.0,0.0,0.0,0.0,0.0
421010262003,0.0,1437.0,0.0,0.0,0.0,0.0,6.0
421010273001,44.0,690.0,0.0,484.0,0.0,193.0,0.0
421010273002,113.0,567.0,16.0,215.0,0.0,15.0,0.0
421010273003,223.0,598.0,0.0,198.0,0.0,59.0,0.0
421010273005,361.0,785.0,0.0,369.0,0.0,0.0,0.0
421010273004,86.0,982.0,0.0,124.0,0.0,105.0,64.0
421010284002,189.0,1366.0,0.0,5.0,0.0,14.0,98.0
421010284003,114.0,467.0,44.0,16.0,0.0,0.0,0.0
421010218003,331.0,311.0,0.0,204.0,0.0,167.0,57.0
421019801001,83.0,11.0,0.0,0.0,0.0,0.0,4.0
421019891001,412.0,1925.0,59.0,35.0,12.0,31.0,62.0
421010167024,71.0,555.0,0.0,8.0,0.0,0.0,25.0
421010167021,11.0,504.0,56.0,0.0,0.0,0.0,0.0
421010167022,53.0,799.0,0.0,0.0,0.0,0.0,0.0
421010167023,53.0,507.0,0.0,0.0,0.0,0.0,0.0
421010063003,28.0,970.0,0.0,167.0,0.0,0.0,0.0
421010063001,33.0,231.0,0.0,32.0,0.0,0.0,51.0
421010063004,70.0,1717.0,5.0,157.0,0.0,10.0,28.0
421010073001,19.0,474.0,0.0,0.0,0.0,0.0,0.0
421010073002,7.0,877.0,0.0,0.0,0.0,8.0,50.0
421010073003,106.0,242.0,0.0,0.0,0.0,0.0,0.0
421010073004,34.0,634.0,13.0,0.0,0.0,0.0,22.0
421010079001,419.0,239.0,0.0,108.0,0.0,0.0,27.0
421010079003,606.0,493.0,0.0,130.0,46.0,0.0,231.0
421010079002,892.0,216.0,0.0,150.0,0.0,0.0,105.0
421010079004,458.0,357.0,0.0,19.0,0.0,61.0,64.0
421010085002,181.0,1240.0,0.0,0.0,0.0,0.0,0.0
421010085005,56.0,1048.0,0.0,64.0,0.0,0.0,12.0
421010085006,15.0,1043.0,0.0,100.0,0.0,42.0,0.0
421010085003,68.0,612.0,0.0,0.0,0.0,0.0,0.0
421010085004,21.0,528.0,24.0,0.0,0.0,0.0,0.0
421010085007,96.0,1413.0,0.0,0.0,0.0,0.0,17.0
421010085001,27.0,444.0,0.0,0.0,0.0,0.0,0.0
421010096001,50.0,911.0,0.0,17.0,0.0,26.0,13.0
421010096003,0.0,807.0,0.0,0.0,0.0,0.0,21.0
421010096002,0.0,840.0,0.0,0.0,0.0,0.0,8.0
421010362032,901.0,57.0,0.0,0.0,0.0,25.0,45.0
421010362033,2453.0,0.0,0.0,97.0,0.0,0.0,12.0
421010364001,712.0,185.0,8.0,32.0,0.0,12.0,20.0
421010205001,95.0,1277.0,7.0,0.0,0.0,17.0,8.0
421010205002,111.0,811.0,0.0,92.0,0.0,0.0,87.0
421010218001,1499.0,328.0,0.0,0.0,29.0,39.0,9.0
421010218002,1207.0,682.0,0.0,49.0,0.0,0.0,46.0
421010219001,1292.0,49.0,0.0,26.0,0.0,37.0,24.0
421010248002,18.0,1238.0,0.0,0.0,0.0,0.0,0.0
421010241001,419.0,1041.0,0.0,6.0,0.0,23.0,90.0
421010248001,5.0,975.0,0.0,0.0,0.0,51.0,13.0
421010064001,10.0,814.0,0.0,166.0,0.0,89.0,7.0
421010064002,87.0,823.0,0.0,86.0,0.0,0.0,0.0
421010064003,150.0,1366.0,0.0,260.0,0.0,0.0,50.0
421010065006,26.0,975.0,0.0,9.0,0.0,0.0,14.0
421010065001,0.0,448.0,0.0,0.0,0.0,0.0,9.0
421010065003,0.0,846.0,0.0,41.0,0.0,0.0,0.0
421010065002,20.0,590.0,0.0,0.0,0.0,0.0,0.0
421010065004,0.0,999.0,0.0,0.0,0.0,0.0,0.0
421010065005,28.0,507.0,0.0,0.0,0.0,0.0,23.0
421010066004,139.0,840.0,0.0,182.0,0.0,0.0,13.0
421010066002,0.0,330.0,0.0,0.0,0.0,0.0,0.0
421010066001,82.0,831.0,0.0,0.0,0.0,0.0,30.0
421010066003,144.0,727.0,0.0,76.0,0.0,0.0,33.0
421010091002,214.0,310.0,0.0,274.0,0.0,0.0,17.0
421010074002,170.0,713.0,0.0,13.0,0.0,0.0,37.0
421010074001,214.0,438.0,0.0,48.0,0.0,0.0,45.0
421010074003,110.0,894.0,0.0,0.0,0.0,1.0,3.0
421010074004,47.0,1538.0,0.0,0.0,0.0,0.0,149.0
421010074005,9.0,316.0,0.0,26.0,0.0,15.0,0.0
421010255003,382.0,108.0,0.0,0.0,0.0,33.0,9.0
421010255002,260.0,707.0,0.0,33.0,0.0,24.0,52.0
421010255001,233.0,764.0,0.0,0.0,0.0,16.0,187.0
421010256002,347.0,425.0,0.0,13.0,0.0,0.0,17.0
421010256003,434.0,303.0,0.0,0.0,0.0,0.0,30.0
421010256001,594.0,454.0,7.0,0.0,0.0,10.0,0.0
421010263012,0.0,891.0,0.0,0.0,0.0,0.0,8.0
421010263014,0.0,796.0,0.0,0.0,0.0,0.0,0.0
421010263011,1.0,1246.0,0.0,1.0,0.0,0.0,59.0
421010263013,20.0,947.0,0.0,0.0,0.0,0.0,0.0
421010270002,97.0,1680.0,0.0,66.0,6.0,0.0,66.0
421010270001,158.0,495.0,0.0,256.0,0.0,16.0,0.0
421010247001,34.0,988.0,0.0,0.0,0.0,0.0,0.0
421010247004,22.0,629.0,0.0,0.0,0.0,0.0,273.0
421010247003,91.0,755.0,0.0,0.0,0.0,0.0,65.0
421019807001,0.0,0.0,0.0,0.0,0.0,0.0,0.0
421010027012,582.0,420.0,0.0,45.0,0.0,0.0,28.0
421010027011,751.0,24.0,0.0,241.0,0.0,15.0,28.0
421010027013,1028.0,443.0,0.0,755.0,0.0,0.0,54.0
421019806001,0.0,0.0,0.0,0.0,0.0,0.0,0.0
421010337012,1108.0,0.0,0.0,0.0,0.0,31.0,136.0
421010337013,2253.0,449.0,0.0,327.0,0.0,91.0,126.0
421010337011,939.0,573.0,0.0,71.0,0.0,23.0,36.0
421010279011,57.0,880.0,0.0,0.0,0.0,9.0,0.0
421010279013,0.0,563.0,0.0,0.0,0.0,0.0,0.0
421010279012,67.0,1214.0,0.0,0.0,0.0,10.0,0.0
421010279014,11.0,1326.0,0.0,22.0,0.0,22.0,109.0
421010279021,459.0,1229.0,0.0,0.0,0.0,7.0,28.0
421010279022,1181.0,1070.0,0.0,140.0,0.0,50.0,82.0
421010081012,10.0,721.0,0.0,0.0,0.0,10.0,47.0
421010081011,0.0,1156.0,0.0,0.0,0.0,0.0,85.0
421010081013,0.0,855.0,0.0,0.0,0.0,0.0,0.0
421010071022,48.0,1133.0,0.0,0.0,0.0,0.0,0.0
421010071023,39.0,620.0,32.0,0.0,0.0,0.0,15.0
421010071021,8.0,957.0,6.0,0.0,0.0,0.0,10.0
421010071024,79.0,624.0,0.0,0.0,0.0,174.0,0.0
421010071025,0.0,1184.0,0.0,0.0,0.0,0.0,15.0
421010088021,766.0,114.0,0.0,113.0,0.0,0.0,122.0
421010088022,213.0,505.0,0.0,542.0,0.0,52.0,22.0
421010088023,1997.0,447.0,0.0,454.0,0.0,50.0,37.0
421010088024,578.0,55.0,0.0,360.0,0.0,0.0,25.0
421010087021,734.0,204.0,4.0,645.0,0.0,0.0,15.0
421010087022,713.0,101.0,0.0,192.0,0.0,20.0,142.0
421010081024,49.0,2293.0,0.0,0.0,0.0,7.0,33.0
421010087011,892.0,24.0,0.0,207.0,0.0,0.0,37.0
421010087012,478.0,440.0,0.0,195.0,0.0,152.0,162.0
421010087013,824.0,404.0,0.0,373.0,0.0,0.0,168.0
421010081022,0.0,957.0,0.0,0.0,0.0,0.0,0.0
421010081021,0.0,792.0,0.0,0.0,0.0,0.0,0.0
421010081025,28.0,647.0,0.0,0.0,0.0,0.0,0.0
421010081023,0.0,957.0,0.0,0.0,0.0,0.0,0.0
421010086021,187.0,742.0,10.0,75.0,0.0,0.0,17.0
421010086022,157.0,677.0,0.0,7.0,0.0,17.0,7.0
421010145001,127.0,632.0,0.0,21.0,0.0,76.0,0.0
421010145002,103.0,660.0,0.0,7.0,0.0,46.0,99.0
421010165001,21.0,270.0,0.0,0.0,0.0,34.0,0.0
421010165003,279.0,881.0,10.0,92.0,0.0,577.0,0.0
421010165002,145.0,628.0,0.0,0.0,0.0,1.0,13.0
421010236001,329.0,114.0,0.0,10.0,0.0,0.0,19.0
421010236002,505.0,526.0,0.0,9.0,0.0,36.0,25.0
421010236003,496.0,234.0,0.0,18.0,0.0,8.0,27.0
421010242003,59.0,927.0,0.0,0.0,0.0,0.0,12.0
421010239002,240.0,134.0,0.0,76.0,0.0,0.0,17.0
421010239001,260.0,454.0,0.0,40.0,0.0,57.0,4.0
421010242002,32.0,665.0,0.0,0.0,0.0,16.0,0.0
421010242001,168.0,424.0,0.0,0.0,0.0,0.0,0.0
421010242004,66.0,800.0,0.0,0.0,0.0,79.0,22.0
421010245003,55.0,846.0,0.0,0.0,0.0,0.0,0.0
421010140003,226.0,646.0,0.0,238.0,0.0,106.0,70.0
421010140001,392.0,1121.0,0.0,21.0,0.0,88.0,0.0
421010140002,157.0,289.0,0.0,0.0,0.0,0.0,0.0
421010096005,7.0,735.0,12.0,0.0,0.0,0.0,0.0
421010096004,9.0,1150.0,0.0,9.0,0.0,58.0,0.0
421010118002,13.0,846.0,0.0,0.0,0.0,0.0,22.0
421010118006,0.0,413.0,0.0,0.0,0.0,0.0,0.0
421010118005,60.0,1025.0,0.0,64.0,0.0,42.0,32.0
421010118001,34.0,1066.0,0.0,0.0,0.0,60.0,0.0
421010118003,0.0,1782.0,0.0,0.0,0.0,0.0,0.0
421010118004,0.0,697.0,0.0,0.0,0.0,0.0,0.0
421010119002,0.0,1749.0,0.0,0.0,0.0,113.0,66.0
421010119005,0.0,481.0,0.0,0.0,0.0,0.0,0.0
421010119004,51.0,436.0,0.0,0.0,0.0,1.0,2.0
421010119001,6.0,866.0,0.0,0.0,0.0,0.0,0.0
421010119003,0.0,890.0,0.0,0.0,0.0,0.0,0.0
421010139002,25.0,859.0,11.0,0.0,0.0,70.0,40.0
421010139001,58.0,554.0,0.0,0.0,0.0,0.0,0.0
421010139003,505.0,427.0,0.0,7.0,0.0,28.0,19.0
421010092001,235.0,1506.0,7.0,61.0,23.0,8.0,58.0
421010092002,404.0,974.0,0.0,298.0,0.0,7.0,9.0
421010091003,253.0,1007.0,35.0,116.0,0.0,10.0,11.0
421010091001,379.0,62.0,0.0,208.0,0.0,16.0,65.0
421010103001,0.0,1501.0,0.0,0.0,0.0,12.0,53.0
421010103002,0.0,1023.0,0.0,39.0,0.0,136.0,0.0
421010105003,36.0,1733.0,28.0,0.0,0.0,39.0,58.0
421010105001,0.0,323.0,0.0,0.0,0.0,0.0,0.0
421010105002,147.0,2139.0,0.0,7.0,0.0,8.0,28.0
421010314023,823.0,527.0,0.0,1250.0,0.0,339.0,53.0
421010167011,35.0,685.0,0.0,34.0,0.0,0.0,58.0
421010167013,43.0,1438.0,0.0,0.0,0.0,0.0,9.0
421010167012,14.0,520.0,0.0,0.0,0.0,0.0,0.0
421010039014,465.0,123.0,0.0,551.0,0.0,0.0,138.0
421010020001,389.0,857.0,5.0,21.0,0.0,7.0,56.0
421010020002,145.0,632.0,0.0,11.0,0.0,9.0,22.0
421010039011,894.0,136.0,33.0,458.0,0.0,0.0,2.0
421010039012,1279.0,302.0,0.0,101.0,0.0,16.0,0.0
421010039013,1959.0,97.0,0.0,55.0,0.0,1.0,0.0
421010050001,0.0,0.0,0.0,0.0,0.0,0.0,0.0
421010054001,205.0,1133.0,0.0,128.0,0.0,36.0,53.0
421010276001,35.0,1210.0,0.0,0.0,0.0,0.0,20.0
421010016001,779.0,12.0,0.0,30.0,0.0,26.0,27.0
421010276003,25.0,935.0,0.0,0.0,0.0,0.0,9.0
421010276004,64.0,846.0,0.0,0.0,0.0,44.0,19.0
421010016002,1279.0,19.0,0.0,40.0,0.0,14.0,35.0
421010039021,1716.0,75.0,0.0,7.0,0.0,0.0,0.0
421010039024,2132.0,0.0,18.0,12.0,0.0,0.0,14.0
421010039022,745.0,0.0,0.0,13.0,0.0,0.0,67.0
421010306004,302.0,651.0,0.0,0.0,0.0,616.0,20.0
421010302002,476.0,859.0,0.0,40.0,0.0,481.0,0.0
421010302005,317.0,483.0,0.0,47.0,0.0,0.0,236.0
421010306006,584.0,208.0,0.0,9.0,0.0,0.0,0.0
421010306001,938.0,283.0,0.0,3.0,0.0,45.0,19.0
421010306003,172.0,105.0,0.0,214.0,0.0,176.0,0.0
421010306005,193.0,193.0,0.0,0.0,0.0,0.0,69.0
421010306007,788.0,248.0,31.0,355.0,0.0,314.0,204.0
421010306002,247.0,475.0,0.0,0.0,0.0,0.0,55.0
421010316001,655.0,0.0,0.0,107.0,0.0,0.0,55.0
421010316007,507.0,547.0,0.0,131.0,0.0,170.0,66.0
421010316005,1119.0,216.0,0.0,0.0,0.0,0.0,0.0
421010316002,544.0,174.0,0.0,246.0,0.0,0.0,0.0
421010316003,222.0,80.0,0.0,190.0,0.0,0.0,70.0
421010316004,750.0,118.0,0.0,79.0,0.0,41.0,0.0
421010015001,814.0,40.0,0.0,109.0,0.0,9.0,0.0
421010029001,1140.0,13.0,0.0,0.0,0.0,30.0,16.0
421010029003,1379.0,36.0,0.0,401.0,0.0,0.0,33.0
421010029002,764.0,12.0,0.0,0.0,0.0,231.0,17.0
421010015002,1107.0,459.0,53.0,298.0,0.0,9.0,31.0
421010037021,643.0,492.0,13.0,826.0,0.0,0.0,38.0
421010037023,136.0,627.0,0.0,60.0,0.0,23.0,78.0
421010037022,383.0,740.0,0.0,142.0,0.0,0.0,25.0
421010244003,45.0,799.0,18.0,0.0,0.0,0.0,0.0
421010106001,109.0,365.0,0.0,144.0,0.0,0.0,44.0
421010244002,73.0,1199.0,0.0,0.0,0.0,0.0,111.0
421010244001,160.0,586.0,0.0,0.0,0.0,0.0,2.0
421010246002,22.0,1247.0,0.0,0.0,0.0,60.0,30.0
421010246001,255.0,470.0,0.0,0.0,0.0,53.0,0.0
421010246003,51.0,766.0,0.0,0.0,0.0,0.0,26.0
421010249003,9.0,473.0,0.0,0.0,0.0,0.0,0.0
421010357011,1393.0,106.0,0.0,644.0,0.0,92.0,54.0
421010357012,934.0,431.0,0.0,1047.0,0.0,7.0,309.0
421010357021,982.0,19.0,0.0,502.0,0.0,94.0,18.0
421010357022,2104.0,61.0,0.0,150.0,0.0,0.0,101.0
421010356014,789.0,45.0,0.0,84.0,0.0,16.0,0.0
421010356012,1532.0,0.0,0.0,334.0,0.0,0.0,0.0
421010356013,808.0,5.0,0.0,0.0,0.0,0.0,39.0
421010356011,1695.0,74.0,8.0,334.0,0.0,0.0,49.0
421010151012,77.0,1163.0,0.0,0.0,0.0,0.0,3.0
421010151011,8.0,801.0,99.0,0.0,0.0,0.0,1.0
421010151021,88.0,1383.0,0.0,31.0,0.0,0.0,0.0
421010151023,68.0,483.0,0.0,71.0,0.0,0.0,0.0
421010151022,0.0,1218.0,0.0,0.0,0.0,0.0,74.0
421010365013,407.0,163.0,0.0,45.0,0.0,0.0,93.0
421010365012,1784.0,72.0,0.0,58.0,0.0,95.0,0.0
421010365011,2167.0,265.0,0.0,106.0,0.0,0.0,7.0
421019804001,0.0,0.0,0.0,0.0,0.0,0.0,0.0
421010134022,393.0,96.0,0.0,0.0,0.0,0.0,70.0
421010134021,755.0,39.0,0.0,37.0,0.0,13.0,0.0
421010134023,1342.0,62.0,9.0,55.0,0.0,9.0,33.0
421010134011,976.0,5.0,0.0,27.0,0.0,0.0,0.0
421010379003,679.0,0.0,0.0,22.0,0.0,53.0,0.0
421010134012,1112.0,54.0,0.0,45.0,0.0,34.0,23.0
421010136011,983.0,76.0,0.0,66.0,0.0,0.0,20.0
421010136012,1169.0,61.0,0.0,214.0,0.0,11.0,54.0
421010379005,571.0,0.0,0.0,0.0,0.0,0.0,0.0
421010379001,533.0,0.0,0.0,0.0,0.0,0.0,0.0
421010379004,943.0,1.0,0.0,0.0,0.0,0.0,0.0
421010379002,1163.0,0.0,0.0,0.0,0.0,0.0,0.0
421010379006,1064.0,0.0,0.0,11.0,0.0,0.0,0.0
421010381002,15.0,131.0,0.0,0.0,0.0,8.0,16.0
421010384002,860.0,135.0,0.0,10.0,0.0,7.0,34.0
421010384001,1265.0,130.0,0.0,5.0,0.0,28.0,0.0
421010028011,997.0,34.0,0.0,379.0,0.0,370.0,62.0
421010028013,686.0,171.0,0.0,615.0,0.0,7.0,44.0
421019805001,0.0,0.0,0.0,0.0,0.0,0.0,0.0
421010008011,1174.0,134.0,0.0,83.0,0.0,6.0,10.0
421010011012,893.0,138.0,0.0,82.0,0.0,23.0,86.0
421010011014,715.0,92.0,0.0,107.0,0.0,29.0,0.0
421010011011,416.0,64.0,0.0,103.0,0.0,0.0,13.0
421010011013,973.0,16.0,0.0,12.0,0.0,0.0,0.0
421010274022,116.0,372.0,0.0,8.0,0.0,8.0,0.0
421010274023,0.0,352.0,0.0,78.0,0.0,37.0,0.0
421010274021,235.0,747.0,0.0,806.0,0.0,432.0,0.0
421010274024,154.0,1324.0,0.0,678.0,0.0,139.0,29.0
421010274025,92.0,582.0,0.0,94.0,0.0,367.0,0.0
421010365021,2539.0,0.0,8.0,100.0,0.0,0.0,16.0
421010086012,1222.0,272.0,10.0,159.0,0.0,0.0,96.0
421010086011,401.0,583.0,16.0,213.0,0.0,19.0,42.0
421010365022,1109.0,22.0,0.0,44.0,0.0,168.0,20.0
421010367001,1538.0,75.0,9.0,44.0,0.0,0.0,33.0
421010367002,928.0,318.0,0.0,19.0,0.0,32.0,39.0
421010376002,1224.0,179.0,39.0,490.0,0.0,139.0,42.0
421010376001,189.0,431.0,0.0,223.0,0.0,59.0,36.0
421010386001,1149.0,170.0,5.0,32.0,0.0,5.0,29.0
421010385002,1011.0,131.0,0.0,78.0,0.0,2.0,76.0
421010385001,542.0,5.0,0.0,37.0,0.0,0.0,20.0
421010387002,1544.0,191.0,0.0,106.0,0.0,47.0,23.0
421010387001,483.0,61.0,0.0,72.0,0.0,0.0,68.0
421010388004,712.0,541.0,0.0,28.0,0.0,11.0,36.0
421010388002,923.0,59.0,10.0,34.0,0.0,15.0,17.0
421010388001,326.0,305.0,0.0,0.0,0.0,28.0,19.0
421010388003,325.0,299.0,0.0,24.0,0.0,10.0,61.0
421010060001,257.0,1559.0,0.0,64.0,0.0,0.0,117.0
421010060002,529.0,1015.0,0.0,168.0,0.0,0.0,44.0
421010060005,0.0,771.0,0.0,112.0,0.0,12.0,0.0
421010060004,265.0,778.0,0.0,0.0,0.0,0.0,0.0
421010060003,0.0,617.0,0.0,0.0,0.0,0.0,0.0
421010111002,19.0,302.0,0.0,4.0,0.0,0.0,19.0
421010111003,16.0,513.0,0.0,0.0,0.0,0.0,0.0
421010111001,92.0,462.0,0.0,0.0,0.0,0.0,0.0
421010111004,0.0,880.0,0.0,0.0,0.0,0.0,0.0
421010111005,17.0,806.0,0.0,9.0,0.0,0.0,0.0
421010082001,1.0,360.0,0.0,0.0,0.0,0.0,0.0
421010082006,0.0,1372.0,0.0,0.0,0.0,0.0,0.0
421010082002,13.0,1676.0,0.0,0.0,0.0,18.0,0.0
421010082004,14.0,423.0,0.0,0.0,0.0,0.0,0.0
421010082005,0.0,654.0,0.0,76.0,0.0,0.0,0.0
421010082003,17.0,1148.0,0.0,0.0,0.0,0.0,18.0
421010082007,0.0,755.0,0.0,0.0,0.0,0.0,55.0
421010083012,61.0,1728.0,0.0,0.0,0.0,8.0,37.0
421010083011,11.0,1709.0,10.0,51.0,0.0,109.0,0.0
421010083013,21.0,1309.0,0.0,12.0,0.0,0.0,53.0
421010083021,0.0,835.0,25.0,0.0,0.0,0.0,11.0
421010083022,8.0,1620.0,0.0,104.0,0.0,11.0,55.0
421010083023,95.0,796.0,0.0,0.0,0.0,0.0,15.0
421010083024,3.0,1056.0,0.0,0.0,0.0,0.0,23.0
421010249004,12.0,643.0,2.0,0.0,0.0,0.0,13.0
421010249002,0.0,263.0,0.0,0.0,0.0,0.0,0.0
421010249001,0.0,1300.0,0.0,0.0,0.0,0.0,0.0
421010258001,76.0,1497.0,7.0,25.0,0.0,0.0,15.0
421010265005,0.0,782.0,0.0,0.0,0.0,0.0,0.0
421010265001,63.0,537.0,0.0,0.0,0.0,0.0,7.0
421010265003,10.0,889.0,0.0,0.0,0.0,0.0,36.0
421010265004,14.0,739.0,0.0,0.0,0.0,0.0,8.0
421010265006,8.0,1610.0,0.0,0.0,0.0,0.0,42.0
421010265002,23.0,870.0,0.0,0.0,0.0,15.0,0.0
421010267002,14.0,109.0,0.0,0.0,0.0,0.0,12.0
421010267006,0.0,755.0,0.0,0.0,0.0,0.0,0.0
421010267007,0.0,772.0,0.0,0.0,0.0,0.0,0.0
421010267003,1.0,1220.0,0.0,0.0,0.0,0.0,16.0
421010267004,37.0,1092.0,0.0,0.0,0.0,0.0,0.0
421010267005,0.0,1935.0,0.0,0.0,0.0,0.0,0.0
421010267001,0.0,717.0,0.0,0.0,0.0,0.0,0.0
421010190003,508.0,772.0,0.0,0.0,0.0,529.0,101.0
421010183004,712.0,0.0,0.0,0.0,0.0,29.0,0.0
421010190004,453.0,209.0,0.0,75.0,0.0,282.0,173.0
421010190001,609.0,156.0,0.0,78.0,0.0,611.0,114.0
421010190002,779.0,161.0,0.0,172.0,0.0,631.0,14.0
421010190005,600.0,375.0,0.0,27.0,0.0,531.0,260.0
421010206001,824.0,481.0,0.0,184.0,0.0,57.0,31.0
421010215003,714.0,10.0,0.0,0.0,0.0,0.0,10.0
421010215001,776.0,30.0,0.0,0.0,0.0,0.0,0.0
421010215002,1015.0,41.0,11.0,14.0,0.0,30.0,69.0
421010215004,742.0,50.0,0.0,211.0,0.0,0.0,132.0
421010216001,918.0,47.0,0.0,11.0,0.0,0.0,13.0
421010216002,818.0,337.0,0.0,68.0,0.0,46.0,110.0
421010220001,1321.0,249.0,0.0,48.0,0.0,0.0,5.0
421010002001,698.0,142.0,16.0,1626.0,0.0,52.0,149.0
421010006001,971.0,86.0,0.0,126.0,0.0,22.0,2.0
421010078001,395.0,486.0,0.0,40.0,0.0,0.0,56.0
421010078002,218.0,124.0,0.0,18.0,0.0,0.0,28.0
421010093002,13.0,816.0,0.0,0.0,0.0,0.0,36.0
421010093001,0.0,539.0,0.0,0.0,0.0,0.0,0.0
421010093004,0.0,779.0,0.0,0.0,0.0,0.0,0.0
421010093003,18.0,704.0,0.0,0.0,0.0,0.0,0.0
421010093005,6.0,1330.0,0.0,0.0,0.0,0.0,16.0
421010321002,743.0,256.0,0.0,112.0,0.0,0.0,16.0
421010321001,1015.0,349.0,0.0,0.0,0.0,469.0,30.0
421010321003,849.0,139.0,0.0,62.0,0.0,100.0,8.0
421010214001,612.0,235.0,0.0,5.0,0.0,0.0,9.0
421010214005,728.0,0.0,29.0,0.0,0.0,0.0,64.0
421010214004,939.0,51.0,0.0,12.0,0.0,0.0,8.0
421010214002,694.0,187.0,0.0,13.0,0.0,0.0,9.0
421010214003,687.0,42.0,0.0,6.0,0.0,0.0,19.0
421010349003,934.0,25.0,0.0,21.0,0.0,57.0,53.0
421010317004,459.0,450.0,0.0,39.0,0.0,284.0,142.0
421010317003,174.0,253.0,0.0,46.0,0.0,43.0,309.0
421010317005,395.0,227.0,0.0,0.0,0.0,139.0,12.0
421010317001,637.0,434.0,0.0,128.0,0.0,138.0,105.0
421010317002,695.0,926.0,0.0,14.0,0.0,131.0,0.0
421010318003,153.0,374.0,0.0,0.0,0.0,0.0,0.0
421010318002,500.0,695.0,0.0,37.0,0.0,268.0,23.0
421010318004,298.0,492.0,0.0,0.0,0.0,132.0,0.0
421010318001,503.0,257.0,0.0,65.0,0.0,183.0,50.0
421010323001,235.0,226.0,0.0,0.0,0.0,73.0,0.0
421010323003,964.0,489.0,0.0,0.0,0.0,107.0,18.0
421010323002,785.0,452.0,0.0,0.0,0.0,0.0,9.0
421010334001,699.0,16.0,0.0,142.0,0.0,0.0,10.0
421010334004,797.0,532.0,0.0,573.0,0.0,0.0,10.0
421010334002,1011.0,185.0,0.0,287.0,0.0,11.0,0.0
421010334003,596.0,237.0,0.0,291.0,0.0,174.0,19.0
421010339001,759.0,202.0,0.0,81.0,0.0,54.0,38.0
421010339002,935.0,345.0,0.0,309.0,0.0,31.0,25.0
421010339003,526.0,13.0,0.0,26.0,0.0,13.0,10.0
421010361002,533.0,4.0,0.0,0.0,0.0,0.0,7.0
421010109003,327.0,707.0,7.0,68.0,0.0,4.0,4.0
421010102001,0.0,708.0,0.0,0.0,0.0,0.0,0.0
421010102002,0.0,1142.0,0.0,0.0,0.0,0.0,9.0
421010102003,0.0,1412.0,0.0,0.0,0.0,25.0,15.0
421010109002,91.0,287.0,0.0,18.0,0.0,0.0,13.0
421010109001,60.0,1175.0,0.0,8.0,0.0,0.0,67.0
421010069003,36.0,687.0,0.0,0.0,0.0,0.0,0.0
421010077002,324.0,285.0,0.0,117.0,0.0,12.0,33.0
421010077001,624.0,222.0,0.0,313.0,0.0,31.0,59.0
421010110004,0.0,1447.0,0.0,0.0,0.0,28.0,42.0
421010110002,84.0,686.0,0.0,0.0,0.0,0.0,0.0
421010110003,55.0,847.0,10.0,0.0,0.0,14.0,19.0
421010110001,16.0,523.0,0.0,66.0,18.0,0.0,33.0
421010112004,0.0,1258.0,0.0,0.0,0.0,0.0,0.0
421010112003,0.0,1029.0,0.0,0.0,0.0,0.0,0.0
421010112007,0.0,371.0,0.0,0.0,0.0,0.0,0.0
421010112002,109.0,670.0,0.0,0.0,0.0,0.0,16.0
421010112005,14.0,787.0,0.0,0.0,0.0,0.0,13.0
421010112001,10.0,1030.0,0.0,0.0,0.0,62.0,0.0
421010112006,0.0,578.0,0.0,0.0,0.0,0.0,12.0
421010041021,963.0,651.0,0.0,1208.0,0.0,146.0,464.0
421010041023,746.0,107.0,0.0,82.0,14.0,0.0,81.0
421010041022,879.0,436.0,0.0,1603.0,0.0,527.0,80.0
421010041024,778.0,110.0,0.0,589.0,0.0,26.0,19.0
421010014003,1059.0,719.0,0.0,226.0,0.0,72.0,13.0
421010363021,872.0,531.0,0.0,64.0,99.0,0.0,85.0
421010363022,1495.0,277.0,0.0,42.0,0.0,36.0,16.0
421010063002,185.0,425.0,0.0,376.0,0.0,97.0,48.0
421010142001,793.0,228.0,0.0,17.0,0.0,0.0,27.0
421010142002,2509.0,246.0,0.0,316.0,0.0,118.0,133.0
421010037012,276.0,589.0,0.0,300.0,0.0,0.0,0.0
421010037011,222.0,238.0,0.0,57.0,0.0,0.0,2.0
421010037014,0.0,687.0,7.0,115.0,0.0,176.0,11.0
421010037015,13.0,631.0,0.0,109.0,0.0,0.0,0.0
421010037013,496.0,1987.0,0.0,88.0,0.0,0.0,39.0
421010287001,524.0,294.0,30.0,65.0,0.0,545.0,107.0
421010287002,265.0,338.0,0.0,0.0,0.0,222.0,36.0
421010291004,187.0,278.0,0.0,293.0,0.0,0.0,60.0
421010291001,79.0,285.0,0.0,107.0,0.0,219.0,0.0
421010291003,264.0,86.0,12.0,597.0,0.0,395.0,34.0
421010291002,228.0,1246.0,0.0,194.0,0.0,439.0,23.0
421010135002,458.0,62.0,0.0,0.0,0.0,0.0,0.0
421010135004,676.0,937.0,0.0,34.0,0.0,373.0,15.0
421010135001,534.0,0.0,0.0,0.0,0.0,0.0,17.0
421010135003,609.0,28.0,0.0,130.0,0.0,0.0,21.0
421010143002,611.0,19.0,0.0,72.0,0.0,0.0,49.0
421010143001,821.0,5.0,0.0,83.0,0.0,33.0,25.0
421010146001,1384.0,776.0,0.0,330.0,0.0,18.0,87.0
421010146003,32.0,684.0,0.0,49.0,0.0,0.0,36.0
421010146002,85.0,663.0,0.0,20.0,0.0,1.0,0.0
421010149003,19.0,533.0,0.0,0.0,0.0,0.0,8.0
421010148001,18.0,940.0,0.0,0.0,0.0,2.0,7.0
421010149005,89.0,409.0,0.0,0.0,0.0,0.0,0.0
421010149006,17.0,608.0,0.0,0.0,0.0,0.0,0.0
421010149002,0.0,380.0,0.0,0.0,0.0,33.0,17.0
421010149004,76.0,316.0,0.0,0.0,0.0,0.0,0.0
421010191004,1333.0,248.0,0.0,171.0,0.0,669.0,0.0
421010284004,49.0,472.0,0.0,0.0,0.0,0.0,0.0
421010191006,311.0,107.0,0.0,0.0,0.0,0.0,0.0
421010191003,530.0,289.0,0.0,477.0,0.0,422.0,0.0
421010191005,758.0,762.0,0.0,293.0,0.0,357.0,19.0
421010192006,239.0,41.0,0.0,0.0,0.0,291.0,91.0
421010192005,673.0,160.0,49.0,0.0,0.0,120.0,0.0
421010192004,770.0,644.0,0.0,0.0,16.0,662.0,267.0
421010192003,1719.0,395.0,0.0,0.0,0.0,528.0,0.0
421010192001,179.0,170.0,0.0,0.0,0.0,234.0,0.0
421010192002,904.0,321.0,0.0,134.0,0.0,292.0,0.0
421010017001,1040.0,161.0,0.0,0.0,0.0,55.0,33.0
421010017002,1376.0,78.0,0.0,18.0,0.0,55.0,140.0
421010025002,835.0,96.0,0.0,16.0,0.0,0.0,0.0
421010025004,556.0,272.0,0.0,125.0,0.0,66.0,50.0
421010025003,297.0,124.0,0.0,102.0,0.0,0.0,13.0
421010268001,121.0,1253.0,0.0,32.0,0.0,0.0,278.0
421010268002,0.0,660.0,0.0,278.0,0.0,0.0,0.0
421010268004,151.0,1066.0,0.0,16.0,0.0,0.0,13.0
