fips,for_rent,rented_unoccupied,for_sale,sold_unoccupied,seasonal,migrant_workers,other_vacant
1,2838344.0,620294.0,1346331.0,650264.0,5462087.0,35846.0,5614477.0
42,97964.0,23439.0,58693.0,29543.0,175834.0,607.0,260077.0
42101,21825.0,4225.0,7365.0,5343.0,3259.0,59.0,46520.0
42101024400,62.0,22.0,0.0,22.0,0.0,0.0,177.0
42101035900,0.0,0.0,0.0,0.0,35.0,0.0,41.0
42101036201,18.0,0.0,59.0,0.0,0.0,0.0,110.0
42101036202,0.0,0.0,0.0,0.0,0.0,0.0,106.0
42101010600,16.0,16.0,0.0,0.0,0.0,0.0,195.0
42101024600,67.0,0.0,23.0,0.0,0.0,0.0,271.0
42101024900,58.0,0.0,43.0,0.0,0.0,0.0,209.0
42101025800,16.0,0.0,0.0,0.0,0.0,0.0,59.0
42101026500,30.0,0.0,0.0,0.0,22.0,0.0,221.0
42101026700,31.0,0.0,30.0,0.0,0.0,0.0,300.0
42101034000,0.0,0.0,0.0,29.0,0.0,0.0,54.0
42101026800,16.0,29.0,0.0,0.0,20.0,0.0,164.0
42101031900,119.0,0.0,27.0,0.0,0.0,0.0,49.0
42101033000,81.0,0.0,45.0,0.0,0.0,0.0,86.0
42101034600,39.0,0.0,21.0,0.0,0.0,0.0,8.0
42101034801,24.0,9.0,53.0,0.0,0.0,0.0,26.0
42101006100,60.0,0.0,21.0,21.0,0.0,0.0,54.0
42101008400,104.0,0.0,62.0,63.0,0.0,0.0,246.0
42101009000,60.0,0.0,0.0,0.0,0.0,0.0,83.0
42101010200,90.0,22.0,0.0,39.0,0.0,0.0,69.0
42101010900,68.0,0.0,0.0,18.0,34.0,0.0,97.0
42101014200,89.0,0.0,0.0,33.0,14.0,0.0,32.0
42101016100,41.0,0.0,0.0,0.0,58.0,0.0,150.0
42101016901,37.0,0.0,36.0,20.0,0.0,0.0,375.0
42101017400,78.0,0.0,0.0,0.0,0.0,0.0,170.0
42101025900,68.0,0.0,36.0,0.0,0.0,0.0,146.0
42101029000,0.0,0.0,26.0,0.0,0.0,0.0,34.0
42101030100,189.0,0.0,38.0,0.0,0.0,0.0,127.0
42101013700,109.0,0.0,0.0,80.0,0.0,0.0,528.0
42101011500,0.0,0.0,0.0,31.0,0.0,0.0,104.0
42101012000,17.0,0.0,10.0,0.0,0.0,0.0,70.0
42101012100,89.0,0.0,0.0,0.0,0.0,0.0,19.0
42101016600,59.0,15.0,0.0,0.0,4.0,0.0,9.0
42101017602,29.0,0.0,0.0,0.0,0.0,0.0,96.0
42101017300,66.0,0.0,22.0,0.0,0.0,0.0,216.0
42101017500,0.0,0.0,47.0,28.0,0.0,0.0,303.0
42101025300,128.0,37.0,8.0,24.0,0.0,0.0,275.0
42101023800,219.0,31.0,67.0,67.0,0.0,0.0,197.0
42101025200,68.0,0.0,0.0,0.0,31.0,0.0,457.0
42101026200,0.0,0.0,39.0,0.0,32.0,0.0,155.0
42101027300,84.0,0.0,0.0,0.0,24.0,0.0,77.0
42101028400,16.0,0.0,22.0,0.0,0.0,0.0,142.0
42101028600,29.0,0.0,0.0,0.0,0.0,0.0,234.0
42101000100,83.0,65.0,0.0,150.0,13.0,0.0,0.0
42101001300,133.0,0.0,59.0,45.0,17.0,0.0,46.0
42101030700,74.0,0.0,0.0,0.0,0.0,0.0,102.0
42101031200,73.0,26.0,0.0,0.0,27.0,0.0,50.0
42101023100,42.0,0.0,5.0,0.0,0.0,0.0,17.0
42101023500,0.0,0.0,12.0,0.0,0.0,0.0,5.0
42101004001,29.0,0.0,0.0,18.0,16.0,0.0,126.0
42101001900,31.0,28.0,22.0,62.0,0.0,0.0,39.0
42101003100,42.0,0.0,0.0,86.0,25.0,0.0,297.0
42101003200,81.0,43.0,57.0,49.0,0.0,0.0,569.0
42101006200,67.0,16.0,0.0,0.0,0.0,0.0,40.0
42101007200,141.0,0.0,32.0,11.0,0.0,0.0,127.0
42101007400,146.0,0.0,0.0,0.0,0.0,0.0,248.0
42101009200,84.0,15.0,0.0,0.0,9.0,0.0,190.0
42101016400,21.0,23.0,0.0,0.0,0.0,0.0,254.0
42101031502,30.0,0.0,0.0,50.0,38.0,0.0,107.0
42101031401,33.0,0.0,0.0,96.0,34.0,0.0,31.0
42101033701,128.0,0.0,0.0,0.0,0.0,0.0,0.0
42101033702,6.0,28.0,12.0,0.0,0.0,0.0,10.0
42101027901,33.0,0.0,18.0,0.0,0.0,0.0,227.0
42101031402,38.0,0.0,12.0,0.0,0.0,0.0,70.0
42101016701,36.0,17.0,0.0,0.0,0.0,0.0,414.0
42101016702,54.0,0.0,9.0,0.0,0.0,0.0,379.0
42101027902,11.0,0.0,0.0,11.0,16.0,0.0,140.0
42101008101,0.0,0.0,68.0,0.0,0.0,0.0,184.0
42101980300,0.0,0.0,0.0,0.0,0.0,0.0,0.0
42101036900,37.0,42.0,0.0,0.0,20.0,0.0,0.0
42101037300,67.0,0.0,23.0,0.0,15.0,0.0,0.0
42101037200,0.0,26.0,0.0,25.0,0.0,0.0,46.0
42101038300,33.0,0.0,0.0,0.0,0.0,0.0,129.0
42101039000,85.0,0.0,69.0,0.0,0.0,0.0,70.0
42101037800,31.0,29.0,0.0,0.0,33.0,0.0,45.0
42101037700,261.0,70.0,48.0,24.0,0.0,0.0,102.0
42101008701,42.0,31.0,0.0,60.0,0.0,0.0,0.0
42101008102,0.0,11.0,0.0,63.0,0.0,0.0,279.0
42101008602,85.0,19.0,40.0,21.0,21.0,0.0,88.0
42101037500,51.0,10.0,0.0,0.0,25.0,0.0,23.0
42101980800,0.0,0.0,0.0,0.0,0.0,0.0,0.0
42101018002,38.0,0.0,0.0,0.0,42.0,0.0,84.0
42101008801,12.0,12.0,0.0,0.0,0.0,0.0,12.0
42101980100,0.0,0.0,0.0,0.0,0.0,0.0,0.0
42101007102,62.0,0.0,24.0,45.0,0.0,0.0,212.0
42101008802,90.0,60.0,0.0,9.0,0.0,0.0,78.0
42101008702,76.0,21.0,0.0,20.0,0.0,0.0,63.0
42101012201,237.0,35.0,0.0,0.0,0.0,0.0,33.0
42101009801,22.0,4.0,0.0,18.0,0.0,0.0,65.0
42101007101,15.0,36.0,21.0,0.0,0.0,0.0,217.0
42101002801,35.0,20.0,82.0,0.0,8.0,0.0,137.0
42101980500,0.0,0.0,0.0,0.0,0.0,0.0,0.0
42101000801,20.0,50.0,39.0,28.0,63.0,0.0,0.0
42101001101,117.0,34.0,91.0,0.0,91.0,0.0,15.0
42101027402,80.0,0.0,26.0,0.0,0.0,0.0,112.0
42101008601,63.0,22.0,0.0,0.0,0.0,0.0,89.0
42101036502,0.0,0.0,0.0,40.0,0.0,0.0,0.0
42101036700,30.0,16.0,0.0,32.0,31.0,0.0,65.0
42101037600,61.0,25.0,0.0,14.0,0.0,0.0,0.0
42101038600,0.0,0.0,0.0,0.0,6.0,0.0,0.0
42101038900,83.0,27.0,0.0,0.0,0.0,0.0,0.0
42101038500,14.0,14.0,0.0,0.0,14.0,0.0,22.0
42101038700,16.0,0.0,0.0,16.0,0.0,0.0,9.0
42101038800,80.0,0.0,0.0,0.0,8.0,0.0,118.0
42101980000,0.0,0.0,0.0,0.0,0.0,0.0,0.0
42101010000,164.0,0.0,18.0,0.0,30.0,0.0,117.0
42101010100,39.0,0.0,41.0,127.0,0.0,0.0,136.0
42101010700,142.0,54.0,0.0,20.0,0.0,0.0,287.0
42101013300,102.0,0.0,44.0,20.0,0.0,0.0,186.0
42101013500,91.0,0.0,17.0,24.0,0.0,0.0,22.0
42101014300,0.0,25.0,5.0,21.0,14.0,0.0,65.0
42101014600,25.0,11.0,0.0,0.0,0.0,0.0,25.0
42101016902,23.0,0.0,26.0,26.0,0.0,0.0,955.0
42101017100,38.0,0.0,22.0,0.0,0.0,0.0,230.0
42101000700,93.0,91.0,36.0,37.0,140.0,0.0,0.0
42101001800,49.0,0.0,49.0,32.0,0.0,0.0,16.0
42101002100,85.0,26.0,17.0,0.0,53.0,0.0,63.0
42101025700,24.0,24.0,8.0,0.0,0.0,0.0,24.0
42101021100,78.0,0.0,0.0,0.0,0.0,0.0,23.0
42101026100,23.0,0.0,24.0,0.0,0.0,0.0,98.0
42101027200,21.0,0.0,0.0,0.0,0.0,0.0,56.0
42101027500,0.0,0.0,5.0,0.0,0.0,0.0,102.0
42101028000,75.0,25.0,0.0,0.0,0.0,0.0,141.0
42101029400,73.0,19.0,20.0,0.0,20.0,0.0,171.0
42101030000,79.0,0.0,91.0,0.0,103.0,0.0,433.0
42101018800,108.0,0.0,14.0,0.0,35.0,0.0,356.0
42101019100,0.0,0.0,44.0,0.0,0.0,0.0,104.0
42101019200,28.0,0.0,29.0,29.0,28.0,0.0,429.0
42101001700,51.0,0.0,0.0,50.0,0.0,0.0,0.0
42101002500,101.0,18.0,22.0,0.0,15.0,0.0,72.0
42101003300,28.0,34.0,31.0,103.0,0.0,0.0,214.0
42101004002,17.0,53.0,0.0,13.0,0.0,0.0,146.0
42101004201,20.0,22.0,82.0,0.0,0.0,59.0,0.0
42101005600,61.0,17.0,0.0,15.0,5.0,0.0,0.0
42101006700,40.0,0.0,0.0,36.0,19.0,0.0,381.0
42101007000,122.0,0.0,45.0,0.0,0.0,0.0,206.0
42101008000,32.0,28.0,28.0,0.0,10.0,0.0,379.0
42101028800,58.0,33.0,36.0,14.0,0.0,0.0,118.0
42101029800,17.0,0.0,56.0,0.0,0.0,0.0,14.0
42101030900,49.0,17.0,0.0,0.0,27.0,0.0,50.0
42101032000,152.0,0.0,39.0,0.0,0.0,0.0,52.0
42101034200,165.0,0.0,0.0,0.0,0.0,0.0,0.0
42101001500,24.0,23.0,23.0,0.0,8.0,0.0,49.0
42101002900,0.0,80.0,109.0,79.0,17.0,0.0,61.0
42101003702,20.0,0.0,75.0,0.0,0.0,0.0,43.0
42101014000,78.0,0.0,21.0,0.0,32.0,0.0,220.0
42101014100,63.0,0.0,0.0,0.0,0.0,0.0,32.0
42101014400,55.0,6.0,54.0,19.0,0.0,0.0,140.0
42101015200,0.0,0.0,0.0,0.0,0.0,0.0,540.0
42101015300,141.0,18.0,15.0,32.0,15.0,0.0,389.0
42101015700,76.0,0.0,41.0,22.0,11.0,0.0,109.0
42101016000,23.0,0.0,109.0,0.0,39.0,0.0,277.0
42101016800,38.0,0.0,18.0,0.0,0.0,0.0,338.0
42101020200,65.0,39.0,71.0,0.0,30.0,0.0,341.0
42101020300,48.0,0.0,15.0,15.0,0.0,0.0,296.0
42101020800,159.0,26.0,0.0,0.0,32.0,0.0,37.0
42101020900,120.0,0.0,8.0,7.0,0.0,0.0,37.0
42101020700,139.0,0.0,0.0,0.0,0.0,0.0,50.0
42101018400,14.0,0.0,0.0,16.0,14.0,0.0,13.0
42101014800,38.0,0.0,0.0,0.0,0.0,0.0,46.0
42101014900,26.0,50.0,9.0,0.0,0.0,0.0,461.0
42101011300,22.0,0.0,0.0,0.0,0.0,0.0,221.0
42101011400,35.0,35.0,0.0,0.0,0.0,0.0,225.0
42101011700,23.0,0.0,10.0,0.0,0.0,0.0,8.0
42101013100,106.0,26.0,0.0,13.0,0.0,0.0,0.0
42101013800,0.0,12.0,0.0,0.0,0.0,0.0,268.0
42101016200,21.0,0.0,0.0,0.0,0.0,0.0,74.0
42101017900,41.0,41.0,0.0,0.0,0.0,0.0,200.0
42101018300,20.0,0.0,30.0,0.0,0.0,0.0,157.0
42101019000,95.0,0.0,15.0,0.0,0.0,0.0,36.0
42101020600,137.0,0.0,0.0,9.0,0.0,0.0,60.0
42101021500,156.0,27.0,0.0,0.0,0.0,0.0,25.0
42101021600,35.0,0.0,0.0,18.0,0.0,0.0,0.0
42101022000,32.0,19.0,0.0,18.0,0.0,0.0,0.0
42101000200,33.0,0.0,76.0,0.0,9.0,0.0,0.0
42101000600,82.0,28.0,5.0,0.0,16.0,0.0,0.0
42101002200,120.0,42.0,8.0,20.0,0.0,0.0,81.0
42101002300,0.0,24.0,0.0,46.0,0.0,0.0,56.0
42101004101,106.0,30.0,0.0,90.0,27.0,0.0,120.0
42101004202,0.0,29.0,27.0,76.0,0.0,0.0,52.0
42101005500,0.0,41.0,40.0,0.0,0.0,0.0,75.0
42101006900,42.0,0.0,0.0,0.0,0.0,0.0,120.0
42101007700,66.0,10.0,0.0,0.0,10.0,0.0,82.0
42101011000,171.0,57.0,27.0,0.0,0.0,0.0,379.0
42101011200,65.0,0.0,0.0,0.0,0.0,0.0,444.0
42101004102,31.0,63.0,134.0,0.0,0.0,0.0,160.0
42101015800,0.0,0.0,18.0,104.0,0.0,0.0,112.0
42101009400,78.0,0.0,0.0,12.0,0.0,0.0,142.0
42101009500,67.0,0.0,0.0,0.0,0.0,0.0,329.0
42101036301,0.0,0.0,27.0,0.0,0.0,0.0,48.0
42101035302,27.0,0.0,0.0,0.0,0.0,0.0,35.0
42101035500,51.0,0.0,0.0,0.0,47.0,0.0,35.0
42101036203,50.0,27.0,23.0,0.0,0.0,0.0,9.0
42101036400,0.0,0.0,0.0,0.0,0.0,0.0,0.0
42101020500,75.0,0.0,0.0,0.0,0.0,0.0,172.0
42101021800,164.0,0.0,0.0,0.0,0.0,0.0,0.0
42101021900,15.0,0.0,18.0,15.0,0.0,0.0,24.0
42101025500,0.0,0.0,28.0,0.0,0.0,0.0,68.0
42101025600,26.0,0.0,0.0,0.0,26.0,0.0,41.0
42101026301,14.0,0.0,0.0,0.0,0.0,0.0,139.0
42101027000,54.0,0.0,0.0,11.0,0.0,0.0,13.0
42101024700,53.0,0.0,0.0,39.0,0.0,0.0,325.0
42101003800,0.0,0.0,37.0,0.0,0.0,0.0,106.0
42101012500,280.0,18.0,0.0,0.0,57.0,0.0,0.0
42101021000,86.0,0.0,79.0,0.0,0.0,0.0,207.0
42101034702,0.0,0.0,0.0,0.0,0.0,0.0,35.0
42101026600,75.0,0.0,0.0,15.0,0.0,0.0,407.0
42101010400,9.0,0.0,28.0,0.0,0.0,0.0,169.0
42101013200,27.0,0.0,0.0,29.0,0.0,0.0,118.0
42101017601,39.0,19.0,0.0,0.0,0.0,0.0,198.0
42101003600,108.0,0.0,25.0,0.0,0.0,0.0,54.0
42101017000,25.0,35.0,0.0,0.0,0.0,0.0,51.0
42101024300,112.0,16.0,28.0,62.0,0.0,0.0,236.0
42101027600,84.0,48.0,36.0,11.0,18.0,0.0,172.0
42101001600,34.0,0.0,44.0,67.0,0.0,0.0,46.0
42101003902,71.0,0.0,71.0,0.0,0.0,0.0,105.0
42101007800,143.0,0.0,0.0,0.0,0.0,0.0,123.0
42101009300,125.0,0.0,48.0,0.0,0.0,0.0,518.0
42101032100,42.0,0.0,22.0,25.0,0.0,0.0,82.0
42101021400,187.0,0.0,0.0,0.0,0.0,0.0,67.0
42101034900,75.0,0.0,41.0,0.0,0.0,0.0,61.0
42101026900,13.0,13.0,13.0,12.0,0.0,0.0,39.0
42101029200,0.0,11.0,0.0,28.0,0.0,0.0,121.0
42101031300,124.0,0.0,25.0,0.0,0.0,0.0,93.0
42101032500,101.0,0.0,110.0,49.0,0.0,0.0,49.0
42101001400,102.0,12.0,0.0,67.0,33.0,0.0,69.0
42101036302,63.0,38.0,20.0,0.0,0.0,0.0,31.0
42101020102,133.0,0.0,0.0,0.0,0.0,0.0,364.0
42101031101,16.0,19.0,0.0,15.0,0.0,0.0,82.0
42101031102,0.0,0.0,0.0,0.0,18.0,0.0,72.0
42101019502,88.0,0.0,0.0,21.0,0.0,0.0,182.0
42101019501,46.0,31.0,0.0,13.0,0.0,0.0,110.0
42101028901,0.0,0.0,51.0,0.0,0.0,0.0,65.0
42101028902,45.0,0.0,58.0,0.0,0.0,0.0,45.0
42101033101,74.0,0.0,20.0,27.0,0.0,0.0,72.0
42101033102,100.0,0.0,0.0,0.0,0.0,0.0,74.0
42101031501,80.0,0.0,22.0,0.0,0.0,0.0,199.0
42101030501,17.0,47.0,18.0,0.0,0.0,0.0,44.0
42101030502,20.0,0.0,18.0,0.0,8.0,0.0,94.0
42101009802,81.0,0.0,82.0,40.0,0.0,0.0,0.0
42101035602,27.0,0.0,31.0,0.0,0.0,0.0,0.0
42101018001,0.0,0.0,15.0,0.0,0.0,0.0,46.0
42101017702,106.0,0.0,0.0,0.0,16.0,0.0,234.0
42101017701,32.0,21.0,0.0,0.0,0.0,0.0,265.0
42101035701,40.0,0.0,0.0,0.0,0.0,0.0,0.0
42101035702,23.0,0.0,0.0,23.0,10.0,0.0,144.0
42101035601,85.0,0.0,87.0,0.0,0.0,0.0,0.0
42101015101,0.0,0.0,52.0,13.0,0.0,0.0,270.0
42101015102,108.0,0.0,0.0,0.0,0.0,0.0,498.0
42101036501,38.0,0.0,12.0,0.0,0.0,0.0,37.0
42101980400,0.0,0.0,0.0,0.0,0.0,0.0,0.0
42101013402,46.0,0.0,0.0,0.0,8.0,0.0,51.0
42101013401,32.0,0.0,0.0,0.0,66.0,0.0,31.0
42101038000,17.0,0.0,8.0,0.0,4.0,0.0,122.0
42101013601,30.0,29.0,0.0,0.0,13.0,0.0,29.0
42101037900,37.0,0.0,37.0,44.0,0.0,0.0,137.0
42101038200,14.0,0.0,19.0,0.0,13.0,0.0,93.0
42101038100,0.0,0.0,0.0,0.0,0.0,0.0,12.0
42101038400,0.0,0.0,0.0,16.0,0.0,0.0,0.0
42101001002,0.0,0.0,72.0,85.0,94.0,0.0,0.0
42101001001,0.0,30.0,0.0,37.0,39.0,0.0,10.0
42101000402,175.0,0.0,93.0,0.0,207.0,0.0,65.0
42101000401,200.0,0.0,9.0,59.0,28.0,0.0,0.0
42101012204,66.0,19.0,0.0,19.0,0.0,0.0,82.0
42101012203,92.0,0.0,0.0,0.0,0.0,0.0,371.0
42101013602,58.0,0.0,0.0,58.0,0.0,0.0,30.0
42101034501,24.0,0.0,0.0,0.0,0.0,0.0,34.0
42101034502,43.0,59.0,0.0,0.0,0.0,0.0,35.0
42101001102,83.0,51.0,0.0,25.0,0.0,0.0,0.0
42101000902,40.0,42.0,31.0,20.0,0.0,0.0,0.0
42101000901,134.0,26.0,0.0,51.0,45.0,0.0,0.0
42101017201,31.0,0.0,20.0,0.0,0.0,0.0,355.0
42101017202,0.0,0.0,0.0,0.0,0.0,0.0,518.0
42101027401,53.0,0.0,0.0,0.0,0.0,0.0,39.0
42101020101,99.0,0.0,23.0,0.0,0.0,0.0,286.0
42101989100,0.0,0.0,0.0,0.0,0.0,0.0,0.0
42101980200,0.0,0.0,0.0,0.0,0.0,0.0,0.0
42101000804,334.0,41.0,41.0,0.0,128.0,0.0,0.0
42101001202,180.0,0.0,0.0,45.0,14.0,0.0,0.0
42101001201,0.0,17.0,29.0,0.0,46.0,0.0,34.0
42101000803,52.0,42.0,0.0,42.0,130.0,0.0,35.0
42101980900,0.0,0.0,0.0,0.0,0.0,0.0,0.0
42101002702,23.0,0.0,21.0,20.0,9.0,0.0,62.0
42101003002,0.0,0.0,91.0,22.0,0.0,0.0,228.0
42101003001,32.0,0.0,49.0,0.0,0.0,0.0,278.0
42101002802,54.0,32.0,0.0,99.0,0.0,0.0,99.0
42101980700,0.0,0.0,0.0,0.0,0.0,0.0,0.0
42101002701,17.0,17.0,99.0,11.0,0.0,0.0,170.0
42101980600,0.0,0.0,0.0,0.0,0.0,0.0,0.0
42101032900,188.0,0.0,119.0,0.0,0.0,0.0,93.0
42101034802,38.0,52.0,37.0,0.0,0.0,0.0,78.0
42101034803,27.0,0.0,9.0,9.0,0.0,0.0,83.0
42101024000,311.0,9.0,0.0,22.0,17.0,0.0,56.0
42101028100,0.0,20.0,0.0,19.0,0.0,0.0,24.0
42101028300,181.0,0.0,67.0,17.0,0.0,0.0,210.0
42101030800,49.0,0.0,22.0,0.0,0.0,0.0,83.0
42101031000,90.0,0.0,16.0,0.0,0.0,0.0,68.0
42101033300,0.0,26.0,17.0,0.0,0.0,0.0,8.0
42101033600,102.0,0.0,0.0,39.0,0.0,0.0,48.0
42101036303,61.0,0.0,0.0,81.0,0.0,0.0,14.0
42101036600,109.0,27.0,78.0,0.0,97.0,0.0,68.0
42101029900,31.0,0.0,78.0,0.0,0.0,0.0,129.0
42101027700,97.0,0.0,0.0,0.0,0.0,0.0,342.0
42101028500,29.0,27.0,0.0,0.0,0.0,0.0,68.0
42101029300,47.0,0.0,0.0,0.0,0.0,0.0,228.0
42101031700,74.0,0.0,45.0,0.0,0.0,0.0,0.0
42101030200,97.0,0.0,0.0,0.0,0.0,0.0,240.0
42101030600,0.0,38.0,0.0,39.0,38.0,0.0,176.0
42101031600,0.0,0.0,20.0,0.0,33.0,0.0,91.0
42101031800,22.0,0.0,27.0,0.0,42.0,0.0,21.0
42101032300,66.0,0.0,59.0,28.0,0.0,0.0,67.0
42101033400,122.0,0.0,20.0,0.0,0.0,0.0,0.0
42101033900,31.0,0.0,9.0,0.0,0.0,0.0,89.0
42101036100,93.0,0.0,103.0,0.0,0.0,0.0,83.0
42101033500,0.0,0.0,14.0,0.0,0.0,0.0,36.0
42101034100,0.0,96.0,0.0,0.0,71.0,0.0,64.0
42101035100,17.0,0.0,48.0,49.0,0.0,0.0,49.0
42101035301,0.0,0.0,0.0,0.0,0.0,0.0,66.0
42101036000,0.0,0.0,18.0,32.0,0.0,0.0,9.0
42101019900,68.0,0.0,0.0,26.0,0.0,0.0,363.0
42101020400,51.0,20.0,43.0,0.0,0.0,0.0,168.0
42101023700,216.0,58.0,0.0,42.0,0.0,0.0,39.0
42101002000,0.0,13.0,19.0,12.0,0.0,0.0,188.0
42101003901,103.0,0.0,26.0,0.0,0.0,0.0,0.0
42101005000,0.0,0.0,0.0,0.0,0.0,0.0,0.0
42101005400,31.0,0.0,0.0,15.0,7.0,0.0,0.0
42101006000,0.0,0.0,98.0,42.0,0.0,0.0,183.0
42101011100,95.0,0.0,45.0,0.0,0.0,0.0,350.0
42101008200,44.0,0.0,198.0,44.0,44.0,0.0,279.0
42101008301,115.0,69.0,0.0,26.0,0.0,0.0,168.0
42101008302,123.0,23.0,45.0,22.0,0.0,0.0,266.0
42101006300,0.0,10.0,16.0,16.0,0.0,0.0,305.0
42101007300,45.0,0.0,59.0,0.0,0.0,0.0,168.0
42101007900,78.0,0.0,0.0,0.0,0.0,0.0,130.0
42101008500,165.0,56.0,52.0,111.0,0.0,0.0,194.0
42101009600,61.0,0.0,86.0,21.0,0.0,0.0,270.0
42101011800,30.0,65.0,0.0,0.0,0.0,0.0,84.0
42101011900,144.0,0.0,56.0,0.0,0.0,0.0,258.0
42101013900,42.0,31.0,0.0,20.0,0.0,0.0,84.0
42101014700,154.0,60.0,0.0,0.0,10.0,0.0,161.0
42101015600,31.0,0.0,11.0,11.0,0.0,0.0,67.0
42101016300,39.0,21.0,7.0,20.0,20.0,0.0,42.0
42101017800,56.0,0.0,25.0,61.0,0.0,0.0,363.0
42101019700,58.0,0.0,0.0,0.0,0.0,0.0,128.0
42101020000,42.0,0.0,0.0,0.0,0.0,0.0,192.0
42101010800,168.0,38.0,20.0,0.0,0.0,0.0,301.0
42101014500,0.0,0.0,10.0,0.0,0.0,0.0,57.0
42101016500,0.0,0.0,0.0,0.0,30.0,0.0,210.0
42101023600,45.0,26.0,9.0,0.0,0.0,0.0,79.0
42101023900,312.0,16.0,0.0,0.0,18.0,0.0,17.0
42101024200,60.0,0.0,52.0,41.0,0.0,0.0,258.0
42101024500,7.0,0.0,16.0,33.0,0.0,0.0,297.0
42101025400,54.0,0.0,0.0,0.0,0.0,0.0,79.0
42101026000,45.0,0.0,0.0,0.0,0.0,0.0,21.0
42101026302,39.0,0.0,0.0,0.0,0.0,0.0,170.0
42101026400,0.0,0.0,47.0,0.0,33.0,0.0,127.0
42101027100,15.0,0.0,0.0,0.0,0.0,0.0,36.0
42101027800,143.0,20.0,41.0,0.0,19.0,0.0,142.0
42101028200,0.0,0.0,0.0,0.0,0.0,0.0,174.0
42101019800,46.0,15.0,0.0,0.0,0.0,0.0,184.0
42101021200,24.0,0.0,0.0,0.0,0.0,0.0,26.0
42101021300,64.0,0.0,28.0,0.0,0.0,0.0,79.0
42101021700,50.0,0.0,53.0,0.0,0.0,0.0,11.0
42101024100,25.0,8.0,9.0,8.0,0.0,0.0,67.0
42101024800,13.0,0.0,0.0,13.0,0.0,0.0,84.0
42101006400,59.0,18.0,60.0,36.0,0.0,0.0,88.0
42101006500,37.0,57.0,17.0,0.0,0.0,0.0,303.0
42101006600,81.0,32.0,20.0,19.0,0.0,0.0,193.0
42101009100,7.0,74.0,0.0,0.0,11.0,0.0,105.0
42101010300,85.0,17.0,55.0,32.0,0.0,0.0,128.0
42101010500,42.0,0.0,42.0,0.0,0.0,0.0,136.0
42101000300,102.0,0.0,0.0,25.0,25.0,0.0,0.0
42101000500,24.0,27.0,0.0,0.0,13.0,0.0,0.0
42101002400,116.0,37.0,14.0,132.0,34.0,0.0,67.0
42101003701,22.0,70.0,0.0,69.0,0.0,0.0,482.0
42101028700,0.0,10.0,0.0,0.0,0.0,0.0,69.0
42101029100,73.0,0.0,0.0,0.0,15.0,0.0,40.0
42101032600,63.0,0.0,35.0,57.0,0.0,0.0,148.0
42101033200,19.0,0.0,0.0,13.0,0.0,0.0,26.0
42101033800,67.0,0.0,78.0,0.0,0.0,0.0,138.0
42101034400,0.0,0.0,0.0,27.0,0.0,0.0,0.0
42101034701,0.0,0.0,0.0,43.0,0.0,0.0,0.0
42101035200,49.0,0.0,25.0,40.0,0.0,0.0,49.0
42101035800,0.0,0.0,0.0,65.0,0.0,0.0,17.0
421010331022,0.0,0.0,0.0,0.0,0.0,0.0,21.0
421010331023,26.0,0.0,0.0,0.0,0.0,0.0,0.0
421010331021,25.0,0.0,0.0,0.0,0.0,0.0,25.0
421010331024,49.0,0.0,0.0,0.0,0.0,0.0,28.0
421010315013,0.0,0.0,0.0,0.0,0.0,0.0,0.0
421010315014,0.0,0.0,0.0,0.0,0.0,0.0,21.0
421010315015,0.0,0.0,0.0,0.0,0.0,0.0,59.0
421010389001,23.0,27.0,0.0,0.0,0.0,0.0,0.0
421010389002,31.0,0.0,0.0,0.0,0.0,0.0,0.0
421010389003,29.0,0.0,0.0,0.0,0.0,0.0,0.0
421019800001,0.0,0.0,0.0,0.0,0.0,0.0,0.0
421010315021,30.0,0.0,0.0,50.0,0.0,0.0,10.0
421010315022,0.0,0.0,0.0,0.0,38.0,0.0,13.0
421010314011,0.0,0.0,0.0,31.0,0.0,0.0,13.0
421010314013,0.0,0.0,0.0,36.0,23.0,0.0,0.0
421010314014,33.0,0.0,0.0,29.0,0.0,0.0,0.0
421010314015,0.0,0.0,0.0,0.0,11.0,0.0,18.0
421010314012,0.0,0.0,0.0,0.0,0.0,0.0,0.0
421010314022,0.0,0.0,0.0,0.0,0.0,0.0,0.0
421010314021,21.0,0.0,12.0,0.0,0.0,0.0,13.0
421010008043,0.0,0.0,0.0,0.0,0.0,0.0,0.0
421010012025,42.0,0.0,0.0,0.0,0.0,0.0,0.0
421010008042,86.0,0.0,0.0,0.0,15.0,0.0,0.0
421010008041,248.0,41.0,41.0,0.0,113.0,0.0,0.0
421010012021,32.0,0.0,0.0,0.0,14.0,0.0,0.0
421010012023,32.0,0.0,0.0,0.0,0.0,0.0,0.0
421010012022,0.0,0.0,0.0,0.0,0.0,0.0,0.0
421010012024,74.0,0.0,0.0,45.0,0.0,0.0,0.0
421010012012,0.0,17.0,29.0,0.0,35.0,0.0,0.0
421010012014,0.0,0.0,0.0,0.0,0.0,0.0,0.0
421010012013,0.0,0.0,0.0,0.0,0.0,0.0,34.0
421010012011,0.0,0.0,0.0,0.0,11.0,0.0,0.0
421010008034,0.0,0.0,0.0,0.0,41.0,0.0,0.0
421010008032,0.0,0.0,0.0,0.0,25.0,0.0,24.0
421010008031,0.0,0.0,0.0,0.0,0.0,0.0,0.0
421010008033,52.0,42.0,0.0,42.0,64.0,0.0,11.0
421019809001,0.0,0.0,0.0,0.0,0.0,0.0,0.0
421010027024,0.0,0.0,0.0,0.0,0.0,0.0,0.0
421010027023,0.0,0.0,0.0,20.0,0.0,0.0,0.0
421010027022,23.0,0.0,0.0,0.0,9.0,0.0,22.0
421010027021,0.0,0.0,21.0,0.0,0.0,0.0,40.0
421010030023,0.0,0.0,16.0,0.0,0.0,0.0,39.0
421010030022,0.0,0.0,56.0,0.0,0.0,0.0,76.0
421010030021,0.0,0.0,19.0,22.0,0.0,0.0,39.0
421010030024,0.0,0.0,0.0,0.0,0.0,0.0,74.0
421010030011,0.0,0.0,0.0,0.0,0.0,0.0,54.0
421010030015,0.0,0.0,0.0,0.0,0.0,0.0,21.0
421010030013,0.0,0.0,29.0,0.0,0.0,0.0,128.0
421010030012,0.0,0.0,20.0,0.0,0.0,0.0,23.0
421010030014,32.0,0.0,0.0,0.0,0.0,0.0,52.0
421010028025,0.0,0.0,0.0,99.0,0.0,0.0,54.0
421010028024,0.0,0.0,0.0,0.0,0.0,0.0,0.0
421010028023,0.0,32.0,0.0,0.0,0.0,0.0,0.0
421010028022,54.0,0.0,0.0,0.0,0.0,0.0,0.0
421010028021,0.0,0.0,0.0,0.0,0.0,0.0,45.0
421019802001,0.0,0.0,0.0,0.0,0.0,0.0,0.0
421010337022,6.0,28.0,0.0,0.0,0.0,0.0,0.0
421010337024,0.0,0.0,0.0,0.0,0.0,0.0,0.0
421010337023,0.0,0.0,12.0,0.0,0.0,0.0,10.0
421010337021,0.0,0.0,0.0,0.0,0.0,0.0,0.0
421010315023,0.0,0.0,0.0,0.0,0.0,0.0,84.0
421010141001,25.0,0.0,0.0,0.0,0.0,0.0,32.0
421010141002,38.0,0.0,0.0,0.0,0.0,0.0,0.0
421010144001,0.0,0.0,29.0,0.0,0.0,0.0,60.0
421010144003,36.0,0.0,25.0,0.0,0.0,0.0,0.0
421010144002,19.0,6.0,0.0,19.0,0.0,0.0,80.0
421010152001,0.0,0.0,0.0,0.0,0.0,0.0,123.0
421010152004,0.0,0.0,0.0,0.0,0.0,0.0,87.0
421010152003,0.0,0.0,0.0,0.0,0.0,0.0,80.0
421010152005,0.0,0.0,0.0,0.0,0.0,0.0,124.0
421010152002,0.0,0.0,0.0,0.0,0.0,0.0,126.0
421010333001,0.0,0.0,0.0,0.0,0.0,0.0,8.0
421010333003,0.0,26.0,17.0,0.0,0.0,0.0,0.0
421010333002,0.0,0.0,0.0,0.0,0.0,0.0,0.0
421010336005,0.0,0.0,0.0,0.0,0.0,0.0,0.0
421010336003,102.0,0.0,0.0,39.0,0.0,0.0,48.0
421010336001,0.0,0.0,0.0,0.0,0.0,0.0,0.0
421010336004,0.0,0.0,0.0,0.0,0.0,0.0,0.0
421010336002,0.0,0.0,0.0,0.0,0.0,0.0,0.0
421010363032,0.0,0.0,0.0,20.0,0.0,0.0,0.0
421010363034,0.0,0.0,0.0,0.0,0.0,0.0,0.0
421010363031,61.0,0.0,0.0,61.0,0.0,0.0,0.0
421010363033,0.0,0.0,0.0,0.0,0.0,0.0,14.0
421010366001,109.0,27.0,78.0,0.0,97.0,0.0,68.0
421010299003,0.0,0.0,15.0,0.0,0.0,0.0,7.0
421010299001,16.0,0.0,17.0,0.0,0.0,0.0,30.0
421010299002,0.0,0.0,30.0,0.0,0.0,0.0,15.0
421010299004,15.0,0.0,16.0,0.0,0.0,0.0,77.0
421010277003,0.0,0.0,0.0,0.0,0.0,0.0,85.0
421010277005,0.0,0.0,0.0,0.0,0.0,0.0,55.0
421010277006,0.0,0.0,0.0,0.0,0.0,0.0,99.0
421010277002,26.0,0.0,0.0,0.0,0.0,0.0,103.0
421010309001,0.0,0.0,0.0,0.0,27.0,0.0,23.0
421010309003,49.0,17.0,0.0,0.0,0.0,0.0,0.0
421010309002,0.0,0.0,0.0,0.0,0.0,0.0,27.0
421010320006,0.0,0.0,0.0,0.0,0.0,0.0,0.0
421010320003,42.0,0.0,0.0,0.0,0.0,0.0,0.0
421010320005,0.0,0.0,0.0,0.0,0.0,0.0,0.0
421010320004,0.0,0.0,39.0,0.0,0.0,0.0,28.0
421010320007,70.0,0.0,0.0,0.0,0.0,0.0,0.0
421010320001,0.0,0.0,0.0,0.0,0.0,0.0,0.0
421010320002,40.0,0.0,0.0,0.0,0.0,0.0,24.0
421010342001,23.0,0.0,0.0,0.0,0.0,0.0,0.0
421010277004,25.0,0.0,0.0,0.0,0.0,0.0,0.0
421010277001,46.0,0.0,0.0,0.0,0.0,0.0,0.0
421010285001,29.0,27.0,0.0,0.0,0.0,0.0,68.0
421010293002,0.0,0.0,0.0,0.0,0.0,0.0,127.0
421010293001,47.0,0.0,0.0,0.0,0.0,0.0,101.0
421010302004,42.0,0.0,0.0,0.0,0.0,0.0,0.0
421010302001,0.0,0.0,0.0,0.0,0.0,0.0,123.0
421010302003,0.0,0.0,0.0,0.0,0.0,0.0,41.0
421010122041,27.0,19.0,0.0,19.0,0.0,0.0,41.0
421010122042,39.0,0.0,0.0,0.0,0.0,0.0,41.0
421010004021,0.0,0.0,0.0,0.0,105.0,0.0,19.0
421010004011,200.0,0.0,9.0,59.0,28.0,0.0,0.0
421010122031,92.0,0.0,0.0,0.0,0.0,0.0,371.0
421010136022,29.0,0.0,0.0,29.0,0.0,0.0,0.0
421010136023,0.0,0.0,0.0,0.0,0.0,0.0,7.0
421010136021,29.0,0.0,0.0,0.0,0.0,0.0,23.0
421010136024,0.0,0.0,0.0,29.0,0.0,0.0,0.0
421010345012,0.0,0.0,0.0,0.0,0.0,0.0,0.0
421010345011,24.0,0.0,0.0,0.0,0.0,0.0,34.0
421010345023,0.0,0.0,0.0,0.0,0.0,0.0,35.0
421010345021,0.0,0.0,0.0,0.0,0.0,0.0,0.0
421010345022,43.0,59.0,0.0,0.0,0.0,0.0,0.0
421010011022,83.0,51.0,0.0,0.0,0.0,0.0,0.0
421010011021,0.0,0.0,0.0,25.0,0.0,0.0,0.0
421010009021,40.0,22.0,31.0,20.0,0.0,0.0,0.0
421010009022,0.0,20.0,0.0,0.0,0.0,0.0,0.0
421010009012,77.0,26.0,0.0,25.0,18.0,0.0,0.0
421010009011,57.0,0.0,0.0,26.0,27.0,0.0,0.0
421010172011,31.0,0.0,20.0,0.0,0.0,0.0,105.0
421010172012,0.0,0.0,0.0,0.0,0.0,0.0,192.0
421010172013,0.0,0.0,0.0,0.0,0.0,0.0,58.0
421010172023,0.0,0.0,0.0,0.0,0.0,0.0,146.0
421010348013,24.0,0.0,0.0,0.0,0.0,0.0,0.0
421019803001,0.0,0.0,0.0,0.0,0.0,0.0,0.0
421010311011,0.0,19.0,0.0,0.0,0.0,0.0,23.0
421010201022,46.0,0.0,0.0,0.0,0.0,0.0,24.0
421010311013,0.0,0.0,0.0,0.0,0.0,0.0,0.0
421010311014,0.0,0.0,0.0,15.0,0.0,0.0,42.0
421010311012,16.0,0.0,0.0,0.0,0.0,0.0,17.0
421010311022,0.0,0.0,0.0,0.0,0.0,0.0,0.0
421010311021,0.0,0.0,0.0,0.0,0.0,0.0,0.0
421010311024,0.0,0.0,0.0,0.0,0.0,0.0,0.0
421010311023,0.0,0.0,0.0,0.0,18.0,0.0,72.0
421010195021,0.0,0.0,0.0,21.0,0.0,0.0,121.0
421010195022,39.0,0.0,0.0,0.0,0.0,0.0,52.0
421010172022,0.0,0.0,0.0,0.0,0.0,0.0,101.0
421010172024,0.0,0.0,0.0,0.0,0.0,0.0,182.0
421010172021,0.0,0.0,0.0,0.0,0.0,0.0,89.0
421010274013,20.0,0.0,0.0,0.0,0.0,0.0,0.0
421010274012,0.0,0.0,0.0,0.0,0.0,0.0,39.0
421010274011,33.0,0.0,0.0,0.0,0.0,0.0,0.0
421010201011,60.0,0.0,23.0,0.0,0.0,0.0,85.0
421010201012,22.0,0.0,0.0,0.0,0.0,0.0,88.0
421010201013,17.0,0.0,0.0,0.0,0.0,0.0,113.0
421010201023,38.0,0.0,0.0,0.0,0.0,0.0,120.0
421010201024,0.0,0.0,0.0,0.0,0.0,0.0,103.0
421010201021,49.0,0.0,0.0,0.0,0.0,0.0,117.0
421010086023,19.0,19.0,0.0,0.0,0.0,0.0,0.0
421010375002,4.0,10.0,0.0,0.0,0.0,0.0,0.0
421010375001,47.0,0.0,0.0,0.0,25.0,0.0,23.0
421019808001,0.0,0.0,0.0,0.0,0.0,0.0,0.0
421010180021,0.0,0.0,0.0,0.0,0.0,0.0,42.0
421010180022,38.0,0.0,0.0,0.0,42.0,0.0,0.0
421010180024,0.0,0.0,0.0,0.0,0.0,0.0,0.0
421010180023,0.0,0.0,0.0,0.0,0.0,0.0,42.0
421010088012,12.0,12.0,0.0,0.0,0.0,0.0,12.0
421010088011,0.0,0.0,0.0,0.0,0.0,0.0,0.0
421010098012,0.0,0.0,0.0,0.0,0.0,0.0,28.0
421010122011,169.0,35.0,0.0,0.0,0.0,0.0,33.0
421010122012,68.0,0.0,0.0,0.0,0.0,0.0,0.0
421010098011,22.0,4.0,0.0,18.0,0.0,0.0,37.0
421010071011,15.0,15.0,11.0,0.0,0.0,0.0,62.0
421010071012,0.0,0.0,10.0,0.0,0.0,0.0,76.0
421010071013,0.0,21.0,0.0,0.0,0.0,0.0,79.0
421010028012,0.0,0.0,0.0,0.0,0.0,0.0,57.0
421010361003,0.0,0.0,39.0,0.0,0.0,0.0,26.0
421010362014,0.0,0.0,19.0,0.0,0.0,0.0,0.0
421010369003,37.0,42.0,0.0,0.0,20.0,0.0,0.0
421010369001,0.0,0.0,0.0,0.0,0.0,0.0,0.0
421010369002,0.0,0.0,0.0,0.0,0.0,0.0,0.0
421010373003,67.0,0.0,0.0,0.0,15.0,0.0,0.0
421010373001,0.0,0.0,0.0,0.0,0.0,0.0,0.0
421010373002,0.0,0.0,23.0,0.0,0.0,0.0,0.0
421010372002,0.0,0.0,0.0,0.0,0.0,0.0,32.0
421010372001,0.0,0.0,0.0,0.0,0.0,0.0,14.0
421010372004,0.0,26.0,0.0,0.0,0.0,0.0,0.0
421010315012,20.0,0.0,22.0,0.0,0.0,0.0,56.0
421010315011,60.0,0.0,0.0,0.0,0.0,0.0,63.0
421010305011,17.0,28.0,18.0,0.0,0.0,0.0,44.0
421010305013,0.0,19.0,0.0,0.0,0.0,0.0,0.0
421010305012,0.0,0.0,0.0,0.0,0.0,0.0,0.0
421010305023,0.0,0.0,0.0,0.0,8.0,0.0,0.0
421010305021,0.0,0.0,0.0,0.0,0.0,0.0,20.0
421010305022,0.0,0.0,0.0,0.0,0.0,0.0,31.0
421010195023,49.0,0.0,0.0,0.0,0.0,0.0,9.0
421010195011,30.0,0.0,0.0,0.0,0.0,0.0,69.0
421010195013,16.0,31.0,0.0,13.0,0.0,0.0,13.0
421010305024,20.0,0.0,18.0,0.0,0.0,0.0,21.0
421010305025,0.0,0.0,0.0,0.0,0.0,0.0,22.0
421010098023,0.0,0.0,42.0,0.0,0.0,0.0,0.0
421010098022,0.0,0.0,0.0,40.0,0.0,0.0,0.0
421010098021,81.0,0.0,40.0,0.0,0.0,0.0,0.0
421010180013,0.0,0.0,7.0,0.0,0.0,0.0,24.0
421010195012,0.0,0.0,0.0,0.0,0.0,0.0,28.0
421010289012,0.0,0.0,25.0,0.0,0.0,0.0,0.0
421010289011,0.0,0.0,0.0,0.0,0.0,0.0,24.0
421010289013,0.0,0.0,26.0,0.0,0.0,0.0,41.0
421010289021,23.0,0.0,0.0,0.0,0.0,0.0,0.0
421010289023,22.0,0.0,58.0,0.0,0.0,0.0,23.0
421010289022,0.0,0.0,0.0,0.0,0.0,0.0,0.0
421010289024,0.0,0.0,0.0,0.0,0.0,0.0,0.0
421010289025,0.0,0.0,0.0,0.0,0.0,0.0,22.0
421010331014,28.0,0.0,0.0,0.0,0.0,0.0,24.0
421010331013,27.0,0.0,20.0,27.0,0.0,0.0,10.0
421010331012,19.0,0.0,0.0,0.0,0.0,0.0,29.0
421010331011,0.0,0.0,0.0,0.0,0.0,0.0,9.0
421010010023,0.0,0.0,0.0,60.0,46.0,0.0,0.0
421010010021,0.0,0.0,72.0,25.0,39.0,0.0,0.0
421010010022,0.0,0.0,0.0,0.0,9.0,0.0,0.0
421010010012,0.0,0.0,0.0,0.0,29.0,0.0,0.0
421010010011,0.0,30.0,0.0,37.0,10.0,0.0,10.0
421010208002,26.0,0.0,0.0,0.0,0.0,0.0,37.0
421010004022,175.0,0.0,93.0,0.0,102.0,0.0,46.0
421010180012,0.0,0.0,0.0,0.0,0.0,0.0,22.0
421010383003,14.0,0.0,0.0,0.0,0.0,0.0,32.0
421010383002,0.0,0.0,0.0,0.0,0.0,0.0,20.0
421010372003,0.0,0.0,0.0,25.0,0.0,0.0,0.0
421010383001,19.0,0.0,0.0,0.0,0.0,0.0,77.0
421010390006,22.0,0.0,0.0,0.0,0.0,0.0,0.0
421010180011,0.0,0.0,8.0,0.0,0.0,0.0,0.0
421010177025,21.0,0.0,0.0,0.0,0.0,0.0,15.0
421010177024,15.0,0.0,0.0,0.0,0.0,0.0,39.0
421010177021,21.0,0.0,0.0,0.0,0.0,0.0,42.0
421010268003,0.0,0.0,0.0,0.0,0.0,0.0,43.0
421010319001,0.0,0.0,0.0,0.0,0.0,0.0,0.0
421010319004,0.0,0.0,20.0,0.0,0.0,0.0,0.0
421010319005,95.0,0.0,0.0,0.0,0.0,0.0,0.0
421010319003,24.0,0.0,0.0,0.0,0.0,0.0,7.0
421010319002,0.0,0.0,7.0,0.0,0.0,0.0,42.0
421010330007,0.0,0.0,0.0,0.0,0.0,0.0,0.0
421010330003,0.0,0.0,0.0,0.0,0.0,0.0,0.0
421010330001,0.0,0.0,0.0,0.0,0.0,0.0,0.0
421010330004,81.0,0.0,0.0,0.0,0.0,0.0,55.0
421010330005,0.0,0.0,0.0,0.0,0.0,0.0,31.0
421010330006,0.0,0.0,45.0,0.0,0.0,0.0,0.0
421010330002,0.0,0.0,0.0,0.0,0.0,0.0,0.0
421010161001,0.0,0.0,0.0,0.0,58.0,0.0,94.0
421010161002,41.0,0.0,0.0,0.0,0.0,0.0,56.0
421010161003,0.0,0.0,0.0,0.0,0.0,0.0,0.0
421010161004,0.0,0.0,0.0,0.0,0.0,0.0,0.0
421010169012,0.0,0.0,18.0,0.0,0.0,0.0,147.0
421010169011,18.0,0.0,18.0,0.0,0.0,0.0,150.0
421010169013,19.0,0.0,0.0,20.0,0.0,0.0,78.0
421010174001,44.0,0.0,0.0,0.0,0.0,0.0,61.0
421010174002,34.0,0.0,0.0,0.0,0.0,0.0,109.0
421010158002,0.0,0.0,0.0,0.0,0.0,0.0,49.0
421010158004,0.0,0.0,0.0,0.0,0.0,0.0,0.0
421010158006,0.0,0.0,0.0,104.0,0.0,0.0,18.0
421010158005,0.0,0.0,18.0,0.0,0.0,0.0,0.0
421010158003,0.0,0.0,0.0,0.0,0.0,0.0,0.0
421010158001,0.0,0.0,0.0,0.0,0.0,0.0,45.0
421010164004,21.0,0.0,0.0,0.0,0.0,0.0,51.0
421010164001,0.0,23.0,0.0,0.0,0.0,0.0,97.0
421010164002,0.0,0.0,0.0,0.0,0.0,0.0,31.0
421010164003,0.0,0.0,0.0,0.0,0.0,0.0,75.0
421010169022,0.0,0.0,0.0,0.0,0.0,0.0,52.0
421010169021,23.0,0.0,0.0,26.0,0.0,0.0,301.0
421010169024,0.0,0.0,26.0,0.0,0.0,0.0,245.0
421010169023,0.0,0.0,0.0,0.0,0.0,0.0,357.0
421010171003,38.0,0.0,22.0,0.0,0.0,0.0,68.0
421010171004,0.0,0.0,0.0,0.0,0.0,0.0,66.0
421010171001,0.0,0.0,0.0,0.0,0.0,0.0,66.0
421010171002,0.0,0.0,0.0,0.0,0.0,0.0,30.0
421010259004,0.0,0.0,36.0,0.0,0.0,0.0,0.0
421010259001,29.0,0.0,0.0,0.0,0.0,0.0,0.0
421010259002,0.0,0.0,0.0,0.0,0.0,0.0,36.0
421010259006,39.0,0.0,0.0,0.0,0.0,0.0,36.0
421010259003,0.0,0.0,0.0,0.0,0.0,0.0,36.0
421010259005,0.0,0.0,0.0,0.0,0.0,0.0,38.0
421010290004,0.0,0.0,0.0,0.0,0.0,0.0,0.0
421010290001,0.0,0.0,0.0,0.0,0.0,0.0,0.0
421010290003,0.0,0.0,0.0,0.0,0.0,0.0,24.0
421010007002,55.0,0.0,0.0,37.0,127.0,0.0,0.0
421010025001,61.0,0.0,22.0,0.0,7.0,0.0,0.0
421010033005,0.0,0.0,31.0,0.0,0.0,0.0,45.0
421010007003,0.0,41.0,0.0,0.0,0.0,0.0,0.0
421010007001,38.0,50.0,36.0,0.0,13.0,0.0,0.0
421010284001,0.0,0.0,22.0,0.0,0.0,0.0,36.0
421010286002,0.0,0.0,0.0,0.0,0.0,0.0,31.0
421010286003,0.0,0.0,0.0,0.0,0.0,0.0,0.0
421010286004,0.0,0.0,0.0,0.0,0.0,0.0,76.0
421010286005,0.0,0.0,0.0,0.0,0.0,0.0,0.0
421010286006,29.0,0.0,0.0,0.0,0.0,0.0,98.0
421010286001,0.0,0.0,0.0,0.0,0.0,0.0,29.0
421010001001,83.0,0.0,0.0,0.0,13.0,0.0,0.0
421010001002,0.0,65.0,0.0,150.0,0.0,0.0,0.0
421010013005,45.0,0.0,29.0,45.0,0.0,0.0,0.0
421010013004,0.0,0.0,0.0,0.0,0.0,0.0,0.0
421010013001,0.0,0.0,0.0,0.0,17.0,0.0,0.0
421010013002,88.0,0.0,30.0,0.0,0.0,0.0,0.0
421010013003,0.0,0.0,0.0,0.0,0.0,0.0,46.0
421010042013,0.0,0.0,0.0,0.0,0.0,0.0,0.0
421010042014,20.0,22.0,0.0,0.0,0.0,29.0,0.0
421010042011,0.0,0.0,82.0,0.0,0.0,0.0,0.0
421010056001,61.0,17.0,0.0,15.0,5.0,0.0,0.0
421010067003,0.0,0.0,0.0,0.0,0.0,0.0,72.0
421010067002,0.0,0.0,0.0,0.0,19.0,0.0,54.0
421010067001,0.0,0.0,0.0,0.0,0.0,0.0,0.0
421010067004,0.0,0.0,0.0,0.0,0.0,0.0,38.0
421010067007,0.0,0.0,0.0,0.0,0.0,0.0,72.0
421010067005,40.0,0.0,0.0,36.0,0.0,0.0,70.0
421010067006,0.0,0.0,0.0,0.0,0.0,0.0,75.0
421010003002,70.0,0.0,0.0,25.0,25.0,0.0,0.0
421010003001,32.0,0.0,0.0,0.0,0.0,0.0,0.0
421010005001,24.0,27.0,0.0,0.0,13.0,0.0,0.0
421010024001,0.0,0.0,0.0,35.0,0.0,0.0,0.0
421010024004,46.0,0.0,0.0,0.0,0.0,0.0,0.0
421010024003,36.0,37.0,14.0,29.0,0.0,0.0,0.0
421010024005,0.0,0.0,0.0,68.0,0.0,0.0,0.0
421010024002,34.0,0.0,0.0,0.0,34.0,0.0,67.0
421010100004,0.0,0.0,18.0,0.0,30.0,0.0,34.0
421010100001,129.0,0.0,0.0,0.0,0.0,0.0,83.0
421010100002,35.0,0.0,0.0,0.0,0.0,0.0,0.0
421010100003,0.0,0.0,0.0,0.0,0.0,0.0,0.0
421010101002,0.0,0.0,0.0,81.0,0.0,0.0,0.0
421010101001,0.0,0.0,0.0,0.0,0.0,0.0,13.0
421010101006,39.0,0.0,0.0,0.0,0.0,0.0,0.0
421010101003,0.0,0.0,0.0,46.0,0.0,0.0,0.0
421010101004,0.0,0.0,41.0,0.0,0.0,0.0,0.0
421010101005,0.0,0.0,0.0,0.0,0.0,0.0,83.0
421010101007,0.0,0.0,0.0,0.0,0.0,0.0,40.0
421010107001,19.0,0.0,0.0,20.0,0.0,0.0,40.0
421010107004,123.0,21.0,0.0,0.0,0.0,0.0,81.0
421010107002,0.0,13.0,0.0,0.0,0.0,0.0,80.0
421010107003,0.0,20.0,0.0,0.0,0.0,0.0,86.0
421010133002,21.0,0.0,22.0,20.0,0.0,0.0,138.0
421010133001,81.0,0.0,22.0,0.0,0.0,0.0,48.0
421010247005,35.0,0.0,0.0,0.0,0.0,0.0,58.0
421010247002,18.0,0.0,0.0,0.0,0.0,0.0,135.0
421010038004,0.0,0.0,37.0,0.0,0.0,0.0,29.0
421010038003,0.0,0.0,0.0,0.0,0.0,0.0,58.0
421010038001,0.0,0.0,0.0,0.0,0.0,0.0,19.0
421010038002,0.0,0.0,0.0,0.0,0.0,0.0,0.0
421010125002,118.0,0.0,0.0,0.0,43.0,0.0,0.0
421010125001,41.0,0.0,0.0,0.0,0.0,0.0,0.0
421010125003,121.0,18.0,0.0,0.0,14.0,0.0,0.0
421010018001,0.0,0.0,49.0,0.0,0.0,0.0,0.0
421010018002,49.0,0.0,0.0,32.0,0.0,0.0,16.0
421010021002,57.0,13.0,13.0,0.0,21.0,0.0,39.0
421010021001,28.0,13.0,4.0,0.0,32.0,0.0,24.0
421010257001,0.0,24.0,0.0,0.0,0.0,0.0,0.0
421010033004,0.0,0.0,0.0,0.0,0.0,0.0,0.0
421010033006,28.0,0.0,0.0,31.0,0.0,0.0,0.0
421010033003,0.0,34.0,0.0,31.0,0.0,0.0,41.0
421010033001,0.0,0.0,0.0,41.0,0.0,0.0,34.0
421010033002,0.0,0.0,0.0,0.0,0.0,0.0,94.0
421010040023,17.0,0.0,0.0,0.0,0.0,0.0,0.0
421010040021,0.0,53.0,0.0,0.0,0.0,0.0,56.0
421010040024,0.0,0.0,0.0,0.0,0.0,0.0,52.0
421010040022,0.0,0.0,0.0,13.0,0.0,0.0,38.0
421010042012,0.0,0.0,0.0,0.0,0.0,30.0,0.0
421010203002,32.0,0.0,15.0,15.0,0.0,0.0,127.0
421010203001,16.0,0.0,0.0,0.0,0.0,0.0,169.0
421010209004,61.0,0.0,0.0,0.0,0.0,0.0,23.0
421010208001,133.0,26.0,0.0,0.0,32.0,0.0,0.0
421010209003,0.0,0.0,8.0,0.0,0.0,0.0,7.0
421010209001,0.0,0.0,0.0,0.0,0.0,0.0,7.0
421010209002,59.0,0.0,0.0,7.0,0.0,0.0,0.0
421010207003,0.0,0.0,0.0,0.0,0.0,0.0,0.0
421010207002,0.0,0.0,0.0,0.0,0.0,0.0,50.0
421010207001,44.0,0.0,0.0,0.0,0.0,0.0,0.0
421010207004,95.0,0.0,0.0,0.0,0.0,0.0,0.0
421010184001,0.0,0.0,0.0,16.0,0.0,0.0,0.0
421010184002,14.0,0.0,0.0,0.0,14.0,0.0,13.0
421010307003,33.0,0.0,0.0,0.0,0.0,0.0,41.0
421010307001,41.0,0.0,0.0,0.0,0.0,0.0,41.0
421010307002,0.0,0.0,0.0,0.0,0.0,0.0,20.0
421010312001,48.0,26.0,0.0,0.0,0.0,0.0,0.0
421010312002,0.0,0.0,0.0,0.0,27.0,0.0,23.0
421010312003,25.0,0.0,0.0,0.0,0.0,0.0,27.0
421010231001,42.0,0.0,5.0,0.0,0.0,0.0,17.0
421010235001,0.0,0.0,12.0,0.0,0.0,0.0,5.0
421010019002,0.0,0.0,0.0,22.0,0.0,0.0,0.0
421010019003,0.0,0.0,0.0,19.0,0.0,0.0,39.0
421010019001,31.0,28.0,22.0,21.0,0.0,0.0,0.0
421010031006,21.0,0.0,0.0,0.0,0.0,0.0,44.0
421010070004,0.0,0.0,45.0,0.0,0.0,0.0,31.0
421010070003,29.0,0.0,0.0,0.0,0.0,0.0,0.0
421010070001,0.0,0.0,0.0,0.0,0.0,0.0,27.0
421010070002,64.0,0.0,0.0,0.0,0.0,0.0,58.0
421010070005,29.0,0.0,0.0,0.0,0.0,0.0,90.0
421010080002,0.0,0.0,0.0,0.0,0.0,0.0,91.0
421010080004,0.0,0.0,28.0,0.0,10.0,0.0,143.0
421010080003,0.0,28.0,0.0,0.0,0.0,0.0,60.0
421010210001,0.0,0.0,0.0,0.0,0.0,0.0,0.0
421010210004,72.0,0.0,0.0,0.0,0.0,0.0,0.0
421010210002,0.0,0.0,40.0,0.0,0.0,0.0,79.0
421010210003,0.0,0.0,39.0,0.0,0.0,0.0,53.0
421010210005,14.0,0.0,0.0,0.0,0.0,0.0,75.0
421010347021,0.0,0.0,0.0,0.0,0.0,0.0,35.0
421010147002,133.0,40.0,0.0,0.0,10.0,0.0,133.0
421010147001,21.0,20.0,0.0,0.0,0.0,0.0,28.0
421010156002,10.0,0.0,0.0,11.0,0.0,0.0,34.0
421010156001,21.0,0.0,11.0,0.0,0.0,0.0,33.0
421010163001,39.0,0.0,0.0,20.0,20.0,0.0,0.0
421010163003,0.0,0.0,0.0,0.0,0.0,0.0,0.0
421010163002,0.0,21.0,0.0,0.0,0.0,0.0,0.0
421010163004,0.0,0.0,7.0,0.0,0.0,0.0,42.0
421010178002,19.0,0.0,0.0,0.0,0.0,0.0,46.0
421010278004,40.0,0.0,0.0,0.0,0.0,0.0,19.0
421010278001,40.0,0.0,0.0,0.0,0.0,0.0,41.0
421010278002,20.0,20.0,41.0,0.0,19.0,0.0,39.0
421010278003,43.0,0.0,0.0,0.0,0.0,0.0,43.0
421010282002,0.0,0.0,0.0,0.0,0.0,0.0,0.0
421010282003,0.0,0.0,0.0,0.0,0.0,0.0,125.0
421010282001,0.0,0.0,0.0,0.0,0.0,0.0,49.0
421010288003,58.0,17.0,17.0,14.0,0.0,0.0,0.0
421010288001,0.0,16.0,19.0,0.0,0.0,0.0,67.0
421010288002,0.0,0.0,0.0,0.0,0.0,0.0,51.0
421010298002,0.0,0.0,0.0,0.0,0.0,0.0,0.0
421010298004,0.0,0.0,47.0,0.0,0.0,0.0,0.0
421010298003,0.0,0.0,9.0,0.0,0.0,0.0,0.0
421010298001,0.0,0.0,0.0,0.0,0.0,0.0,0.0
421010298005,17.0,0.0,0.0,0.0,0.0,0.0,14.0
421010329004,64.0,0.0,27.0,0.0,0.0,0.0,0.0
421010329003,58.0,0.0,18.0,0.0,0.0,0.0,70.0
421010329005,0.0,0.0,22.0,0.0,0.0,0.0,23.0
421010329001,0.0,0.0,44.0,0.0,0.0,0.0,0.0
421010329002,66.0,0.0,8.0,0.0,0.0,0.0,0.0
421010348022,38.0,52.0,0.0,0.0,0.0,0.0,0.0
421010348023,0.0,0.0,0.0,0.0,0.0,0.0,0.0
421010348021,0.0,0.0,37.0,0.0,0.0,0.0,78.0
421010348033,0.0,0.0,0.0,0.0,0.0,0.0,0.0
421010348032,27.0,0.0,9.0,9.0,0.0,0.0,83.0
421010348031,0.0,0.0,0.0,0.0,0.0,0.0,0.0
421010245001,0.0,0.0,0.0,0.0,0.0,0.0,91.0
421010245004,0.0,0.0,0.0,0.0,0.0,0.0,48.0
421010245002,0.0,0.0,16.0,33.0,0.0,0.0,42.0
421010254004,28.0,0.0,0.0,0.0,0.0,0.0,0.0
421010254001,0.0,0.0,0.0,0.0,0.0,0.0,0.0
421010254002,0.0,0.0,0.0,0.0,0.0,0.0,79.0
421010254003,26.0,0.0,0.0,0.0,0.0,0.0,0.0
421010260002,25.0,0.0,0.0,0.0,0.0,0.0,21.0
421010260003,20.0,0.0,0.0,0.0,0.0,0.0,0.0
421010260001,0.0,0.0,0.0,0.0,0.0,0.0,0.0
421010263021,0.0,0.0,0.0,0.0,0.0,0.0,0.0
421010263022,39.0,0.0,0.0,0.0,0.0,0.0,78.0
421010263023,0.0,0.0,0.0,0.0,0.0,0.0,0.0
421010382002,0.0,0.0,0.0,0.0,13.0,0.0,4.0
421010382001,14.0,0.0,0.0,0.0,0.0,0.0,28.0
421010382003,0.0,0.0,19.0,0.0,0.0,0.0,61.0
421010380001,0.0,0.0,0.0,0.0,0.0,0.0,54.0
421010380002,17.0,0.0,8.0,0.0,4.0,0.0,68.0
421010381001,0.0,0.0,0.0,0.0,0.0,0.0,12.0
421010178003,0.0,0.0,0.0,0.0,0.0,0.0,45.0
421010178007,0.0,0.0,25.0,0.0,0.0,0.0,26.0
421010178004,0.0,0.0,0.0,0.0,0.0,0.0,116.0
421010178006,0.0,0.0,0.0,23.0,0.0,0.0,45.0
421010178001,14.0,0.0,0.0,0.0,0.0,0.0,39.0
421010178005,23.0,0.0,0.0,38.0,0.0,0.0,46.0
421010197004,0.0,0.0,0.0,0.0,0.0,0.0,0.0
421010197001,29.0,0.0,0.0,0.0,0.0,0.0,69.0
421010197005,0.0,0.0,0.0,0.0,0.0,0.0,34.0
421010197006,29.0,0.0,0.0,0.0,0.0,0.0,0.0
421010197002,0.0,0.0,0.0,0.0,0.0,0.0,0.0
421010197003,0.0,0.0,0.0,0.0,0.0,0.0,25.0
421010200002,42.0,0.0,0.0,0.0,0.0,0.0,89.0
421010200001,0.0,0.0,0.0,0.0,0.0,0.0,103.0
421010108001,22.0,0.0,0.0,0.0,0.0,0.0,46.0
421010108002,19.0,0.0,20.0,0.0,0.0,0.0,82.0
421010108003,21.0,0.0,0.0,0.0,0.0,0.0,107.0
421010108004,85.0,38.0,0.0,0.0,0.0,0.0,21.0
421010108005,21.0,0.0,0.0,0.0,0.0,0.0,45.0
421010263024,0.0,0.0,0.0,0.0,0.0,0.0,92.0
421010264004,0.0,0.0,0.0,0.0,0.0,0.0,43.0
421010264001,0.0,0.0,0.0,0.0,33.0,0.0,0.0
421010264006,0.0,0.0,0.0,0.0,0.0,0.0,0.0
421010264002,0.0,0.0,47.0,0.0,0.0,0.0,42.0
421010264005,0.0,0.0,0.0,0.0,0.0,0.0,42.0
421010264007,0.0,0.0,0.0,0.0,0.0,0.0,0.0
421010264003,0.0,0.0,0.0,0.0,0.0,0.0,0.0
421010271001,0.0,0.0,0.0,0.0,0.0,0.0,20.0
421010271002,15.0,0.0,0.0,0.0,0.0,0.0,0.0
421010271003,0.0,0.0,0.0,0.0,0.0,0.0,16.0
421010240004,0.0,0.0,0.0,0.0,0.0,0.0,0.0
421010240003,0.0,0.0,0.0,0.0,0.0,0.0,21.0
421010240001,173.0,9.0,0.0,0.0,17.0,0.0,17.0
421010240002,138.0,0.0,0.0,22.0,0.0,0.0,18.0
421010281002,0.0,0.0,0.0,0.0,0.0,0.0,0.0
421010281001,0.0,20.0,0.0,0.0,0.0,0.0,0.0
421010281003,0.0,0.0,0.0,19.0,0.0,0.0,24.0
421010283001,24.0,0.0,0.0,0.0,0.0,0.0,0.0
421010283003,25.0,0.0,0.0,17.0,0.0,0.0,23.0
421010283005,24.0,0.0,0.0,0.0,0.0,0.0,48.0
421010283006,24.0,0.0,26.0,0.0,0.0,0.0,47.0
421010283007,63.0,0.0,41.0,0.0,0.0,0.0,23.0
421010283002,0.0,0.0,0.0,0.0,0.0,0.0,0.0
421010283004,21.0,0.0,0.0,0.0,0.0,0.0,69.0
421010308004,0.0,0.0,0.0,0.0,0.0,0.0,0.0
421010308002,0.0,0.0,0.0,0.0,0.0,0.0,35.0
421010308003,49.0,0.0,22.0,0.0,0.0,0.0,48.0
421010308001,0.0,0.0,0.0,0.0,0.0,0.0,0.0
421010310006,37.0,0.0,0.0,0.0,0.0,0.0,0.0
421010310005,53.0,0.0,0.0,0.0,0.0,0.0,0.0
421010310007,0.0,0.0,0.0,0.0,0.0,0.0,0.0
421010310001,0.0,0.0,0.0,0.0,0.0,0.0,0.0
421010310003,0.0,0.0,0.0,0.0,0.0,0.0,33.0
421010310004,0.0,0.0,16.0,0.0,0.0,0.0,0.0
421010310002,0.0,0.0,0.0,0.0,0.0,0.0,35.0
421010153004,104.0,0.0,15.0,32.0,15.0,0.0,155.0
421010153002,22.0,0.0,0.0,0.0,0.0,0.0,31.0
421010153001,15.0,18.0,0.0,0.0,0.0,0.0,101.0
421010153003,0.0,0.0,0.0,0.0,0.0,0.0,102.0
421010157003,35.0,0.0,9.0,22.0,0.0,0.0,45.0
421010157002,33.0,0.0,0.0,0.0,11.0,0.0,14.0
421010157001,8.0,0.0,32.0,0.0,0.0,0.0,50.0
421010160003,0.0,0.0,27.0,0.0,0.0,0.0,80.0
421010160002,0.0,0.0,0.0,0.0,0.0,0.0,44.0
421010160004,0.0,0.0,0.0,0.0,0.0,0.0,30.0
421010160005,0.0,0.0,35.0,0.0,39.0,0.0,43.0
421010160006,0.0,0.0,47.0,0.0,0.0,0.0,0.0
421010160007,0.0,0.0,0.0,0.0,0.0,0.0,39.0
421010160001,23.0,0.0,0.0,0.0,0.0,0.0,41.0
421010168003,0.0,0.0,18.0,0.0,0.0,0.0,58.0
421010168002,0.0,0.0,0.0,0.0,0.0,0.0,66.0
421010168001,0.0,0.0,0.0,0.0,0.0,0.0,33.0
421010168006,0.0,0.0,0.0,0.0,0.0,0.0,107.0
421010168004,38.0,0.0,0.0,0.0,0.0,0.0,74.0
421010168005,0.0,0.0,0.0,0.0,0.0,0.0,0.0
421010177023,30.0,0.0,0.0,0.0,16.0,0.0,16.0
421010177022,19.0,0.0,0.0,0.0,0.0,0.0,122.0
421010177011,0.0,9.0,0.0,0.0,0.0,0.0,135.0
421010177012,16.0,12.0,0.0,0.0,0.0,0.0,85.0
421010177013,16.0,0.0,0.0,0.0,0.0,0.0,45.0
421010356021,7.0,0.0,0.0,0.0,0.0,0.0,0.0
421010356022,20.0,0.0,31.0,0.0,0.0,0.0,0.0
421010316006,0.0,0.0,20.0,0.0,33.0,0.0,39.0
421010202005,0.0,0.0,34.0,0.0,0.0,0.0,67.0
421010202002,0.0,0.0,0.0,0.0,0.0,0.0,100.0
421010202006,0.0,0.0,0.0,0.0,30.0,0.0,0.0
421010202003,65.0,39.0,0.0,0.0,0.0,0.0,107.0
421010202004,0.0,0.0,37.0,0.0,0.0,0.0,0.0
421010202001,0.0,0.0,0.0,0.0,0.0,0.0,67.0
421010149001,0.0,24.0,0.0,0.0,0.0,0.0,82.0
421010347022,0.0,0.0,0.0,0.0,0.0,0.0,0.0
421010347023,0.0,0.0,0.0,0.0,0.0,0.0,0.0
421010266006,0.0,0.0,0.0,0.0,0.0,0.0,85.0
421010266001,42.0,0.0,0.0,0.0,0.0,0.0,111.0
421010266002,0.0,0.0,0.0,0.0,0.0,0.0,0.0
421010266003,0.0,0.0,0.0,0.0,0.0,0.0,0.0
421010266008,0.0,0.0,0.0,15.0,0.0,0.0,61.0
421010266004,0.0,0.0,0.0,0.0,0.0,0.0,37.0
421010266005,0.0,0.0,0.0,0.0,0.0,0.0,76.0
421010266007,33.0,0.0,0.0,0.0,0.0,0.0,37.0
421010104003,9.0,0.0,28.0,0.0,0.0,0.0,62.0
421010390002,0.0,0.0,0.0,0.0,0.0,0.0,70.0
421010390003,40.0,0.0,32.0,0.0,0.0,0.0,0.0
421010390007,0.0,0.0,0.0,0.0,0.0,0.0,0.0
421010390008,23.0,0.0,0.0,0.0,0.0,0.0,0.0
421010390001,0.0,0.0,0.0,0.0,0.0,0.0,0.0
421010390004,0.0,0.0,37.0,0.0,0.0,0.0,0.0
421010390005,0.0,0.0,0.0,0.0,0.0,0.0,0.0
421010378003,0.0,29.0,0.0,0.0,0.0,0.0,11.0
421010378002,0.0,0.0,0.0,0.0,0.0,0.0,0.0
421010378001,31.0,0.0,0.0,0.0,33.0,0.0,34.0
421010377003,0.0,0.0,24.0,0.0,0.0,0.0,23.0
421010377002,224.0,70.0,24.0,0.0,0.0,0.0,55.0
421010377001,37.0,0.0,0.0,24.0,0.0,0.0,24.0
421010342002,142.0,0.0,0.0,0.0,0.0,0.0,0.0
421010361001,93.0,0.0,0.0,0.0,0.0,0.0,31.0
421010335001,0.0,0.0,0.0,0.0,0.0,0.0,0.0
421010335003,0.0,0.0,0.0,0.0,0.0,0.0,36.0
421010335002,0.0,0.0,14.0,0.0,0.0,0.0,0.0
421010341003,0.0,0.0,0.0,0.0,0.0,0.0,0.0
421010341001,0.0,0.0,0.0,0.0,0.0,0.0,0.0
421010341002,0.0,0.0,0.0,0.0,71.0,0.0,0.0
421010341006,0.0,96.0,0.0,0.0,0.0,0.0,0.0
421010341005,0.0,0.0,0.0,0.0,0.0,0.0,16.0
421010341004,0.0,0.0,0.0,0.0,0.0,0.0,48.0
421010351001,0.0,0.0,0.0,0.0,0.0,0.0,0.0
421010351002,17.0,0.0,48.0,49.0,0.0,0.0,49.0
421010353012,0.0,0.0,0.0,0.0,0.0,0.0,10.0
421010353013,0.0,0.0,0.0,0.0,0.0,0.0,0.0
421010353011,0.0,0.0,0.0,0.0,0.0,0.0,56.0
421010360001,0.0,0.0,18.0,32.0,0.0,0.0,9.0
421010199001,21.0,0.0,0.0,0.0,0.0,0.0,54.0
421010199002,0.0,0.0,0.0,0.0,0.0,0.0,108.0
421010199003,22.0,0.0,0.0,0.0,0.0,0.0,106.0
421010199004,25.0,0.0,0.0,26.0,0.0,0.0,95.0
421010204003,0.0,20.0,23.0,0.0,0.0,0.0,65.0
421010204001,0.0,0.0,0.0,0.0,0.0,0.0,61.0
421010204002,14.0,0.0,0.0,0.0,0.0,0.0,0.0
421010204004,37.0,0.0,20.0,0.0,0.0,0.0,42.0
421010237001,99.0,0.0,0.0,0.0,0.0,0.0,39.0
421010237002,42.0,0.0,0.0,42.0,0.0,0.0,0.0
421010237004,34.0,0.0,0.0,0.0,0.0,0.0,0.0
421010237003,41.0,58.0,0.0,0.0,0.0,0.0,0.0
421010104002,0.0,0.0,0.0,0.0,0.0,0.0,27.0
421010104001,0.0,0.0,0.0,0.0,0.0,0.0,27.0
421010104004,0.0,0.0,0.0,0.0,0.0,0.0,53.0
421010132001,0.0,0.0,0.0,0.0,0.0,0.0,64.0
421010132002,27.0,0.0,0.0,29.0,0.0,0.0,54.0
421010326001,0.0,0.0,0.0,0.0,0.0,0.0,45.0
421010326004,63.0,0.0,0.0,0.0,0.0,0.0,0.0
421010326007,0.0,0.0,0.0,0.0,0.0,0.0,0.0
421010326006,0.0,0.0,0.0,0.0,0.0,0.0,0.0
421010326002,0.0,0.0,0.0,57.0,0.0,0.0,0.0
421010326003,0.0,0.0,35.0,0.0,0.0,0.0,0.0
421010326005,0.0,0.0,0.0,0.0,0.0,0.0,103.0
421010332001,0.0,0.0,0.0,13.0,0.0,0.0,0.0
421010332002,19.0,0.0,0.0,0.0,0.0,0.0,26.0
421010338003,0.0,0.0,54.0,0.0,0.0,0.0,0.0
421010338005,0.0,0.0,24.0,0.0,0.0,0.0,0.0
421010338002,67.0,0.0,0.0,0.0,0.0,0.0,0.0
421010338001,0.0,0.0,0.0,0.0,0.0,0.0,76.0
421010338004,0.0,0.0,0.0,0.0,0.0,0.0,62.0
421010344003,0.0,0.0,0.0,0.0,0.0,0.0,0.0
421010344004,0.0,0.0,0.0,27.0,0.0,0.0,0.0
421010344001,0.0,0.0,0.0,0.0,0.0,0.0,0.0
421010344002,0.0,0.0,0.0,0.0,0.0,0.0,0.0
421010113002,22.0,0.0,0.0,0.0,0.0,0.0,112.0
421010347012,0.0,0.0,0.0,0.0,0.0,0.0,0.0
421010113001,0.0,0.0,0.0,0.0,0.0,0.0,29.0
421010113003,0.0,0.0,0.0,0.0,0.0,0.0,80.0
421010114001,0.0,35.0,0.0,0.0,0.0,0.0,35.0
421010114004,0.0,0.0,0.0,0.0,0.0,0.0,35.0
421010114005,35.0,0.0,0.0,0.0,0.0,0.0,99.0
421010114003,0.0,0.0,0.0,0.0,0.0,0.0,29.0
421010114006,0.0,0.0,0.0,0.0,0.0,0.0,0.0
421010114002,0.0,0.0,0.0,0.0,0.0,0.0,27.0
421010117001,23.0,0.0,10.0,0.0,0.0,0.0,8.0
421010176011,0.0,0.0,0.0,0.0,0.0,0.0,0.0
421010176013,17.0,0.0,0.0,0.0,0.0,0.0,116.0
421010176012,0.0,0.0,0.0,0.0,0.0,0.0,23.0
421010176014,22.0,19.0,0.0,0.0,0.0,0.0,42.0
421010176015,0.0,0.0,0.0,0.0,0.0,0.0,17.0
421010036002,0.0,0.0,0.0,0.0,0.0,0.0,0.0
421010036001,0.0,0.0,25.0,0.0,0.0,0.0,0.0
421010036004,27.0,0.0,0.0,0.0,0.0,0.0,0.0
421010036003,81.0,0.0,0.0,0.0,0.0,0.0,54.0
421010170002,0.0,0.0,0.0,0.0,0.0,0.0,0.0
421010170003,0.0,26.0,0.0,0.0,0.0,0.0,25.0
421010290002,0.0,0.0,26.0,0.0,0.0,0.0,10.0
421010301001,26.0,0.0,0.0,0.0,0.0,0.0,17.0
421010301002,148.0,0.0,0.0,0.0,0.0,0.0,37.0
421010301005,0.0,0.0,38.0,0.0,0.0,0.0,0.0
421010347011,0.0,0.0,0.0,43.0,0.0,0.0,0.0
421010347013,0.0,0.0,0.0,0.0,0.0,0.0,0.0
421010352003,25.0,0.0,25.0,40.0,0.0,0.0,14.0
421010352001,24.0,0.0,0.0,0.0,0.0,0.0,28.0
421010352002,0.0,0.0,0.0,0.0,0.0,0.0,7.0
421010358002,0.0,0.0,0.0,49.0,0.0,0.0,0.0
421010358003,0.0,0.0,0.0,0.0,0.0,0.0,0.0
421010358001,0.0,0.0,0.0,16.0,0.0,0.0,17.0
421010359002,0.0,0.0,0.0,0.0,0.0,0.0,0.0
421010359001,0.0,0.0,0.0,0.0,35.0,0.0,41.0
421010362012,0.0,0.0,0.0,0.0,0.0,0.0,20.0
421010362011,18.0,0.0,0.0,0.0,0.0,0.0,41.0
421010362013,0.0,0.0,40.0,0.0,0.0,0.0,49.0
421010362021,0.0,0.0,0.0,0.0,0.0,0.0,106.0
421010362022,0.0,0.0,0.0,0.0,0.0,0.0,0.0
421010362023,0.0,0.0,0.0,0.0,0.0,0.0,0.0
421010362024,0.0,0.0,0.0,0.0,0.0,0.0,0.0
421010106002,16.0,16.0,0.0,0.0,0.0,0.0,87.0
421010131001,44.0,13.0,0.0,13.0,0.0,0.0,0.0
421010131002,62.0,13.0,0.0,0.0,0.0,0.0,0.0
421010138002,0.0,12.0,0.0,0.0,0.0,0.0,140.0
421010138001,0.0,0.0,0.0,0.0,0.0,0.0,128.0
421010162001,9.0,0.0,0.0,0.0,0.0,0.0,11.0
421010162002,12.0,0.0,0.0,0.0,0.0,0.0,31.0
421010162003,0.0,0.0,0.0,0.0,0.0,0.0,32.0
421010179002,41.0,41.0,0.0,0.0,0.0,0.0,128.0
421010179001,0.0,0.0,0.0,0.0,0.0,0.0,0.0
421010179005,0.0,0.0,0.0,0.0,0.0,0.0,42.0
421010179004,0.0,0.0,0.0,0.0,0.0,0.0,30.0
421010179003,0.0,0.0,0.0,0.0,0.0,0.0,0.0
421010183003,0.0,0.0,0.0,0.0,0.0,0.0,30.0
421010183002,0.0,0.0,30.0,0.0,0.0,0.0,39.0
421010183001,0.0,0.0,0.0,0.0,0.0,0.0,0.0
421010170001,25.0,9.0,0.0,0.0,0.0,0.0,26.0
421010243003,22.0,0.0,0.0,23.0,0.0,0.0,81.0
421010243002,68.0,0.0,0.0,21.0,0.0,0.0,53.0
421010243004,0.0,0.0,0.0,18.0,0.0,0.0,43.0
421010243001,22.0,16.0,28.0,0.0,0.0,0.0,59.0
421010276002,0.0,0.0,17.0,0.0,18.0,0.0,43.0
421010039023,0.0,0.0,0.0,0.0,0.0,0.0,0.0
421010078003,77.0,0.0,0.0,0.0,0.0,0.0,58.0
421010078004,26.0,0.0,0.0,0.0,0.0,0.0,0.0
421010078005,40.0,0.0,0.0,0.0,0.0,0.0,33.0
421010080001,32.0,0.0,0.0,0.0,0.0,0.0,85.0
421010094001,0.0,0.0,0.0,0.0,0.0,0.0,0.0
421010094002,33.0,0.0,0.0,0.0,0.0,0.0,22.0
421010340002,0.0,0.0,0.0,29.0,0.0,0.0,31.0
421010340003,0.0,0.0,0.0,0.0,0.0,0.0,23.0
421010340001,0.0,0.0,0.0,0.0,0.0,0.0,0.0
421010346001,39.0,0.0,21.0,0.0,0.0,0.0,8.0
421010348011,0.0,0.0,0.0,0.0,0.0,0.0,0.0
421010348012,0.0,9.0,53.0,0.0,0.0,0.0,26.0
421010061002,38.0,0.0,0.0,0.0,0.0,0.0,0.0
421010061001,22.0,0.0,21.0,21.0,0.0,0.0,54.0
421010022002,18.0,22.0,0.0,0.0,0.0,0.0,22.0
421010022003,62.0,20.0,0.0,0.0,0.0,0.0,59.0
421010022001,40.0,0.0,8.0,20.0,0.0,0.0,0.0
421010023001,0.0,24.0,0.0,18.0,0.0,0.0,0.0
421010023002,0.0,0.0,0.0,28.0,0.0,0.0,56.0
421010041012,15.0,0.0,0.0,0.0,0.0,0.0,0.0
421010041011,54.0,0.0,0.0,0.0,10.0,0.0,81.0
421010041013,17.0,30.0,0.0,54.0,17.0,0.0,0.0
421010041014,20.0,0.0,0.0,36.0,0.0,0.0,39.0
421010042024,0.0,0.0,0.0,0.0,0.0,0.0,0.0
421010042022,0.0,0.0,0.0,26.0,0.0,0.0,25.0
421010042023,0.0,29.0,27.0,0.0,0.0,0.0,0.0
421010042021,0.0,0.0,0.0,50.0,0.0,0.0,27.0
421010055003,0.0,41.0,0.0,0.0,0.0,0.0,16.0
421010069002,0.0,0.0,0.0,0.0,0.0,0.0,23.0
421010055002,0.0,0.0,40.0,0.0,0.0,0.0,59.0
421010055001,0.0,0.0,0.0,0.0,0.0,0.0,0.0
421010069001,12.0,0.0,0.0,0.0,0.0,0.0,0.0
421010349004,50.0,0.0,0.0,0.0,0.0,0.0,0.0
421010349002,0.0,0.0,13.0,0.0,0.0,0.0,29.0
421010349001,0.0,0.0,28.0,0.0,0.0,0.0,0.0
421010269002,13.0,0.0,13.0,12.0,0.0,0.0,21.0
421010269001,0.0,13.0,0.0,0.0,0.0,0.0,18.0
421010292003,0.0,0.0,0.0,0.0,0.0,0.0,11.0
421010292001,0.0,11.0,0.0,28.0,0.0,0.0,110.0
421010292002,0.0,0.0,0.0,0.0,0.0,0.0,0.0
421010313004,0.0,0.0,0.0,0.0,0.0,0.0,25.0
421010313001,24.0,0.0,25.0,0.0,0.0,0.0,0.0
421010313002,25.0,0.0,0.0,0.0,0.0,0.0,0.0
421010313005,0.0,0.0,0.0,0.0,0.0,0.0,41.0
421010313003,24.0,0.0,0.0,0.0,0.0,0.0,27.0
421010313006,51.0,0.0,0.0,0.0,0.0,0.0,0.0
421010325002,0.0,0.0,0.0,0.0,0.0,0.0,0.0
421010325004,0.0,0.0,49.0,49.0,0.0,0.0,49.0
421010325003,101.0,0.0,49.0,0.0,0.0,0.0,0.0
421010325001,0.0,0.0,12.0,0.0,0.0,0.0,0.0
421010014001,32.0,12.0,0.0,34.0,0.0,0.0,0.0
421010014002,36.0,0.0,0.0,0.0,0.0,0.0,35.0
421010301003,0.0,0.0,0.0,0.0,0.0,0.0,73.0
421010301004,15.0,0.0,0.0,0.0,0.0,0.0,0.0
421010137004,0.0,0.0,0.0,0.0,0.0,0.0,0.0
421010137001,41.0,0.0,0.0,0.0,0.0,0.0,73.0
421010137005,40.0,0.0,0.0,0.0,0.0,0.0,80.0
421010137003,0.0,0.0,0.0,0.0,0.0,0.0,167.0
421010137002,28.0,0.0,0.0,80.0,0.0,0.0,208.0
421010115002,0.0,0.0,0.0,16.0,0.0,0.0,16.0
421010115003,0.0,0.0,0.0,0.0,0.0,0.0,51.0
421010115001,0.0,0.0,0.0,15.0,0.0,0.0,21.0
421010115004,0.0,0.0,0.0,0.0,0.0,0.0,16.0
421010120001,10.0,0.0,10.0,0.0,0.0,0.0,22.0
421010120002,7.0,0.0,0.0,0.0,0.0,0.0,48.0
421010121001,81.0,0.0,0.0,0.0,0.0,0.0,19.0
421010121002,8.0,0.0,0.0,0.0,0.0,0.0,0.0
421010257003,0.0,0.0,8.0,0.0,0.0,0.0,24.0
421010257002,24.0,0.0,0.0,0.0,0.0,0.0,0.0
421010211002,78.0,0.0,0.0,0.0,0.0,0.0,0.0
421010211001,0.0,0.0,0.0,0.0,0.0,0.0,23.0
421010261001,23.0,0.0,24.0,0.0,0.0,0.0,50.0
421010261003,0.0,0.0,0.0,0.0,0.0,0.0,24.0
421010261002,0.0,0.0,0.0,0.0,0.0,0.0,24.0
421010272003,21.0,0.0,0.0,0.0,0.0,0.0,0.0
421010272001,0.0,0.0,0.0,0.0,0.0,0.0,0.0
421010272002,0.0,0.0,0.0,0.0,0.0,0.0,56.0
421010275001,0.0,0.0,0.0,0.0,0.0,0.0,21.0
421010275003,0.0,0.0,5.0,0.0,0.0,0.0,28.0
421010275002,0.0,0.0,0.0,0.0,0.0,0.0,53.0
421010275004,0.0,0.0,0.0,0.0,0.0,0.0,0.0
421010280004,0.0,25.0,0.0,0.0,0.0,0.0,93.0
421010280001,19.0,0.0,0.0,0.0,0.0,0.0,0.0
421010280003,0.0,0.0,0.0,0.0,0.0,0.0,48.0
421010280002,56.0,0.0,0.0,0.0,0.0,0.0,0.0
421010294001,0.0,0.0,20.0,0.0,0.0,0.0,19.0
421010166002,30.0,0.0,0.0,0.0,0.0,0.0,0.0
421010166001,29.0,15.0,0.0,0.0,4.0,0.0,9.0
421010173001,15.0,0.0,0.0,0.0,0.0,0.0,40.0
421010173002,51.0,0.0,22.0,0.0,0.0,0.0,176.0
421010175002,0.0,0.0,29.0,28.0,0.0,0.0,28.0
421010175006,0.0,0.0,0.0,0.0,0.0,0.0,89.0
421010175005,0.0,0.0,0.0,0.0,0.0,0.0,80.0
421010175003,0.0,0.0,0.0,0.0,0.0,0.0,30.0
421010175004,0.0,0.0,0.0,0.0,0.0,0.0,48.0
421010175001,0.0,0.0,18.0,0.0,0.0,0.0,28.0
421010176021,17.0,0.0,0.0,0.0,0.0,0.0,64.0
421010176022,12.0,0.0,0.0,0.0,0.0,0.0,17.0
421010176023,0.0,0.0,0.0,0.0,0.0,0.0,15.0
421010253004,0.0,0.0,8.0,0.0,0.0,0.0,25.0
421010253002,0.0,12.0,0.0,0.0,0.0,0.0,48.0
421010253003,49.0,0.0,0.0,24.0,0.0,0.0,48.0
421010253005,56.0,0.0,0.0,0.0,0.0,0.0,35.0
421010253001,23.0,25.0,0.0,0.0,0.0,0.0,119.0
421010238005,0.0,0.0,0.0,34.0,0.0,0.0,65.0
421010238002,37.0,0.0,0.0,0.0,0.0,0.0,66.0
421010238001,31.0,0.0,34.0,33.0,0.0,0.0,35.0
421010094004,33.0,0.0,0.0,12.0,0.0,0.0,49.0
421010094003,12.0,0.0,0.0,0.0,0.0,0.0,71.0
421010095003,23.0,0.0,0.0,0.0,0.0,0.0,138.0
421010095002,23.0,0.0,0.0,0.0,0.0,0.0,89.0
421010095004,21.0,0.0,0.0,0.0,0.0,0.0,60.0
421010095001,0.0,0.0,0.0,0.0,0.0,0.0,42.0
421010084004,23.0,0.0,0.0,0.0,0.0,0.0,81.0
421010084006,0.0,0.0,0.0,43.0,0.0,0.0,42.0
421010084001,0.0,0.0,21.0,0.0,0.0,0.0,0.0
421010084002,20.0,0.0,19.0,20.0,0.0,0.0,29.0
421010084005,20.0,0.0,0.0,0.0,0.0,0.0,94.0
421010084003,41.0,0.0,22.0,0.0,0.0,0.0,0.0
421010090001,20.0,0.0,0.0,0.0,0.0,0.0,45.0
421010090003,7.0,0.0,0.0,0.0,0.0,0.0,19.0
421010090002,0.0,0.0,0.0,0.0,0.0,0.0,0.0
421010090004,33.0,0.0,0.0,0.0,0.0,0.0,19.0
421010198002,0.0,0.0,0.0,0.0,0.0,0.0,17.0
421010198004,13.0,0.0,0.0,0.0,0.0,0.0,21.0
421010198003,16.0,0.0,0.0,0.0,0.0,0.0,0.0
421010198005,0.0,0.0,0.0,0.0,0.0,0.0,22.0
421010198001,0.0,0.0,0.0,0.0,0.0,0.0,82.0
421010198006,17.0,15.0,0.0,0.0,0.0,0.0,42.0
421010212001,0.0,0.0,0.0,0.0,0.0,0.0,0.0
421010212002,24.0,0.0,0.0,0.0,0.0,0.0,26.0
421010213001,0.0,0.0,0.0,0.0,0.0,0.0,0.0
421010213002,34.0,0.0,0.0,0.0,0.0,0.0,0.0
421010213004,0.0,0.0,0.0,0.0,0.0,0.0,0.0
421010213005,30.0,0.0,28.0,0.0,0.0,0.0,0.0
421010213003,0.0,0.0,0.0,0.0,0.0,0.0,79.0
421010217003,50.0,0.0,0.0,0.0,0.0,0.0,0.0
421010217004,0.0,0.0,0.0,0.0,0.0,0.0,0.0
421010217002,0.0,0.0,0.0,0.0,0.0,0.0,0.0
421010217001,0.0,0.0,53.0,0.0,0.0,0.0,11.0
421010031001,0.0,0.0,0.0,37.0,25.0,0.0,62.0
421010031002,0.0,0.0,0.0,21.0,0.0,0.0,41.0
421010031004,0.0,0.0,0.0,0.0,0.0,0.0,42.0
421010031005,21.0,0.0,0.0,28.0,0.0,0.0,64.0
421010031003,0.0,0.0,0.0,0.0,0.0,0.0,44.0
421010032001,40.0,0.0,20.0,0.0,0.0,0.0,83.0
421010032004,18.0,0.0,19.0,0.0,0.0,0.0,114.0
421010032006,23.0,22.0,7.0,0.0,0.0,0.0,84.0
421010032003,0.0,0.0,11.0,0.0,0.0,0.0,86.0
421010032005,0.0,0.0,0.0,23.0,0.0,0.0,106.0
421010032002,0.0,21.0,0.0,26.0,0.0,0.0,96.0
421010040013,0.0,0.0,0.0,0.0,16.0,0.0,27.0
421010040011,0.0,0.0,0.0,18.0,0.0,0.0,57.0
421010040012,29.0,0.0,0.0,0.0,0.0,0.0,18.0
421010040014,0.0,0.0,0.0,0.0,0.0,0.0,24.0
421010062003,0.0,0.0,0.0,0.0,0.0,0.0,16.0
421010062002,16.0,0.0,0.0,0.0,0.0,0.0,0.0
421010072006,65.0,0.0,0.0,11.0,0.0,0.0,40.0
421010062004,51.0,0.0,0.0,0.0,0.0,0.0,0.0
421010062001,0.0,16.0,0.0,0.0,0.0,0.0,24.0
421010072001,30.0,0.0,0.0,0.0,0.0,0.0,36.0
421010072002,0.0,0.0,32.0,0.0,0.0,0.0,39.0
421010072003,0.0,0.0,0.0,0.0,0.0,0.0,0.0
421010072005,26.0,0.0,0.0,0.0,0.0,0.0,0.0
421010072004,20.0,0.0,0.0,0.0,0.0,0.0,12.0
421010363012,0.0,0.0,27.0,0.0,0.0,0.0,0.0
421010363011,0.0,0.0,0.0,0.0,0.0,0.0,48.0
421010353022,0.0,0.0,0.0,0.0,0.0,0.0,35.0
421010353021,27.0,0.0,0.0,0.0,0.0,0.0,0.0
421010355003,51.0,0.0,0.0,0.0,47.0,0.0,35.0
421010355001,0.0,0.0,0.0,0.0,0.0,0.0,0.0
421010355002,0.0,0.0,0.0,0.0,0.0,0.0,0.0
421010362031,50.0,27.0,0.0,0.0,0.0,0.0,0.0
421010294003,36.0,0.0,0.0,0.0,0.0,0.0,102.0
421010294002,37.0,19.0,0.0,0.0,20.0,0.0,50.0
421010300007,79.0,0.0,34.0,0.0,38.0,0.0,78.0
421010300003,0.0,0.0,0.0,0.0,0.0,0.0,74.0
421010300004,0.0,0.0,0.0,0.0,28.0,0.0,28.0
421010300006,0.0,0.0,0.0,0.0,0.0,0.0,99.0
421010300005,0.0,0.0,0.0,0.0,0.0,0.0,80.0
421010300002,0.0,0.0,32.0,0.0,37.0,0.0,53.0
421010300001,0.0,0.0,25.0,0.0,0.0,0.0,21.0
421010188004,0.0,0.0,0.0,0.0,0.0,0.0,106.0
421010188007,36.0,0.0,0.0,0.0,0.0,0.0,0.0
421010188002,0.0,0.0,0.0,0.0,35.0,0.0,35.0
421010188001,0.0,0.0,0.0,0.0,0.0,0.0,37.0
421010188003,0.0,0.0,0.0,0.0,0.0,0.0,35.0
421010188006,0.0,0.0,14.0,0.0,0.0,0.0,104.0
421010188005,72.0,0.0,0.0,0.0,0.0,0.0,39.0
421010191002,0.0,0.0,0.0,0.0,0.0,0.0,0.0
421010191001,0.0,0.0,0.0,0.0,0.0,0.0,0.0
421010238003,36.0,0.0,0.0,0.0,0.0,0.0,0.0
421010238004,115.0,31.0,33.0,0.0,0.0,0.0,31.0
421010252001,0.0,0.0,0.0,0.0,0.0,0.0,33.0
421010252006,34.0,0.0,0.0,0.0,0.0,0.0,35.0
421010252007,0.0,0.0,0.0,0.0,0.0,0.0,34.0
421010252005,0.0,0.0,0.0,0.0,31.0,0.0,34.0
421010252003,0.0,0.0,0.0,0.0,0.0,0.0,195.0
421010252004,34.0,0.0,0.0,0.0,0.0,0.0,22.0
421010252002,0.0,0.0,0.0,0.0,0.0,0.0,104.0
421010262004,0.0,0.0,39.0,0.0,0.0,0.0,111.0
421010262002,0.0,0.0,0.0,0.0,32.0,0.0,0.0
421010262001,0.0,0.0,0.0,0.0,0.0,0.0,0.0
421010262003,0.0,0.0,0.0,0.0,0.0,0.0,44.0
421010273001,0.0,0.0,0.0,0.0,0.0,0.0,37.0
421010273002,33.0,0.0,0.0,0.0,0.0,0.0,40.0
421010273003,21.0,0.0,0.0,0.0,0.0,0.0,0.0
421010273005,30.0,0.0,0.0,0.0,0.0,0.0,0.0
421010273004,0.0,0.0,0.0,0.0,24.0,0.0,0.0
421010284002,0.0,0.0,0.0,0.0,0.0,0.0,0.0
421010284003,16.0,0.0,0.0,0.0,0.0,0.0,33.0
421010218003,95.0,0.0,0.0,0.0,0.0,0.0,0.0
421019801001,0.0,0.0,0.0,0.0,0.0,0.0,0.0
421019891001,0.0,0.0,0.0,0.0,0.0,0.0,0.0
421010167024,38.0,0.0,0.0,0.0,0.0,0.0,76.0
421010167021,16.0,0.0,0.0,0.0,0.0,0.0,115.0
421010167022,0.0,0.0,0.0,0.0,0.0,0.0,85.0
421010167023,0.0,0.0,9.0,0.0,0.0,0.0,103.0
421010063003,0.0,0.0,0.0,0.0,0.0,0.0,16.0
421010063001,0.0,10.0,0.0,0.0,0.0,0.0,50.0
421010063004,0.0,0.0,16.0,16.0,0.0,0.0,93.0
421010073001,31.0,0.0,0.0,0.0,0.0,0.0,30.0
421010073002,0.0,0.0,27.0,0.0,0.0,0.0,62.0
421010073003,14.0,0.0,0.0,0.0,0.0,0.0,0.0
421010073004,0.0,0.0,32.0,0.0,0.0,0.0,76.0
421010079001,0.0,0.0,0.0,0.0,0.0,0.0,12.0
421010079003,0.0,0.0,0.0,0.0,0.0,0.0,95.0
421010079002,0.0,0.0,0.0,0.0,0.0,0.0,0.0
421010079004,78.0,0.0,0.0,0.0,0.0,0.0,23.0
421010085002,27.0,0.0,0.0,0.0,0.0,0.0,56.0
421010085005,81.0,28.0,0.0,0.0,0.0,0.0,0.0
421010085006,0.0,0.0,0.0,0.0,0.0,0.0,0.0
421010085003,57.0,0.0,27.0,81.0,0.0,0.0,0.0
421010085004,0.0,0.0,0.0,0.0,0.0,0.0,92.0
421010085007,0.0,28.0,25.0,30.0,0.0,0.0,19.0
421010085001,0.0,0.0,0.0,0.0,0.0,0.0,27.0
421010096001,0.0,0.0,21.0,0.0,0.0,0.0,76.0
421010096003,21.0,0.0,0.0,0.0,0.0,0.0,63.0
421010096002,0.0,0.0,42.0,0.0,0.0,0.0,64.0
421010362032,0.0,0.0,0.0,0.0,0.0,0.0,0.0
421010362033,0.0,0.0,23.0,0.0,0.0,0.0,9.0
421010364001,0.0,0.0,0.0,0.0,0.0,0.0,0.0
421010205001,27.0,0.0,0.0,0.0,0.0,0.0,76.0
421010205002,48.0,0.0,0.0,0.0,0.0,0.0,96.0
421010218001,69.0,0.0,0.0,0.0,0.0,0.0,0.0
421010218002,0.0,0.0,0.0,0.0,0.0,0.0,0.0
421010219001,15.0,0.0,18.0,15.0,0.0,0.0,24.0
421010248002,13.0,0.0,0.0,13.0,0.0,0.0,55.0
421010241001,25.0,8.0,9.0,8.0,0.0,0.0,67.0
421010248001,0.0,0.0,0.0,0.0,0.0,0.0,29.0
421010064001,10.0,0.0,20.0,0.0,0.0,0.0,41.0
421010064002,49.0,0.0,40.0,36.0,0.0,0.0,17.0
421010064003,0.0,18.0,0.0,0.0,0.0,0.0,30.0
421010065006,0.0,25.0,0.0,0.0,0.0,0.0,132.0
421010065001,0.0,0.0,0.0,0.0,0.0,0.0,17.0
421010065003,0.0,0.0,17.0,0.0,0.0,0.0,17.0
421010065002,0.0,0.0,0.0,0.0,0.0,0.0,35.0
421010065004,0.0,0.0,0.0,0.0,0.0,0.0,52.0
421010065005,37.0,32.0,0.0,0.0,0.0,0.0,50.0
421010066004,26.0,14.0,0.0,0.0,0.0,0.0,38.0
421010066002,19.0,18.0,0.0,19.0,0.0,0.0,55.0
421010066001,18.0,0.0,0.0,0.0,0.0,0.0,60.0
421010066003,18.0,0.0,20.0,0.0,0.0,0.0,40.0
421010091002,0.0,51.0,0.0,0.0,0.0,0.0,32.0
421010074002,41.0,0.0,0.0,0.0,0.0,0.0,40.0
421010074001,20.0,0.0,0.0,0.0,0.0,0.0,9.0
421010074003,0.0,0.0,0.0,0.0,0.0,0.0,20.0
421010074004,51.0,0.0,0.0,0.0,0.0,0.0,119.0
421010074005,34.0,0.0,0.0,0.0,0.0,0.0,60.0
421010255003,0.0,0.0,28.0,0.0,0.0,0.0,27.0
421010255002,0.0,0.0,0.0,0.0,0.0,0.0,11.0
421010255001,0.0,0.0,0.0,0.0,0.0,0.0,30.0
421010256002,0.0,0.0,0.0,0.0,26.0,0.0,0.0
421010256003,26.0,0.0,0.0,0.0,0.0,0.0,32.0
421010256001,0.0,0.0,0.0,0.0,0.0,0.0,9.0
421010263012,0.0,0.0,0.0,0.0,0.0,0.0,17.0
421010263014,0.0,0.0,0.0,0.0,0.0,0.0,60.0
421010263011,14.0,0.0,0.0,0.0,0.0,0.0,62.0
421010263013,0.0,0.0,0.0,0.0,0.0,0.0,0.0
421010270002,41.0,0.0,0.0,0.0,0.0,0.0,0.0
421010270001,13.0,0.0,0.0,11.0,0.0,0.0,13.0
421010247001,0.0,0.0,0.0,0.0,0.0,0.0,0.0
421010247004,0.0,0.0,0.0,39.0,0.0,0.0,94.0
421010247003,0.0,0.0,0.0,0.0,0.0,0.0,38.0
421019807001,0.0,0.0,0.0,0.0,0.0,0.0,0.0
421010027012,0.0,17.0,17.0,0.0,0.0,0.0,89.0
421010027011,17.0,0.0,23.0,11.0,0.0,0.0,47.0
421010027013,0.0,0.0,59.0,0.0,0.0,0.0,34.0
421019806001,0.0,0.0,0.0,0.0,0.0,0.0,0.0
421010337012,35.0,0.0,0.0,0.0,0.0,0.0,0.0
421010337013,93.0,0.0,0.0,0.0,0.0,0.0,0.0
421010337011,0.0,0.0,0.0,0.0,0.0,0.0,0.0
421010279011,0.0,0.0,0.0,0.0,0.0,0.0,19.0
421010279013,15.0,0.0,0.0,0.0,0.0,0.0,92.0
421010279012,18.0,0.0,0.0,0.0,0.0,0.0,61.0
421010279014,0.0,0.0,18.0,0.0,0.0,0.0,55.0
421010279021,0.0,0.0,0.0,11.0,5.0,0.0,24.0
421010279022,11.0,0.0,0.0,0.0,11.0,0.0,116.0
421010081012,0.0,0.0,22.0,0.0,0.0,0.0,70.0
421010081011,0.0,0.0,46.0,0.0,0.0,0.0,69.0
421010081013,0.0,0.0,0.0,0.0,0.0,0.0,45.0
421010071022,0.0,0.0,0.0,20.0,0.0,0.0,20.0
421010071023,20.0,0.0,0.0,7.0,0.0,0.0,33.0
421010071021,21.0,0.0,0.0,0.0,0.0,0.0,101.0
421010071024,0.0,0.0,0.0,0.0,0.0,0.0,58.0
421010071025,21.0,0.0,24.0,18.0,0.0,0.0,0.0
421010088021,0.0,40.0,0.0,9.0,0.0,0.0,50.0
421010088022,62.0,20.0,0.0,0.0,0.0,0.0,0.0
421010088023,0.0,0.0,0.0,0.0,0.0,0.0,28.0
421010088024,28.0,0.0,0.0,0.0,0.0,0.0,0.0
421010087021,55.0,21.0,0.0,20.0,0.0,0.0,41.0
421010087022,21.0,0.0,0.0,0.0,0.0,0.0,22.0
421010081024,0.0,0.0,0.0,29.0,0.0,0.0,57.0
421010087011,0.0,0.0,0.0,0.0,0.0,0.0,0.0
421010087012,0.0,31.0,0.0,60.0,0.0,0.0,0.0
421010087013,42.0,0.0,0.0,0.0,0.0,0.0,0.0
421010081022,0.0,0.0,0.0,0.0,0.0,0.0,0.0
421010081021,0.0,0.0,0.0,0.0,0.0,0.0,68.0
421010081025,0.0,0.0,0.0,34.0,0.0,0.0,88.0
421010081023,0.0,11.0,0.0,0.0,0.0,0.0,66.0
421010086021,19.0,0.0,40.0,0.0,0.0,0.0,32.0
421010086022,47.0,0.0,0.0,21.0,21.0,0.0,56.0
421010145001,0.0,0.0,10.0,0.0,0.0,0.0,28.0
421010145002,0.0,0.0,0.0,0.0,0.0,0.0,29.0
421010165001,0.0,0.0,0.0,0.0,0.0,0.0,63.0
421010165003,0.0,0.0,0.0,0.0,30.0,0.0,39.0
421010165002,0.0,0.0,0.0,0.0,0.0,0.0,108.0
421010236001,0.0,0.0,0.0,0.0,0.0,0.0,27.0
421010236002,45.0,26.0,9.0,0.0,0.0,0.0,26.0
421010236003,0.0,0.0,0.0,0.0,0.0,0.0,26.0
421010242003,24.0,0.0,20.0,20.0,0.0,0.0,78.0
421010239002,225.0,0.0,0.0,0.0,18.0,0.0,0.0
421010239001,87.0,16.0,0.0,0.0,0.0,0.0,17.0
421010242002,13.0,0.0,0.0,0.0,0.0,0.0,59.0
421010242001,0.0,0.0,0.0,0.0,0.0,0.0,22.0
421010242004,23.0,0.0,32.0,21.0,0.0,0.0,99.0
421010245003,7.0,0.0,0.0,0.0,0.0,0.0,116.0
421010140003,32.0,0.0,21.0,0.0,32.0,0.0,46.0
421010140001,46.0,0.0,0.0,0.0,0.0,0.0,152.0
421010140002,0.0,0.0,0.0,0.0,0.0,0.0,22.0
421010096005,19.0,0.0,23.0,0.0,0.0,0.0,0.0
421010096004,21.0,0.0,0.0,21.0,0.0,0.0,67.0
421010118002,0.0,33.0,0.0,0.0,0.0,0.0,30.0
421010118006,0.0,0.0,0.0,0.0,0.0,0.0,0.0
421010118005,0.0,0.0,0.0,0.0,0.0,0.0,10.0
421010118001,30.0,0.0,0.0,0.0,0.0,0.0,0.0
421010118003,0.0,32.0,0.0,0.0,0.0,0.0,44.0
421010118004,0.0,0.0,0.0,0.0,0.0,0.0,0.0
421010119002,52.0,0.0,31.0,0.0,0.0,0.0,21.0
421010119005,0.0,0.0,0.0,0.0,0.0,0.0,0.0
421010119004,25.0,0.0,0.0,0.0,0.0,0.0,154.0
421010119001,41.0,0.0,25.0,0.0,0.0,0.0,27.0
421010119003,26.0,0.0,0.0,0.0,0.0,0.0,56.0
421010139002,22.0,31.0,0.0,0.0,0.0,0.0,24.0
421010139001,20.0,0.0,0.0,0.0,0.0,0.0,60.0
421010139003,0.0,0.0,0.0,20.0,0.0,0.0,0.0
421010092001,32.0,0.0,0.0,0.0,0.0,0.0,50.0
421010092002,52.0,15.0,0.0,0.0,9.0,0.0,140.0
421010091003,7.0,0.0,0.0,0.0,2.0,0.0,73.0
421010091001,0.0,23.0,0.0,0.0,9.0,0.0,0.0
421010103001,49.0,17.0,7.0,0.0,0.0,0.0,33.0
421010103002,36.0,0.0,48.0,32.0,0.0,0.0,95.0
421010105003,17.0,0.0,0.0,0.0,0.0,0.0,31.0
421010105001,8.0,0.0,0.0,0.0,0.0,0.0,19.0
421010105002,17.0,0.0,42.0,0.0,0.0,0.0,86.0
421010314023,17.0,0.0,0.0,0.0,0.0,0.0,57.0
421010167011,0.0,0.0,0.0,0.0,0.0,0.0,201.0
421010167013,36.0,17.0,0.0,0.0,0.0,0.0,155.0
421010167012,0.0,0.0,0.0,0.0,0.0,0.0,58.0
421010039014,0.0,0.0,0.0,0.0,0.0,0.0,0.0
421010020001,0.0,13.0,19.0,12.0,0.0,0.0,88.0
421010020002,0.0,0.0,0.0,0.0,0.0,0.0,100.0
421010039011,64.0,0.0,0.0,0.0,0.0,0.0,0.0
421010039012,39.0,0.0,0.0,0.0,0.0,0.0,0.0
421010039013,0.0,0.0,26.0,0.0,0.0,0.0,0.0
421010050001,0.0,0.0,0.0,0.0,0.0,0.0,0.0
421010054001,31.0,0.0,0.0,15.0,7.0,0.0,0.0
421010276001,49.0,31.0,19.0,0.0,0.0,0.0,17.0
421010016001,22.0,0.0,22.0,21.0,0.0,0.0,23.0
421010276003,17.0,0.0,0.0,0.0,0.0,0.0,112.0
421010276004,18.0,17.0,0.0,11.0,0.0,0.0,0.0
421010016002,12.0,0.0,22.0,46.0,0.0,0.0,23.0
421010039021,71.0,0.0,0.0,0.0,0.0,0.0,0.0
421010039024,0.0,0.0,71.0,0.0,0.0,0.0,35.0
421010039022,0.0,0.0,0.0,0.0,0.0,0.0,70.0
421010306004,0.0,0.0,0.0,0.0,0.0,0.0,66.0
421010302002,0.0,0.0,0.0,0.0,0.0,0.0,37.0
421010302005,55.0,0.0,0.0,0.0,0.0,0.0,39.0
421010306006,0.0,0.0,0.0,39.0,0.0,0.0,0.0
421010306001,0.0,0.0,0.0,0.0,38.0,0.0,72.0
421010306003,0.0,0.0,0.0,0.0,0.0,0.0,0.0
421010306005,0.0,38.0,0.0,0.0,0.0,0.0,0.0
421010306007,0.0,0.0,0.0,0.0,0.0,0.0,38.0
421010306002,0.0,0.0,0.0,0.0,0.0,0.0,0.0
421010316001,0.0,0.0,0.0,0.0,0.0,0.0,28.0
421010316007,0.0,0.0,0.0,0.0,0.0,0.0,0.0
421010316005,0.0,0.0,0.0,0.0,0.0,0.0,0.0
421010316002,0.0,0.0,0.0,0.0,0.0,0.0,0.0
421010316003,0.0,0.0,0.0,0.0,0.0,0.0,0.0
421010316004,0.0,0.0,0.0,0.0,0.0,0.0,24.0
421010015001,0.0,0.0,0.0,0.0,0.0,0.0,49.0
421010029001,0.0,80.0,0.0,0.0,17.0,0.0,15.0
421010029003,0.0,0.0,109.0,79.0,0.0,0.0,46.0
421010029002,0.0,0.0,0.0,0.0,0.0,0.0,0.0
421010015002,24.0,23.0,23.0,0.0,8.0,0.0,0.0
421010037021,20.0,0.0,0.0,0.0,0.0,0.0,23.0
421010037023,0.0,0.0,26.0,0.0,0.0,0.0,0.0
421010037022,0.0,0.0,49.0,0.0,0.0,0.0,20.0
421010244003,22.0,0.0,0.0,22.0,0.0,0.0,67.0
421010106001,0.0,0.0,0.0,0.0,0.0,0.0,108.0
421010244002,19.0,0.0,0.0,0.0,0.0,0.0,44.0
421010244001,21.0,22.0,0.0,0.0,0.0,0.0,66.0
421010246002,36.0,0.0,0.0,0.0,0.0,0.0,116.0
421010246001,31.0,0.0,9.0,0.0,0.0,0.0,87.0
421010246003,0.0,0.0,14.0,0.0,0.0,0.0,68.0
421010249003,28.0,0.0,0.0,0.0,0.0,0.0,93.0
421010357011,40.0,0.0,0.0,0.0,0.0,0.0,0.0
421010357012,0.0,0.0,0.0,0.0,0.0,0.0,0.0
421010357021,23.0,0.0,0.0,0.0,0.0,0.0,67.0
421010357022,0.0,0.0,0.0,23.0,10.0,0.0,77.0
421010356014,0.0,0.0,16.0,0.0,0.0,0.0,0.0
421010356012,0.0,0.0,71.0,0.0,0.0,0.0,0.0
421010356013,0.0,0.0,0.0,0.0,0.0,0.0,0.0
421010356011,85.0,0.0,0.0,0.0,0.0,0.0,0.0
421010151012,0.0,0.0,13.0,13.0,0.0,0.0,114.0
421010151011,0.0,0.0,39.0,0.0,0.0,0.0,156.0
421010151021,73.0,0.0,0.0,0.0,0.0,0.0,199.0
421010151023,35.0,0.0,0.0,0.0,0.0,0.0,195.0
421010151022,0.0,0.0,0.0,0.0,0.0,0.0,104.0
421010365013,38.0,0.0,0.0,0.0,0.0,0.0,0.0
421010365012,0.0,0.0,0.0,0.0,0.0,0.0,0.0
421010365011,0.0,0.0,12.0,0.0,0.0,0.0,37.0
421019804001,0.0,0.0,0.0,0.0,0.0,0.0,0.0
421010134022,0.0,0.0,0.0,0.0,0.0,0.0,21.0
421010134021,22.0,0.0,0.0,0.0,8.0,0.0,7.0
421010134023,24.0,0.0,0.0,0.0,0.0,0.0,23.0
421010134011,32.0,0.0,0.0,0.0,66.0,0.0,31.0
421010379003,0.0,0.0,37.0,0.0,0.0,0.0,13.0
421010134012,0.0,0.0,0.0,0.0,0.0,0.0,0.0
421010136011,30.0,29.0,0.0,0.0,0.0,0.0,29.0
421010136012,0.0,0.0,0.0,0.0,13.0,0.0,0.0
421010379005,0.0,0.0,0.0,0.0,0.0,0.0,0.0
421010379001,0.0,0.0,0.0,44.0,0.0,0.0,35.0
421010379004,0.0,0.0,0.0,0.0,0.0,0.0,11.0
421010379002,0.0,0.0,0.0,0.0,0.0,0.0,0.0
421010379006,37.0,0.0,0.0,0.0,0.0,0.0,78.0
421010381002,0.0,0.0,0.0,0.0,0.0,0.0,0.0
421010384002,0.0,0.0,0.0,0.0,0.0,0.0,0.0
421010384001,0.0,0.0,0.0,16.0,0.0,0.0,0.0
421010028011,14.0,20.0,22.0,0.0,8.0,0.0,80.0
421010028013,21.0,0.0,60.0,0.0,0.0,0.0,0.0
421019805001,0.0,0.0,0.0,0.0,0.0,0.0,0.0
421010008011,20.0,50.0,39.0,28.0,63.0,0.0,0.0
421010011012,0.0,0.0,45.0,0.0,0.0,0.0,0.0
421010011014,0.0,0.0,0.0,0.0,46.0,0.0,0.0
421010011011,7.0,34.0,46.0,0.0,0.0,0.0,15.0
421010011013,110.0,0.0,0.0,0.0,45.0,0.0,0.0
421010274022,0.0,0.0,26.0,0.0,0.0,0.0,0.0
421010274023,23.0,0.0,0.0,0.0,0.0,0.0,0.0
421010274021,0.0,0.0,0.0,0.0,0.0,0.0,62.0
421010274024,57.0,0.0,0.0,0.0,0.0,0.0,23.0
421010274025,0.0,0.0,0.0,0.0,0.0,0.0,27.0
421010365021,0.0,0.0,0.0,40.0,0.0,0.0,0.0
421010086012,63.0,22.0,0.0,0.0,0.0,0.0,68.0
421010086011,0.0,0.0,0.0,0.0,0.0,0.0,21.0
421010365022,0.0,0.0,0.0,0.0,0.0,0.0,0.0
421010367001,15.0,16.0,0.0,16.0,16.0,0.0,21.0
421010367002,15.0,0.0,0.0,16.0,15.0,0.0,44.0
421010376002,61.0,25.0,0.0,14.0,0.0,0.0,0.0
421010376001,0.0,0.0,0.0,0.0,0.0,0.0,0.0
421010386001,0.0,0.0,0.0,0.0,6.0,0.0,0.0
421010385002,14.0,14.0,0.0,0.0,14.0,0.0,22.0
421010385001,0.0,0.0,0.0,0.0,0.0,0.0,0.0
421010387002,16.0,0.0,0.0,16.0,0.0,0.0,4.0
421010387001,0.0,0.0,0.0,0.0,0.0,0.0,5.0
421010388004,57.0,0.0,0.0,0.0,8.0,0.0,25.0
421010388002,0.0,0.0,0.0,0.0,0.0,0.0,70.0
421010388001,0.0,0.0,0.0,0.0,0.0,0.0,23.0
421010388003,23.0,0.0,0.0,0.0,0.0,0.0,0.0
421010060001,0.0,0.0,73.0,0.0,0.0,0.0,0.0
421010060002,0.0,0.0,0.0,0.0,0.0,0.0,118.0
421010060005,0.0,0.0,0.0,42.0,0.0,0.0,0.0
421010060004,0.0,0.0,25.0,0.0,0.0,0.0,25.0
421010060003,0.0,0.0,0.0,0.0,0.0,0.0,40.0
421010111002,30.0,0.0,0.0,0.0,0.0,0.0,54.0
421010111003,32.0,0.0,12.0,0.0,0.0,0.0,151.0
421010111001,20.0,0.0,0.0,0.0,0.0,0.0,39.0
421010111004,13.0,0.0,20.0,0.0,0.0,0.0,52.0
421010111005,0.0,0.0,13.0,0.0,0.0,0.0,54.0
421010082001,0.0,0.0,44.0,0.0,44.0,0.0,135.0
421010082006,44.0,0.0,0.0,0.0,0.0,0.0,0.0
421010082002,0.0,0.0,44.0,0.0,0.0,0.0,53.0
421010082004,0.0,0.0,0.0,44.0,0.0,0.0,42.0
421010082005,0.0,0.0,23.0,0.0,0.0,0.0,49.0
421010082003,0.0,0.0,87.0,0.0,0.0,0.0,0.0
421010082007,0.0,0.0,0.0,0.0,0.0,0.0,0.0
421010083012,89.0,24.0,0.0,26.0,0.0,0.0,103.0
421010083011,26.0,0.0,0.0,0.0,0.0,0.0,44.0
421010083013,0.0,45.0,0.0,0.0,0.0,0.0,21.0
421010083021,0.0,0.0,0.0,0.0,0.0,0.0,69.0
421010083022,48.0,23.0,23.0,0.0,0.0,0.0,117.0
421010083023,57.0,0.0,0.0,22.0,0.0,0.0,10.0
421010083024,18.0,0.0,22.0,0.0,0.0,0.0,70.0
421010249004,0.0,0.0,0.0,0.0,0.0,0.0,0.0
421010249002,30.0,0.0,33.0,0.0,0.0,0.0,83.0
421010249001,0.0,0.0,10.0,0.0,0.0,0.0,33.0
421010258001,16.0,0.0,0.0,0.0,0.0,0.0,59.0
421010265005,0.0,0.0,0.0,0.0,0.0,0.0,43.0
421010265001,30.0,0.0,0.0,0.0,0.0,0.0,48.0
421010265003,0.0,0.0,0.0,0.0,0.0,0.0,22.0
421010265004,0.0,0.0,0.0,0.0,0.0,0.0,64.0
421010265006,0.0,0.0,0.0,0.0,22.0,0.0,0.0
421010265002,0.0,0.0,0.0,0.0,0.0,0.0,44.0
421010267002,0.0,0.0,0.0,0.0,0.0,0.0,59.0
421010267006,0.0,0.0,0.0,0.0,0.0,0.0,50.0
421010267007,0.0,0.0,0.0,0.0,0.0,0.0,92.0
421010267003,0.0,0.0,0.0,0.0,0.0,0.0,43.0
421010267004,0.0,0.0,30.0,0.0,0.0,0.0,0.0
421010267005,0.0,0.0,0.0,0.0,0.0,0.0,31.0
421010267001,31.0,0.0,0.0,0.0,0.0,0.0,25.0
421010190003,0.0,0.0,15.0,0.0,0.0,0.0,0.0
421010183004,20.0,0.0,0.0,0.0,0.0,0.0,88.0
421010190004,31.0,0.0,0.0,0.0,0.0,0.0,36.0
421010190001,0.0,0.0,0.0,0.0,0.0,0.0,0.0
421010190002,40.0,0.0,0.0,0.0,0.0,0.0,0.0
421010190005,24.0,0.0,0.0,0.0,0.0,0.0,0.0
421010206001,137.0,0.0,0.0,9.0,0.0,0.0,60.0
421010215003,25.0,0.0,0.0,0.0,0.0,0.0,0.0
421010215001,25.0,0.0,0.0,0.0,0.0,0.0,0.0
421010215002,106.0,27.0,0.0,0.0,0.0,0.0,0.0
421010215004,0.0,0.0,0.0,0.0,0.0,0.0,25.0
421010216001,0.0,0.0,0.0,0.0,0.0,0.0,0.0
421010216002,35.0,0.0,0.0,18.0,0.0,0.0,0.0
421010220001,32.0,19.0,0.0,18.0,0.0,0.0,0.0
421010002001,33.0,0.0,76.0,0.0,9.0,0.0,0.0
421010006001,82.0,28.0,5.0,0.0,16.0,0.0,0.0
421010078001,0.0,0.0,0.0,0.0,0.0,0.0,0.0
421010078002,0.0,0.0,0.0,0.0,0.0,0.0,32.0
421010093002,30.0,0.0,0.0,0.0,0.0,0.0,72.0
421010093001,0.0,0.0,0.0,0.0,0.0,0.0,18.0
421010093004,21.0,0.0,28.0,0.0,0.0,0.0,69.0
421010093003,37.0,0.0,0.0,0.0,0.0,0.0,102.0
421010093005,37.0,0.0,20.0,0.0,0.0,0.0,257.0
421010321002,21.0,0.0,0.0,0.0,0.0,0.0,0.0
421010321001,21.0,0.0,22.0,0.0,0.0,0.0,40.0
421010321003,0.0,0.0,0.0,25.0,0.0,0.0,42.0
421010214001,86.0,0.0,0.0,0.0,0.0,0.0,45.0
421010214005,0.0,0.0,0.0,0.0,0.0,0.0,0.0
421010214004,68.0,0.0,0.0,0.0,0.0,0.0,0.0
421010214002,0.0,0.0,0.0,0.0,0.0,0.0,0.0
421010214003,33.0,0.0,0.0,0.0,0.0,0.0,22.0
421010349003,25.0,0.0,0.0,0.0,0.0,0.0,32.0
421010317004,0.0,0.0,0.0,0.0,0.0,0.0,0.0
421010317003,0.0,0.0,45.0,0.0,0.0,0.0,0.0
421010317005,0.0,0.0,0.0,0.0,0.0,0.0,0.0
421010317001,74.0,0.0,0.0,0.0,0.0,0.0,0.0
421010317002,0.0,0.0,0.0,0.0,0.0,0.0,0.0
421010318003,0.0,0.0,27.0,0.0,0.0,0.0,21.0
421010318002,22.0,0.0,0.0,0.0,34.0,0.0,0.0
421010318004,0.0,0.0,0.0,0.0,0.0,0.0,0.0
421010318001,0.0,0.0,0.0,0.0,8.0,0.0,0.0
421010323001,32.0,0.0,0.0,0.0,0.0,0.0,0.0
421010323003,17.0,0.0,0.0,28.0,0.0,0.0,30.0
421010323002,17.0,0.0,59.0,0.0,0.0,0.0,37.0
421010334001,0.0,0.0,0.0,0.0,0.0,0.0,0.0
421010334004,81.0,0.0,20.0,0.0,0.0,0.0,0.0
421010334002,23.0,0.0,0.0,0.0,0.0,0.0,0.0
421010334003,18.0,0.0,0.0,0.0,0.0,0.0,0.0
421010339001,0.0,0.0,9.0,0.0,0.0,0.0,0.0
421010339002,31.0,0.0,0.0,0.0,0.0,0.0,59.0
421010339003,0.0,0.0,0.0,0.0,0.0,0.0,30.0
421010361002,0.0,0.0,64.0,0.0,0.0,0.0,26.0
421010109003,8.0,0.0,0.0,0.0,13.0,0.0,33.0
421010102001,18.0,0.0,0.0,0.0,0.0,0.0,34.0
421010102002,36.0,22.0,0.0,39.0,0.0,0.0,35.0
421010102003,36.0,0.0,0.0,0.0,0.0,0.0,0.0
421010109002,24.0,0.0,0.0,18.0,0.0,0.0,0.0
421010109001,36.0,0.0,0.0,0.0,21.0,0.0,64.0
421010069003,30.0,0.0,0.0,0.0,0.0,0.0,97.0
421010077002,0.0,10.0,0.0,0.0,0.0,0.0,24.0
421010077001,66.0,0.0,0.0,0.0,10.0,0.0,58.0
421010110004,24.0,0.0,0.0,0.0,0.0,0.0,85.0
421010110002,24.0,22.0,27.0,0.0,0.0,0.0,116.0
421010110003,98.0,0.0,0.0,0.0,0.0,0.0,178.0
421010110001,25.0,35.0,0.0,0.0,0.0,0.0,0.0
421010112004,0.0,0.0,0.0,0.0,0.0,0.0,28.0
421010112003,34.0,0.0,0.0,0.0,0.0,0.0,32.0
421010112007,31.0,0.0,0.0,0.0,0.0,0.0,65.0
421010112002,0.0,0.0,0.0,0.0,0.0,0.0,63.0
421010112005,0.0,0.0,0.0,0.0,0.0,0.0,93.0
421010112001,0.0,0.0,0.0,0.0,0.0,0.0,99.0
421010112006,0.0,0.0,0.0,0.0,0.0,0.0,64.0
421010041021,31.0,32.0,73.0,0.0,0.0,0.0,101.0
421010041023,0.0,0.0,0.0,0.0,0.0,0.0,0.0
421010041022,0.0,31.0,32.0,0.0,0.0,0.0,0.0
421010041024,0.0,0.0,29.0,0.0,0.0,0.0,59.0
421010014003,34.0,0.0,0.0,33.0,33.0,0.0,34.0
421010363021,34.0,0.0,0.0,0.0,0.0,0.0,0.0
421010363022,29.0,38.0,20.0,0.0,0.0,0.0,31.0
421010063002,0.0,0.0,0.0,0.0,0.0,0.0,146.0
421010142001,32.0,0.0,0.0,0.0,0.0,0.0,0.0
421010142002,57.0,0.0,0.0,33.0,14.0,0.0,32.0
421010037012,0.0,35.0,0.0,0.0,0.0,0.0,37.0
421010037011,0.0,35.0,0.0,34.0,0.0,0.0,158.0
421010037014,0.0,0.0,0.0,0.0,0.0,0.0,37.0
421010037015,0.0,0.0,0.0,0.0,0.0,0.0,65.0
421010037013,22.0,0.0,0.0,35.0,0.0,0.0,185.0
421010287001,0.0,10.0,0.0,0.0,0.0,0.0,34.0
421010287002,0.0,0.0,0.0,0.0,0.0,0.0,35.0
421010291004,18.0,0.0,0.0,0.0,15.0,0.0,9.0
421010291001,36.0,0.0,0.0,0.0,0.0,0.0,0.0
421010291003,0.0,0.0,0.0,0.0,0.0,0.0,9.0
421010291002,19.0,0.0,0.0,0.0,0.0,0.0,22.0
421010135002,24.0,0.0,0.0,0.0,0.0,0.0,0.0
421010135004,43.0,0.0,17.0,0.0,0.0,0.0,0.0
421010135001,24.0,0.0,0.0,0.0,0.0,0.0,22.0
421010135003,0.0,0.0,0.0,24.0,0.0,0.0,0.0
421010143002,0.0,25.0,5.0,21.0,0.0,0.0,20.0
421010143001,0.0,0.0,0.0,0.0,14.0,0.0,45.0
421010146001,12.0,11.0,0.0,0.0,0.0,0.0,13.0
421010146003,13.0,0.0,0.0,0.0,0.0,0.0,0.0
421010146002,0.0,0.0,0.0,0.0,0.0,0.0,12.0
421010149003,26.0,0.0,0.0,0.0,0.0,0.0,110.0
421010148001,38.0,0.0,0.0,0.0,0.0,0.0,46.0
421010149005,0.0,0.0,9.0,0.0,0.0,0.0,0.0
421010149006,0.0,0.0,0.0,0.0,0.0,0.0,56.0
421010149002,0.0,26.0,0.0,0.0,0.0,0.0,54.0
421010149004,0.0,0.0,0.0,0.0,0.0,0.0,159.0
421010191004,0.0,0.0,44.0,0.0,0.0,0.0,0.0
421010284004,0.0,0.0,0.0,0.0,0.0,0.0,73.0
421010191006,0.0,0.0,0.0,0.0,0.0,0.0,43.0
421010191003,0.0,0.0,0.0,0.0,0.0,0.0,24.0
421010191005,0.0,0.0,0.0,0.0,0.0,0.0,37.0
421010192006,0.0,0.0,0.0,0.0,0.0,0.0,29.0
421010192005,0.0,0.0,0.0,0.0,0.0,0.0,87.0
421010192004,28.0,0.0,29.0,29.0,0.0,0.0,171.0
421010192003,0.0,0.0,0.0,0.0,0.0,0.0,56.0
421010192001,0.0,0.0,0.0,0.0,0.0,0.0,29.0
421010192002,0.0,0.0,0.0,0.0,28.0,0.0,57.0
421010017001,26.0,0.0,0.0,25.0,0.0,0.0,0.0
421010017002,25.0,0.0,0.0,25.0,0.0,0.0,0.0
421010025002,0.0,0.0,0.0,0.0,0.0,0.0,32.0
421010025004,40.0,18.0,0.0,0.0,0.0,0.0,0.0
421010025003,0.0,0.0,0.0,0.0,8.0,0.0,40.0
421010268001,16.0,14.0,0.0,0.0,0.0,0.0,15.0
421010268002,0.0,15.0,0.0,0.0,0.0,0.0,60.0
421010268004,0.0,0.0,0.0,0.0,20.0,0.0,46.0
